lake_id,country,region,lake_name,dam_type,mechanism,latitude,longitude,outburst_date,outburst_year,reported_lake_volume_m3,reported_peak_discharge_m3s,surface_area_m2,elevation_m
GLOF-Andes-1,Peru,Andes,Rajururi,moraine,breach,-9.06277799999999,-77.681111,1725-01-06,1725.0,,,,4064.0
GLOF-Andes-2,Argentina,Andes,,ice,,-33.1199999999999,-69.98,1788-01-02,1788.0,,,,3743.0
GLOF-Andes-3,Chile,Andes,,ice,,-34.3699999999999,-70.08,1847-12-31,1847.0,,150.0,,2635.0
GLOF-Andes-4,Chile,Andes,Lago Arco,ice,subglacial,-47.28773,-73.256578,,,,,,238.0
GLOF-Andes-5,Peru,Andes,Rajucolta,moraine,breach,-9.523094,-77.342892,1883-06-24,1883.0,,,,4268.0
GLOF-Andes-6,Chile,Andes,Lago Arco,ice,subglacial,-47.28773,-73.256578,,,,,,238.0
GLOF-Andes-7,Argentina,Andes,,ice,,-33.1199999999999,-69.98,,,,2000.0,,3743.0
GLOF-Andes-8,Argentina,Andes,,moraine,,-49.2629999999999,-72.968,1913-12-16,1913.0,,,,639.0
GLOF-Andes-9,Chile,Andes,Lago Arco,ice,subglacial,-47.28773,-73.256578,,,,,,238.0
GLOF-Andes-10,Argentina,Andes,Lago Argentino,ice,tunneling and collapse,-50.5,-72.98,,,,,,179.0
GLOF-Andes-11,Chile,Andes,Lago Arco,ice,subglacial,-47.28773,-73.256578,,,,,,238.0
GLOF-Andes-12,Chile,Andes,Lago Arco,ice,subglacial,-47.28773,-73.256578,,,,,,238.0
GLOF-Andes-13,Chile,Andes,Lago Arco,ice,subglacial,-47.28773,-73.256578,,,,,,238.0
GLOF-Andes-14,Chile,Andes,Lago Arco,ice,subglacial,-47.28773,-73.256578,,,,,,238.0
GLOF-Andes-15,Chile,Andes,Lago Arco,ice,subglacial,-47.28773,-73.256578,,,,,,238.0
GLOF-Andes-16,Chile,Andes,Lago Arco,ice,subglacial,-47.28773,-73.256578,,,,,,238.0
GLOF-Andes-17,Argentina,Andes,,ice,,-33.1199999999999,-69.98,,,,1000.0,,3743.0
GLOF-Andes-18,Chile,Andes,Lago Arco,ice,subglacial,-47.28773,-73.256578,,,,,,238.0
GLOF-Andes-19,Chile,Andes,Lago Arco,ice,subglacial,-47.28773,-73.256578,,,,,,238.0
GLOF-Andes-20,Chile,Andes,Lago Arco,ice,subglacial,-47.28773,-73.256578,,,,,,238.0
GLOF-Andes-21,Chile,Andes,Lago Arco,ice,subglacial,-47.28773,-73.256578,,,,,,238.0
GLOF-Andes-22,Chile,Andes,Lago Greve,ice,,-49.03,-73.9599999999999,,,,,,149.0
GLOF-Andes-23,Chile,Andes,Lago Arco,ice,subglacial,-47.28773,-73.256578,,,,,,238.0
GLOF-Andes-24,Chile,Andes,Lago Arco,ice,subglacial,-47.28773,-73.256578,,,,,,238.0
GLOF-Andes-25,Chile,Andes,Lago Arco,ice,subglacial,-47.28773,-73.256578,,,,,,238.0
GLOF-Andes-26,Peru,Andes,Solteracocha,moraine,breach,-10.2333,-76.9379,1932-03-14,1932.0,,,,4112.0
GLOF-Andes-27,Chile,Andes,Lago Arco,ice,subglacial,-47.28773,-73.256578,,,,,,238.0
GLOF-Andes-28,Chile,Andes,Lago Arco,ice,subglacial,-47.28773,-73.256578,,,,,,238.0
GLOF-Andes-29,Argentina,Andes,,ice,,-33.1199999999999,-69.98,1934-01-11,1934.0,,2700.0,,3743.0
GLOF-Andes-30,Argentina,Andes,,ice,,-33.1199999999999,-69.98,1934-01-16,1934.0,,1350.0,,3743.0
GLOF-Andes-31,Chile,Andes,Lago Arco,ice,subglacial,-47.28773,-73.256578,,,,,,238.0
GLOF-Andes-32,Chile,Andes,Lago Arco,ice,subglacial,-47.28773,-73.256578,,,,,,238.0
GLOF-Andes-33,Argentina,Andes,Lago Argentino,ice,tunneling and collapse,-50.5,-72.98,,,,,,179.0
GLOF-Andes-34,Chile,Andes,Lago Arco,ice,subglacial,-47.28773,-73.256578,,,,,,238.0
GLOF-Andes-35,Chile,Andes,Lago Arco,ice,subglacial,-47.28773,-73.256578,,,,,,238.0
GLOF-Andes-36,Peru,Andes,Artesa,moraine,breach,-9.113889,-77.515556,1938-01-20,1938.0,,,,4316.0
GLOF-Andes-37,Chile,Andes,Lago Arco,ice,subglacial,-47.28773,-73.256578,,,,,,238.0
GLOF-Andes-38,Peru,Andes,Unnamed (Q. Ulta),moraine,breach,-9.122778,-77.5125,,,,,,4557.0
GLOF-Andes-39,Chile,Andes,Lago Arco,ice,subglacial,-47.28773,-73.256578,,,,,,238.0
GLOF-Andes-40,Argentina,Andes,Lago Argentino,ice,tunneling and collapse,-50.5,-72.98,,,,,,179.0
GLOF-Andes-41,Chile,Andes,Lago Arco,ice,subglacial,-47.28773,-73.256578,,,,,,238.0
GLOF-Andes-42,Peru,Andes,Rurigallay,moraine,breach,-10.3171,-76.9063,1941-04-20,1941.0,,,,4427.0
GLOF-Andes-43,Peru,Andes,Palcacocha,moraine,breach,-9.394384,-77.377996,1941-12-13,1941.0,,,,4550.0
GLOF-Andes-44,Peru,Andes,,moraine,,-13.22302644,-72.07684115,,,,,,4491.0
GLOF-Andes-45,Chile,Andes,Lago Arco,ice,subglacial,-47.28773,-73.256578,,,,,,238.0
GLOF-Andes-46,Argentina,Andes,Lago Argentino,ice,tunneling and collapse,-50.5,-72.98,,,,,,179.0
GLOF-Andes-47,Argentina,Andes,,moraine,,-41.1333333333332,-71.8,,,,,,838.0
GLOF-Andes-48,Chile,Andes,Lago Arco,ice,subglacial,-47.28773,-73.256578,,,,,,238.0
GLOF-Andes-49,Chile,Andes,Lago Arco,ice,subglacial,-47.28773,-73.256578,,,,,,238.0
GLOF-Andes-50,Chile,Andes,Bergues Lake,moraine,,-48.323889,-73.280522,,,,,,29.0
GLOF-Andes-51,Chile,Andes,Lago Arco,ice,subglacial,-47.28773,-73.256578,,,,,,238.0
GLOF-Andes-52,Peru,Andes,Chacrucocha,moraine,breach,-8.990833,-77.645278,,,,,,4355.0
GLOF-Andes-53,Peru,Andes,Ayhuinyaraju,moraine,breach,-9.514722,-77.286389,1945-01-17,1945.0,,,,4649.0
GLOF-Andes-54,Chile,Andes,Lago Arco,ice,subglacial,-47.28773,-73.256578,,,,,,238.0
GLOF-Andes-55,Chile,Andes,,ice,,-51.310282,-73.554068,,,,,,30.0
GLOF-Andes-56,Chile,Andes,Lago Arco,ice,subglacial,-47.28773,-73.256578,,,,,,238.0
GLOF-Andes-57,Argentina,Andes,Lago Argentino,ice,tunneling and collapse,-50.5,-72.98,,,,,,179.0
GLOF-Andes-58,Peru,Andes,,moraine,breach,-9.4931159,-77.35712889,,,,,,4254.0
GLOF-Andes-59,Peru,Andes,,moraine,breach,-9.41078674,-77.35394849,,,,,,4607.0
GLOF-Andes-60,Peru,Andes,,moraine,breach,-9.3841444,-77.29156605,,,,,,4298.0
GLOF-Andes-61,Peru,Andes,,moraine,overtopping,-8.98733321,-77.64269628,,,,,,4412.0
GLOF-Andes-62,Peru,Andes,,moraine,overtopping,-8.98901815,-77.69301467,,,,,,4856.0
GLOF-Andes-63,Peru,Andes,,moraine,overtopping,-8.98091211,-77.68146479,,,,,,4945.0
GLOF-Andes-64,Peru,Andes,,moraine,breach,-9.19726316,-77.49436664,,,,,,4527.0
GLOF-Andes-65,Peru,Andes,,moraine,overtopping,-9.44667471,-77.32095358,,,,,,4513.0
GLOF-Andes-66,Peru,Andes,,moraine,breach,-9.48338028,-77.30149437,,,,,,4415.0
GLOF-Andes-67,Peru,Andes,Pag Pag,moraine,breach,-9.067778,-77.5555559999999,,,,,,4394.0
GLOF-Andes-68,Peru,Andes,Yanapaccha,moraine,overtopping,-9.02999999999999,-77.5936109999999,,,,,,4359.0
GLOF-Andes-69,Peru,Andes,Champar,moraine,breach,-8.673709,-77.793953,,,,,,4634.0
GLOF-Andes-70,Peru,Andes,,moraine,,-8.8424808,-77.71579174,,,,,,4569.0
GLOF-Andes-71,Chile,Andes,Lago Arco,ice,subglacial,-47.28773,-73.256578,,,,,,238.0
GLOF-Andes-72,Chile,Andes,Lago Arco,ice,subglacial,-47.28773,-73.256578,,,,,,238.0
GLOF-Andes-73,Argentina,Andes,Lago Argentino,ice,tunneling and collapse,-50.5,-72.98,,,,,,179.0
GLOF-Andes-74,Peru,Andes,Juraucocha,moraine,breach,-10.3358,-76.8967,,,,,,4355.0
GLOF-Andes-75,Peru,Andes,Sarapococha,moraine,breach,-10.3122,-76.9134,,,,,,4481.0
GLOF-Andes-76,Chile,Andes,Lago Arco,ice,subglacial,-47.28773,-73.256578,,,,,,238.0
GLOF-Andes-77,Peru,Andes,Jancarurish,moraine,breach,-8.85777799999999,-77.673333,1950-10-20,1950.0,,,,4279.0
GLOF-Andes-78,Peru,Andes,Unnamed (Q. Santa Cruz),moraine,overtopping,-8.93861099999999,-77.646111,,,,,,4501.0
GLOF-Andes-79,Chile,Andes,Lago Arco,ice,subglacial,-47.28773,-73.256578,,,,,,238.0
GLOF-Andes-80,Peru,Andes,Artesoncocha,moraine,breach,-8.97527799999999,-77.6441669999999,1951-07-06,1951.0,,,,4276.0
GLOF-Andes-81,Peru,Andes,Artesoncocha,moraine,breach,-8.97527799999999,-77.6441669999999,1951-10-28,1951.0,,,,4276.0
GLOF-Andes-82,Chile,Andes,Lago Arco,ice,subglacial,-47.28773,-73.256578,,,,,,238.0
GLOF-Andes-83,Argentina,Andes,Lago Argentino,ice,tunneling and collapse,-50.5,-72.98,,,,,,179.0
GLOF-Andes-84,Argentina,Andes,,moraine,breach,-42.426498,-72.001348,,,,,,1030.0
GLOF-Andes-85,Peru,Andes,Milluacocha,moraine,breach,-9.363814,-77.412339,1952-11-06,1952.0,,,,4577.0
GLOF-Andes-86,Argentina,Andes,Lago Argentino,ice,tunneling and collapse,-50.5,-72.98,,,,12000.0,,179.0
GLOF-Andes-87,Chile,Andes,Lago Arco,ice,subglacial,-47.28773,-73.256578,1953-01-25,1953.0,,,,238.0
GLOF-Andes-88,Peru,Andes,Tullparaju,moraine,breach,-9.42166699999999,-77.344722,,,,,,4276.0
GLOF-Andes-89,Chile,Andes,,ice,,-33.17,-70.12,1954-02-26,1954.0,,400.0,,2904.0
GLOF-Andes-90,Chile,Andes,,ice,,-34.3699999999999,-70.08,,,,,,2635.0
GLOF-Andes-91,Chile,Andes,,moraine,,-46.2333333333332,-72.8666666666667,1955-07-16,1955.0,,,,959.0
GLOF-Andes-92,Chile,Andes,Lago Arco,ice,subglacial,-47.28773,-73.256578,1955-12-29,1955.0,,,,238.0
GLOF-Andes-93,Argentina,Andes,Lago Argentino,ice,tunneling and collapse,-50.5,-72.98,,,,20000.0,,179.0
GLOF-Andes-94,Chile,Andes,Lago Arco,ice,subglacial,-47.28773,-73.256578,1956-12-31,1956.0,,,,238.0
GLOF-Andes-95,Chile,Andes,Lago Arco,ice,subglacial,-47.28773,-73.256578,,,,,,238.0
GLOF-Andes-96,Chile,Andes,Lago Arco,ice,subglacial,-47.28773,-73.256578,1958-01-07,1958.0,,,,238.0
GLOF-Andes-97,Argentina,Andes,Lago Argentino,ice,tunneling and collapse,-50.5,-72.98,,,,,,179.0
GLOF-Andes-98,Peru,Andes,,moraine,breach,-9.75449409,-77.22820071,,,,,,4633.0
GLOF-Andes-99,Peru,Andes,Unnamed (Q. Alpamayo),moraine,overtopping,-8.881389,-77.6933329999999,,,,,,4854.0
GLOF-Andes-100,Chile,Andes,Lago Arco,ice,subglacial,-47.28773,-73.256578,,,,,,238.0
GLOF-Andes-101,Argentina,Andes,Lago Argentino,ice,tunneling and collapse,-50.5,-72.98,,,,,,179.0
GLOF-Andes-102,Chile,Andes,Lago Arco,ice,subglacial,-47.28773,-73.256578,1964-01-11,1964.0,,,,238.0
GLOF-Andes-103,Chile,Andes,Lago Arco,ice,subglacial,-47.28773,-73.256578,1965-03-04,1965.0,,,,238.0
GLOF-Andes-104,Peru,Andes,Tumarina,moraine,breach,-9.49444399999999,-77.295833,1965-12-19,1965.0,,,,4514.0
GLOF-Andes-105,Argentina,Andes,Lago Argentino,ice,tunneling and collapse,-50.5,-72.98,,,,15000.0,,179.0
GLOF-Andes-106,Chile,Andes,Lago Arco,ice,subglacial,-47.28773,-73.256578,1966-03-03,1966.0,,,,238.0
GLOF-Andes-107,Chile,Andes,Lago Arco,ice,subglacial,-47.28773,-73.256578,1967-01-07,1967.0,,,,238.0
GLOF-Andes-108,Peru,Andes,,moraine,breach,-9.46051736,-77.33148113,,,,,,4724.0
GLOF-Andes-109,Argentina,Andes,Lago Argentino,ice,tunneling and collapse,-50.5,-72.98,,,,,,179.0
GLOF-Andes-110,Peru,Andes,Safuna Alta,moraine,piping,-8.84249999999999,-77.618611,1970-05-31,1970.0,,,,4322.0
GLOF-Andes-111,Peru,Andes,Libr n,bedrock,overtopping,-9.20659,-77.4907199999999,1970-05-31,1970.0,,,,4399.0
GLOF-Andes-112,Peru,Andes,Unnamed (Q. Huichganga),moraine,overtopping,-9.21944399999999,-77.502778,1970-05-31,1970.0,,,,4452.0
GLOF-Andes-113,Peru,Andes,Yanaraju,moraine,overtopping,-9.13388899999999,-77.4836109999999,1970-05-31,1970.0,,,,4122.0
GLOF-Andes-114,Peru,Andes,Cancarac,moraine,overtopping,-9.141944,-77.5055559999999,1970-05-31,1970.0,,,,4630.0
GLOF-Andes-115,Peru,Andes,,moraine,,-9.20023784,-77.49923847,1970-05-31,1970.0,,,,4557.0
GLOF-Andes-116,Argentina,Andes,Lago Argentino,ice,tunneling and collapse,-50.5,-72.98,,,,,,179.0
GLOF-Andes-117,Chile,Andes,Hudson Volcano Caldera Lake,ice volc,,-45.90041,-72.92046,,,,,,1683.0
GLOF-Andes-118,Argentina,Andes,Lago Argentino,ice,tunneling and collapse,-50.5,-72.98,,,,,,179.0
GLOF-Andes-119,Peru,Andes,W085,moraine/bedrock,overtopping,-10.2968,-76.9415,,,,,,4863.0
GLOF-Andes-120,Argentina,Andes,Lago Argentino,ice,tunneling and collapse,-50.5,-72.98,,,,,,179.0
GLOF-Andes-121,Chile,Andes,Enga o Lake,moraine,,-46.447497,-72.968102,1977-03-11,1977.0,,10000.0,,690.0
GLOF-Andes-122,Argentina,Andes,Lago Argentino,ice,tunneling and collapse,-50.5,-72.98,,,,,,179.0
GLOF-Andes-123,Chile,Andes,,ice,,-34.3699999999999,-70.08,1981-01-17,1981.0,,,,2635.0
GLOF-Andes-124,Peru,Andes,Sarapococha,moraine,breach/overtopping,-10.31229598,-76.91354596,1981-03-15,1981.0,,,,4481.0
GLOF-Andes-125,Chile,Andes,Lago Dickson,ice,paine,-50.73,-73.0999999999999,1982-01-18,1982.0,,360.0,,282.0
GLOF-Andes-126,Peru,Andes,Milluacocha,moraine,overtopping,-9.363814,-77.412339,1982-08-31,1982.0,,,,4577.0
GLOF-Andes-127,Argentina,Andes,Lago Dickson,ice,paine,-50.73,-73.0999999999999,1983-02-26,1983.0,,340.0,,282.0
GLOF-Andes-128,Argentina,Andes,Lago Dickson,ice,paine,-50.73,-73.0999999999999,1983-12-16,1983.0,,330.0,,282.0
GLOF-Andes-129,Argentina,Andes,Lago Argentino,ice,tunneling and collapse,-50.5,-72.98,,,,,,179.0
GLOF-Andes-130,Bolivia,Andes,,ice/moraine,overtopping,-15.94220587,-68.38853696,,,,,,4820.0
GLOF-Andes-131,Bolivia,Andes,,combined,,-15.00775384,-69.07435727,,,,,,4882.0
GLOF-Andes-132,Bolivia,Andes,,moraine,breach,-15.00341703,-68.98354155,,,,,,4692.0
GLOF-Andes-133,Bolivia,Andes,,bedrock,overtopping,-14.91398631,-69.12798988,,,,,,4897.0
GLOF-Andes-134,Bolivia,Andes,,moraine,breach,-14.78918697,-69.16233242,,,,,,4720.0
GLOF-Andes-135,Peru,Andes,,moraine,breach,-13.32931486,-72.58707009,,,,,,4218.0
GLOF-Andes-136,Peru,Andes,,moraine,overtopping,-13.37955277,-72.5848202,,,,,,4251.0
GLOF-Andes-137,Peru,Andes,,moraine,breach,-9.97958117,-77.25096555,,,,,,4614.0
GLOF-Andes-138,Peru,Andes,,moraine,breach,-11.9799029,-76.04308516,,,,,,4554.0
GLOF-Andes-139,Peru,Andes,,moraine,breach,-11.92269213,-75.06008543,,,,,,4644.0
GLOF-Andes-140,Peru,Andes,,moraine,breach,-13.20579257,-72.81931363,,,,,,4379.0
GLOF-Andes-141,Peru,Andes,,moraine,breach,-14.6306681,-69.24850355,,,,,,4847.0
GLOF-Andes-142,Peru,Andes,,bedrock,overtopping,-13.19998251,-71.9703049,,,,,,4729.0
GLOF-Andes-143,Peru,Andes,,moraine,breach,-11.92164758,-76.03174928,,,,,,4757.0
GLOF-Andes-144,Peru,Andes,W023,bedrock,overtopping,-10.3646,-76.8742,,,,,,4757.0
GLOF-Andes-145,Peru,Andes,W030,moraine,breach,-10.203,-76.9168,,,,,,4566.0
GLOF-Andes-146,Peru,Andes,,moraine,breach,-11.4019148,-76.41182204,,,,,,4659.0
GLOF-Andes-147,Chile,Andes,,moraine,breach,-49.816333,-73.900652,,,,,,290.0
GLOF-Andes-148,Chile,Andes,Estero El Pedregoso,moraine,,-46.4666666666666,-72.4166666666667,,,,,,904.0
GLOF-Andes-149,Chile,Andes,Monte Erasmo,moraine,,-46.1166666666667,-73.2333333333333,,,,,,727.0
GLOF-Andes-150,Argentina,Andes,,ice,,-33.1199999999999,-69.98,1985-02-14,1985.0,,284.0,,3743.0
GLOF-Andes-151,Argentina,Andes,,ice,,-33.1199999999999,-69.98,1985-02-22,1985.0,,277.0,,3743.0
GLOF-Andes-152,Argentina,Andes,,ice,,-33.1199999999999,-69.98,1985-03-13,1985.0,,184.0,,3743.0
GLOF-Andes-153,Peru,Andes,,moraine,breach,-12.64374678,-75.46500383,,,,,,4781.0
GLOF-Andes-154,Peru,Andes,,moraine,,-8.85595156,-77.64378873,,,,,,4714.0
GLOF-Andes-155,Peru,Andes,,moraine,breach,-9.93816,-77.24574832,,,,,,4861.0
GLOF-Andes-156,Peru,Andes,Caramarca,moraine,overtopping,-10.2934,-76.9287,,,,,,4572.0
GLOF-Andes-157,Chile,Andes,,moraine,breach,-46.53,-72.84,,,,,,1017.0
GLOF-Andes-158,Chile,Andes,,moraine,,-46.515376,-72.416253,,,,,,1356.0
GLOF-Andes-159,Chile,Andes,,moraine,breach,-44.441195,-72.394581,,,,,,696.0
GLOF-Andes-160,Argentina,Andes,,moraine,breach,-42.42,-71.92,,,,,,1586.0
GLOF-Andes-161,Chile,Andes,,moraine,breach,-46.43,-72.52,,,,,,994.0
GLOF-Andes-162,Chile,Andes,,moraine,breach,-46.077957,-72.410492,,,,,,1318.0
GLOF-Andes-163,Chile,Andes,,moraine,breach,-43.95339,-72.110996,,,,,,884.0
GLOF-Andes-164,Chile,Andes,,subglacial,breach (?) violent failure of one of the subglacial lake walls,-28.54962,-69.73582,1985-05-14,1985.0,,,,4862.0
GLOF-Andes-165,Chile,Andes,,supraglacial,,-46.7,-73.83,1985-12-16,1985.0,3200.0,,7011.322580506608,241.0
GLOF-Andes-166,Argentina,Andes,,moraine,breach,-49.41,-73.01,,,,,,940.0
GLOF-Andes-167,Argentina,Andes,,moraine,breach,-36.85,-70.45,,,,,,2859.0
GLOF-Andes-168,Peru,Andes,,bedrock,overtopping,-12.99892265,-72.22499213,,,,,,4648.0
GLOF-Andes-169,Chile,Andes,,moraine,breach,-50.94645,-72.960377,,,,,,854.0
GLOF-Andes-170,Argentina,Andes,,moraine,breach,-49.813896,-73.089037,,,,,,671.0
GLOF-Andes-171,Chile,Andes,Estero Las Lenguas,moraine,,-47.717038,-72.885532,,,,,,644.0
GLOF-Andes-172,Chile,Andes,R o Viviano,moraine,,-46.7333333333332,-72.3166666666667,,,,,,1591.0
GLOF-Andes-173,Chile,Andes,Gl. Steffen NW Lake,ice,,-47.38,-73.8,,,,,,1025.0
GLOF-Andes-174,Chile,Andes,,moraine,breach,-47.496908,-73.418756,,,,,,524.0
GLOF-Andes-175,Peru,Andes,Unnamed (Q. Cancarac grande),moraine,breach,-9.166111,-77.5122219999999,,,,,,4445.0
GLOF-Andes-176,Argentina,Andes,Lago Argentino,ice,tunneling and collapse,-50.5,-72.98,,,,,,179.0
GLOF-Andes-177,Chile,Andes,Cerro Largo,moraine,,-46.9615999999999,-73.2634999999999,1989-03-16,1989.0,,20000.0,,440.0
GLOF-Andes-178,Peru,Andes,,combined,overtopping,-13.23561204,-72.87785325,,,,,,4625.0
GLOF-Andes-179,Peru,Andes,,moraine,,-9.84486952,-77.22141345,,,,,,4844.0
GLOF-Andes-180,Peru,Andes,,moraine,breach,-9.8173936,-77.21517113,,,,,,4642.0
GLOF-Andes-181,Peru,Andes,,moraine,breach,-11.90230522,-75.06901377,,,,,,4638.0
GLOF-Andes-182,Peru,Andes,Unnamed (Q. Cancarac grande),moraine,breach,-9.166111,-77.5122219999999,,,,,,4445.0
GLOF-Andes-183,Peru,Andes,,combined,overtopping,-9.21272178,-77.55050685,,,,,,4423.0
GLOF-Andes-184,Peru,Andes,,combined,,-13.72976661,-70.68983867,,,,,,4807.0
GLOF-Andes-185,Peru,Andes,,combined,overtopping,-13.25436837,-72.93726855,,,,,,4543.0
GLOF-Andes-186,Peru,Andes,,bedrock,overtopping,-11.3532693,-76.32334956,,,,,,4908.0
GLOF-Andes-187,Peru,Andes,Pacliashcocha,moraine,overtopping,-9.337778,-77.368333,,,,,,4557.0
GLOF-Andes-188,Peru,Andes,Unnamed (Q. Artizon),moraine,breach,-8.932778,-77.614444,1997-05-20,1997.0,,,,4483.0
GLOF-Andes-189,Peru,Andes,,bedrock,overtopping,-13.31796825,-72.53117114,1998-02-27,1998.0,,,,4513.0
GLOF-Andes-190,Peru,Andes,,combined,overtopping,-8.6966788,-77.79205703,,,,,,4621.0
GLOF-Andes-191,Chile,Andes,ltima Esperanza,moraine,,-51.3833333333332,-73.0166666666666,,,,,,1170.0
GLOF-Andes-192,Peru,Andes,Gangrajanca,moraine,breach,-10.2665,-76.8767,,,,,,4211.0
GLOF-Andes-193,Argentina,Andes,Laguna Viedma,ice,,-49.552835,-73.081398,1999-03-05,1999.0,,,,378.0
GLOF-Andes-194,Peru,Andes,,moraine,breach,-13.70118489,-71.18298249,1999-06-30,1999.0,,,,4686.0
GLOF-Andes-195,Peru,Andes,,bedrock,overtopping,-9.92391315,-77.22788482,,,,,,5000.0
GLOF-Andes-196,Chile,Andes,Lago Calafate,moraine,breach,-46.738581,-73.037388,,,,,,547.0
GLOF-Andes-197,Peru,Andes,,moraine,overtopping,-13.22609856,-73.04725535,,,,,,3987.0
GLOF-Andes-198,Bolivia,Andes,,moraine,overtopping,-15.9590662,-68.42900598,,,,,,5020.0
GLOF-Andes-199,Chile,Andes,Lago Calafate,moraine,breach,-46.738581,-73.037388,,,,,,547.0
GLOF-Andes-200,Chile,Andes,Estero El Blanco,moraine,,-46.2333333333332,-72.8666666666667,,,,,,959.0
GLOF-Andes-201,Chile,Andes,R o Lacaya,moraine,,-42.297723,-72.153654,,,,,,1490.0
GLOF-Andes-202,Argentina,Andes,,moraine,breach,-42.3,-72.11,,,,,,1224.0
GLOF-Andes-203,Chile,Andes,,moraine,breach,-46.618627,-73.032711,,,,,,1095.0
GLOF-Andes-204,Chile,Andes,,moraine,breach,-46.53,-72.43,,,,,,1298.0
GLOF-Andes-205,Chile,Andes,,moraine,breach,-46.53,-72.43,,,,,,1298.0
GLOF-Andes-206,Peru,Andes,,moraine,breach,-9.16608327,-77.51224393,2001-11-18,2001.0,,,,4445.0
GLOF-Andes-207,Chile,Andes,,moraine,breach,-45.92208,-72.558775,,,,,,1239.0
GLOF-Andes-208,Argentina,Andes,Seno Mayo,moraine,,-50.2833333333333,-73.3,,,,,,1220.0
GLOF-Andes-209,Argentina,Andes,,moraine,breach,-49.704583,-73.108563,,,,,,334.0
GLOF-Andes-210,Argentina,Andes,,moraine,breach,-49.74,-73.09,,,,,,1028.0
GLOF-Andes-211,Chile,Andes,,ice,,-46.73,-72.3,,,,,,1338.0
GLOF-Andes-212,Chile,Andes,,ice,,-46.73,-72.3,,,,,,1338.0
GLOF-Andes-213,Peru,Andes,Safuna Alta,moraine,overtopping,-8.84249999999999,-77.618611,2002-04-22,2002.0,,,,4322.0
GLOF-Andes-214,Chile,Andes,,moraine,,-50.8789,-73.2116999999999,,,,,,580.0
GLOF-Andes-215,Peru,Andes,Palcacocha,moraine,overtopping,-9.394384,-77.377996,2003-03-19,2003.0,,,,4550.0
GLOF-Andes-216,Bolivia,Andes,,moraine,overtopping,-16.64115553,-67.81721474,,,,,,4814.0
GLOF-Andes-217,Peru,Andes,,combined,overtopping,-9.09562839,-77.54465292,,,,,,4612.0
GLOF-Andes-218,Peru,Andes,,bedrock,overtopping,-13.31149421,-72.8082943,,,,,,4685.0
GLOF-Andes-219,Peru,Andes,Ishinca valley,bedrock,overtopping,-9.38474199999999,-77.4014389999999,,,,,,5143.0
GLOF-Andes-220,Argentina,Andes,Lago Argentino,ice,tunneling and collapse,-50.5,-72.98,2004-03-11,2004.0,,5000.0,,179.0
GLOF-Andes-221,Peru,Andes,,combined,overtopping,-14.62347456,-69.24546709,,,,,,4858.0
GLOF-Andes-222,Chile,Andes,Pen nsula de las Monta as,moraine,,-51.9166666666667,-73.3166666666667,,,,,,326.0
GLOF-Andes-223,Peru,Andes,,bedrock,overtopping,-9.38474213,-77.40143939,,,,,,5143.0
GLOF-Andes-224,Bolivia,Andes,,ice,opening of subglacial tunel,-16.95343986,-67.34999072,,,,,,5073.0
GLOF-Andes-225,Bolivia,Andes,,bedrock,overtopping,-14.9309073,-69.11487808,,,,,,4995.0
GLOF-Andes-226,Peru,Andes,,moraine,overtopping,-13.18237293,-72.33066854,,,,,,4245.0
GLOF-Andes-227,Peru,Andes,,bedrock,overtopping,-13.18864869,-72.12438362,,,,,,4821.0
GLOF-Andes-228,Bolivia,Andes,,bedrock,overtopping,-14.93171255,-69.11146998,,,,,,5024.0
GLOF-Andes-229,Bolivia,Andes,,bedrock,overtopping,-15.9159005,-68.39084842,,,,,,5212.0
GLOF-Andes-230,Argentina,Andes,Lago Argentino,ice,tunneling and collapse,-50.5,-72.98,,,,5850.0,,179.0
GLOF-Andes-231,Peru,Andes,,moraine,breach,-9.92426419,-77.05124605,,,,,,4283.0
GLOF-Andes-232,Peru,Andes,,bedrock,overtopping,-13.24891441,-73.08554742,,,,,,4674.0
GLOF-Andes-233,Peru,Andes,,combined,overtopping,-13.23614971,-72.86704695,,,,,,4595.0
GLOF-Andes-234,Peru,Andes,,moraine,breach,-13.25783296,-72.77521161,,,,,,4309.0
GLOF-Andes-235,Peru,Andes,,moraine,breach,-11.88748883,-75.04614899,,,,,,4611.0
GLOF-Andes-236,Peru,Andes,,combined,overtopping,-11.89485789,-75.05195311,,,,,,4924.0
GLOF-Andes-237,Peru,Andes,,bedrock,overtopping,-13.93587768,-70.8600042,,,,,,5121.0
GLOF-Andes-238,Chile,Andes,,ice,,-48.682404,-73.927946,,,,,,66.0
GLOF-Andes-239,Peru,Andes,,moraine,breach,-13.23338628,-71.9760528,,,,,,4424.0
GLOF-Andes-240,Peru,Andes,,bedrock,overtopping,-13.28181774,-72.85962284,,,,,,4663.0
GLOF-Andes-241,Chile,Andes,,ice,,-52.721712,-73.104358,,,,,,80.0
GLOF-Andes-242,Chile,Andes,,ice,,-54.823635,-69.352956,,,,,,71.0
GLOF-Andes-243,Chile,Andes,Lago Cachet,ice,englacial and subglacial,-47.179562,-73.260612,2008-04-06,2008.0,,2368.54,,409.0
GLOF-Andes-244,Peru,Andes,,moraine,breach,-13.21320342,-72.00969207,,,,,,4544.0
GLOF-Andes-245,Peru,Andes,,moraine,breach,-13.21954595,-71.97337166,,,,,,4713.0
GLOF-Andes-246,Argentina,Andes,Lago Argentino,ice,tunneling and collapse,-50.5,-72.98,,,,8000.0,,179.0
GLOF-Andes-247,Peru,Andes,,bedrock,overtopping,-13.24424422,-72.91866196,,,,,,4822.0
GLOF-Andes-248,Chile,Andes,Lago Cachet,ice,englacial and subglacial,-47.179562,-73.260612,2008-10-07,2008.0,,2496.19,,409.0
GLOF-Andes-249,Chile,Andes,Lago Cachet,ice,englacial and subglacial,-47.179562,-73.260612,2008-12-21,2008.0,,2008.82,,409.0
GLOF-Andes-250,Chile,Andes,,moraine,breach,-35.97,-70.81,,,,,,2620.0
GLOF-Andes-251,Chile,Andes,Lago Cachet,ice,englacial and subglacial,-47.179562,-73.260612,2009-03-04,2009.0,,2370.0,,409.0
GLOF-Andes-252,Argentina,Andes,Ventisquero Negro Lake,moraine,breach,-41.206,-71.831,2009-05-21,2009.0,10000000.0,4100.0,3589103.7458113753,962.0
GLOF-Andes-253,Peru,Andes,,moraine,breach,-11.73864124,-74.9345344,,,,,,4080.0
GLOF-Andes-254,Peru,Andes,,bedrock,overtopping,-11.67808214,-75.21597924,,,,,,4837.0
GLOF-Andes-255,Peru,Andes,,bedrock,overtopping,-13.24436045,-72.91622963,,,,,,4882.0
GLOF-Andes-256,Chile,Andes,Lago Cachet,ice,englacial and subglacial,-47.179562,-73.260612,2009-09-16,2009.0,,2454.63,,409.0
GLOF-Andes-257,Bolivia,Andes,,ice,breach,-14.6782,-69.1675,2009-11-03,2009.0,261000.0,609.0,212606.01763578443,4834.0
GLOF-Andes-258,Bolivia,Andes,,combined,overtopping,-14.6860914,-69.13120255,2009-11-03,2009.0,,,,4303.0
GLOF-Andes-259,Peru,Andes,W097,moraine,overtopping,-10.3168,-76.97985,,,,,,4935.0
GLOF-Andes-260,Peru,Andes,E087,moraine,overtopping,-10.3441,-76.8635,,,,,,4815.0
GLOF-Andes-261,Peru,Andes,Laguna 513,bedrock,overtopping,-9.21272178,-77.55050685,2010-04-11,2010.0,,,,4423.0
GLOF-Andes-262,Chile,Andes,Lago Cachet,ice,englacial and subglacial,-47.179562,-73.260612,2010-01-05,2010.0,,1542.98,,409.0
GLOF-Andes-263,Peru,Andes,,bedrock/ice,overtopping,-11.86928429,-76.03154148,,,,,,5082.0
GLOF-Andes-264,Peru,Andes,,moraine,breach,-12.19834435,-75.91330648,,,,,,4728.0
GLOF-Andes-265,Bolivia,Andes,,bedrock / ice,,-16.0908825,-68.28640249,,,,,,4992.0
GLOF-Andes-266,Bolivia,Andes,,combined,breach,-16.07225159,-68.27689505,,,,,,4717.0
GLOF-Andes-267,Chile,Andes,Gl. Steffen NW Lake,ice,,-47.38,-73.8,,,,,,1025.0
GLOF-Andes-268,Peru,Andes,,moraine,breach,-11.6021302,-76.31874552,,,,,,4863.0
GLOF-Andes-269,Bolivia,Andes,,combined,overtopping,-14.98620438,-69.00100169,,,,,,4786.0
GLOF-Andes-270,Chile,Andes,Gl. Steffen NW Lake,ice,,-47.38,-73.8,,,,,,1025.0
GLOF-Andes-271,Chile,Andes,Lago Cachet,ice,englacial and subglacial,-47.179562,-73.260612,2010-10-06,2010.0,,344.5,,409.0
GLOF-Andes-272,Peru,Andes,,moraine,breach,-13.21905199,-72.07742536,2010-10-17,2010.0,,,,4668.0
GLOF-Andes-273,Peru,Andes,Jancacuta,moraine,breach,-10.2128,-76.9275,,,,,,4323.0
GLOF-Andes-274,Chile,Andes,Lago Cachet,ice,englacial and subglacial,-47.179562,-73.260612,2011-03-04,2011.0,,1523.05,,409.0
GLOF-Andes-275,Bolivia,Andes,,bedrock,overtopping,-16.98866982,-67.35538103,,,,,,5116.0
GLOF-Andes-276,Peru,Andes,,combined,breach,-9.08077398,-77.54979831,,,,,,4801.0
GLOF-Andes-277,Peru,Andes,,combined,overtopping,-9.07782704,-77.54833197,,,,,,4754.0
GLOF-Andes-278,Chile,Andes,Lago Cachet,ice,englacial and subglacial,-47.179562,-73.260612,2011-05-29,2011.0,,1737.24,,409.0
GLOF-Andes-279,Argentina,Andes,Lago Argentino,ice,tunneling and collapse,-50.5,-72.98,,,,2000.0,,179.0
GLOF-Andes-280,Argentina,Andes,,,,-49.744,-73.089,,,,,,893.0
GLOF-Andes-281,Peru,Andes,Artizon Alto,bedrock,overtopping,-8.93788826,-77.61782215,2012-02-08,2012.0,,,,4630.0
GLOF-Andes-282,Chile,Andes,Lago Cachet,ice,englacial and subglacial,-47.179562,-73.260612,2012-01-26,2012.0,,2585.86,,409.0
GLOF-Andes-283,Chile,Andes,Lago Cachet,ice,englacial and subglacial,-47.179562,-73.260612,2012-04-01,2012.0,,2431.91,,409.0
GLOF-Andes-284,Peru,Andes,,bedrock,overtopping,-13.51264277,-71.12501223,,,,,,4876.0
GLOF-Andes-285,Chile,Andes,Lago Cachet,ice,englacial and subglacial,-47.179562,-73.260612,2012-11-07,2012.0,,2384.01,,409.0
GLOF-Andes-286,Peru,Andes,,moraine,breach,-13.93368353,-70.80054891,,,,,,4981.0
GLOF-Andes-287,Peru,Andes,,moraine,breach,-13.2401825,-73.10533647,,,,,,4453.0
GLOF-Andes-288,Chile,Andes,Lago Cachet,ice,englacial and subglacial,-47.179562,-73.260612,2013-02-08,2013.0,,2082.79,,409.0
GLOF-Andes-289,Chile,Andes,Lago Cachet,ice,englacial and subglacial,-47.179562,-73.260612,2013-04-10,2013.0,,1615.3,,409.0
GLOF-Andes-290,Peru,Andes,,combined,overtopping,-13.52793313,-71.17709556,,,,,,4864.0
GLOF-Andes-291,Bolivia,Andes,,combined,overtopping,-14.76386313,-69.19929863,,,,,,5235.0
GLOF-Andes-292,Bolivia,Andes,,combined,overtopping,-14.68961666,-69.24449437,,,,,,5246.0
GLOF-Andes-293,Peru,Andes,,moraine,breach,-13.80522647,-71.19971351,,,,,,4875.0
GLOF-Andes-294,Peru,Andes,,moraine,,-13.77024417,-71.26101765,,,,,,4547.0
GLOF-Andes-295,Peru,Andes,,combined,overtopping,-13.53314229,-71.24520199,,,,,,4872.0
GLOF-Andes-296,Peru,Andes,,bedrock,overtopping,-9.38395282,-77.2961712,,,,,,4336.0
GLOF-Andes-297,Chile,Andes,Lago Cachet,ice,englacial and subglacial,-47.179562,-73.260612,2013-09-23,2013.0,,1647.59,,409.0
GLOF-Andes-298,Peru,Andes,,combined,overtopping,-9.99478503,-77.02416443,,,,,,4389.0
GLOF-Andes-299,Peru,Andes,,combined,overtopping,-14.65374238,-69.28449007,,,,,,5019.0
GLOF-Andes-300,Peru,Andes,,moraine,overtopping,-14.71654094,-69.25332512,,,,,,5019.0
GLOF-Andes-301,Peru,Andes,Chaclan,moraine,overtopping,-10.2413,-76.8885,,,,,,4493.0
GLOF-Andes-302,Chile,Andes,,unknown,,-47.44358,-73.59011,,,,,,713.0
GLOF-Andes-303,Chile,Andes,Lago Cachet,ice,englacial and subglacial,-47.179562,-73.260612,2014-02-01,2014.0,,,,409.0
GLOF-Andes-304,Peru,Andes,,combined,,-14.60011045,-69.41064584,,,,,,4840.0
GLOF-Andes-305,Peru,Andes,,combined,overtopping,-13.20449106,-72.84114293,,,,,,4529.0
GLOF-Andes-306,Peru,Andes,,moraine,overtopping,-13.38251461,-72.53922403,,,,,,4570.0
GLOF-Andes-307,Chile,Andes,Lago Cachet,ice,englacial and subglacial,-47.179562,-73.260612,2014-08-18,2014.0,,2695.61,,409.0
GLOF-Andes-308,Peru,Andes,,combined,overtopping,-13.37440259,-72.61984801,,,,,,4658.0
GLOF-Andes-309,Chile,Andes,Lago Cachet,ice,englacial and subglacial,-47.179562,-73.260612,2014-11-26,2014.0,,1876.39,,409.0
GLOF-Andes-310,Peru,Andes,,moraine,overtopping,-9.16207098,-77.54530646,,,,,,4340.0
GLOF-Andes-311,Chile,Andes,Lago Cachet,ice,englacial and subglacial,-47.179562,-73.260612,2015-06-18,2015.0,,2458.18,,409.0
GLOF-Andes-312,Peru,Andes,,moraine,overtopping,-13.25037569,-72.73398017,,,,,,4546.0
GLOF-Andes-313,Chile,Andes,Lago Cachet,ice,englacial and subglacial,-47.179562,-73.260612,2015-11-15,2015.0,,1829.65,,409.0
GLOF-Andes-314,Chile,Andes,,moraine,,-46.525918,-73.118734,,,,,,301.0
GLOF-Andes-315,Chile,Andes,,moraine/bedrock,,-46.27142,-72.88478,,,,,,1304.0
GLOF-Andes-316,Peru,Andes,,moraine,breach,-13.81103026,-71.21902699,,,,,,4895.0
GLOF-Andes-317,Argentina,Andes,Lago Argentino,ice,tunneling and collapse,-50.5,-72.98,,,,,,179.0
GLOF-Andes-318,Bolivia,Andes,,bedrock,overtopping,-16.30231971,-68.11005097,,,,,,5023.0
GLOF-Andes-319,Chile,Andes,Lago Cachet,ice,englacial and subglacial,-47.179562,-73.260612,2016-11-29,2016.0,,1221.3,,409.0
GLOF-Andes-320,Chile,Andes,Lago Cachet,ice,englacial and subglacial,-47.179562,-73.260612,2016-12-25,2016.0,,1158.51,,409.0
GLOF-Andes-321,Bolivia,Andes,,ice,opening of subglacial tunel,-16.95343986,-67.34999072,,,,,,5073.0
GLOF-Andes-322,Argentina,Andes,,moraine,,-42.28475,-72.12622,,,,,,955.0
GLOF-Andes-323,Chile,Andes,Lago Cachet,ice,englacial and subglacial,-47.179562,-73.260612,2017-11-06,2017.0,,600.07,,409.0
GLOF-Andes-324,Argentina,Andes,Lago Argentino,ice,tunneling and collapse,-50.5,-72.98,2018-03-11,2018.0,,,,179.0
GLOF-Andes-325,Chile,Andes,Laguna Tri ngulo,ice,,-46.6,-73.16,,,20000000.0,,6142463.6900949115,476.0
GLOF-Andes-326,Peru,Andes,,combined,overtopping,-13.2039842,-72.058692,,,,,,4497.0
GLOF-Andes-327,Peru,Andes,,combined,overtopping,-9.07782704,-77.54833197,,,,,,4754.0
GLOF-Andes-328,Chile,Andes,,moraine,,-46.570685,-72.920777,2018-10-27,2018.0,,,,730.0
GLOF-Andes-329,Peru,Andes,,moraine,overtopping,-13.85722117,-71.32139474,,,,,,4637.0
GLOF-Andes-330,Peru,Andes,,combined,breach,-13.69636565,-71.13699,,,,,,4585.0
GLOF-Andes-331,Peru,Andes,,combined,breach,-13.70054767,-71.13751502,,,,,,4648.0
GLOF-Andes-332,Argentina,Andes,Lago Argentino,ice,tunneling and collapse,-50.5,-72.98,,,,,,179.0
GLOF-Andes-333,Chile,Andes,,unknown,,-47.44358,-73.59011,,,,,,713.0
GLOF-Andes-334,Peru,Andes,,moraine,breach,-13.35258372,-72.6150717,,,,,,4043.0
GLOF-Andes-335,Chile,Andes,,moraine,,-48.539057,-73.737187,,,,,,146.0
GLOF-Andes-336,Peru,Andes,Humantay,moraine,overtopping,-13.342355,-72.569075,2020-02-23,2020.0,,10000.0,,4460.0
GLOF-Andes-337,Chile,Andes,,unknown,,-47.44358,-73.59011,,,,,,713.0
GLOF-EuropeanAlps-1,Switzerland,European Alps,,unknown,,46.169935,6.948981,,,,,,2755.0
GLOF-EuropeanAlps-2,Switzerland,European Alps,,ice,,46.596996,8.056129,,,,,,1434.0
GLOF-EuropeanAlps-3,Switzerland,European Alps,,ice,,46.596996,8.056129,,,,,,1434.0
GLOF-EuropeanAlps-4,Switzerland,European Alps,Mattmarksee,ice,,46.041675,7.960059,,,,,,2120.0
GLOF-EuropeanAlps-5,Switzerland,European Alps,Mattmarksee,ice,,46.041675,7.960059,,,,,,2120.0
GLOF-EuropeanAlps-6,Switzerland,European Alps,Mattmarksee,ice,,46.041675,7.960059,,,,,,2120.0
GLOF-EuropeanAlps-7,Switzerland,European Alps,,unknown,,46.169935,6.948981,,,,,,2755.0
GLOF-EuropeanAlps-8,Switzerland,European Alps,,unknown,,46.169935,6.948981,,,,,,2755.0
GLOF-EuropeanAlps-9,Switzerland,European Alps,Mattmarksee,ice,,46.041675,7.960059,,,,,,2120.0
GLOF-EuropeanAlps-10,Switzerland,European Alps,,water pocket,,46.135621,7.985757,,,,,,2849.0
GLOF-EuropeanAlps-11,Switzerland,European Alps,,unknown,,46.515726,8.221239,,,,,,2576.0
GLOF-EuropeanAlps-12,Switzerland,European Alps,Mattmarksee,ice,,46.041675,7.960059,,,,,,2120.0
GLOF-EuropeanAlps-13,Switzerland,European Alps,Mattmarksee,ice,,46.041675,7.960059,,,,,,2120.0
GLOF-EuropeanAlps-14,Switzerland,European Alps,Mattmarksee,ice,,46.041675,7.960059,,,,,,2120.0
GLOF-EuropeanAlps-15,Switzerland,European Alps,Mattmarksee,ice,,46.041675,7.960059,,,,,,2120.0
GLOF-EuropeanAlps-16,Switzerland,European Alps,Mattmarksee,ice,,46.041675,7.960059,,,,,,2120.0
GLOF-EuropeanAlps-17,Switzerland,European Alps,,moraine,,46.115378,7.896879,,,,,,2791.0
GLOF-EuropeanAlps-18,Switzerland,European Alps,Mattmarksee,ice,,46.041675,7.960059,,,,,,2120.0
GLOF-EuropeanAlps-19,Switzerland,European Alps,Mattmarksee,ice,,46.041675,7.960059,,,,,,2120.0
GLOF-EuropeanAlps-20,Switzerland,European Alps,Mattmarksee,ice,,46.041675,7.960059,,,,,,2120.0
GLOF-EuropeanAlps-21,Switzerland,European Alps,Mattmarksee,ice,,46.041675,7.960059,,,,,,2120.0
GLOF-EuropeanAlps-22,Switzerland,European Alps,Mattmarksee,ice,,46.041675,7.960059,,,,,,2120.0
GLOF-EuropeanAlps-23,Switzerland,European Alps,Mattmarksee,ice,,46.041675,7.960059,,,,,,2120.0
GLOF-EuropeanAlps-24,Switzerland,European Alps,,unknown,,45.9361852218999,7.36927736775,,,,,,2120.0
GLOF-EuropeanAlps-25,Switzerland,European Alps,,ice,,46.10129,7.722082,,,,,,4078.0
GLOF-EuropeanAlps-26,Switzerland,European Alps,Mattmarksee,ice,,46.041675,7.960059,,,,,,2120.0
GLOF-EuropeanAlps-27,Switzerland,European Alps,Mattmarksee,ice,,46.041675,7.960059,,,,,,2120.0
GLOF-EuropeanAlps-28,Switzerland,European Alps,Mattmarksee,ice,,46.041675,7.960059,,,,,,2120.0
GLOF-EuropeanAlps-29,Switzerland,European Alps,Mattmarksee,ice,,46.041675,7.960059,,,,,,2120.0
GLOF-EuropeanAlps-30,Switzerland,European Alps,Mattmarksee,ice,,46.041675,7.960059,,,,,,2120.0
GLOF-EuropeanAlps-31,Switzerland,European Alps,,water pocket,,46.596996,8.056129,,,,,,1434.0
GLOF-EuropeanAlps-32,Switzerland,European Alps,Mattmarksee,ice,,46.041675,7.960059,,,,,,2120.0
GLOF-EuropeanAlps-33,Switzerland,European Alps,,supraglacial,,46.499539,8.14601,,,,,,2596.0
GLOF-EuropeanAlps-35,Switzerland,European Alps,,ice,,45.916154,7.257995,,,,,,2448.0
GLOF-EuropeanAlps-37,Switzerland,European Alps,,ice,,46.055967,7.959348,,,,,,1995.0
GLOF-EuropeanAlps-38,Switzerland,European Alps,,water pocket,,46.042344,7.849974,,,,,,2890.0
GLOF-EuropeanAlps-39,Switzerland,European Alps,,ice,,46.055967,7.959348,,,,,,1995.0
GLOF-EuropeanAlps-40,Switzerland,European Alps,,ice,,46.055967,7.959348,,,,,,1995.0
GLOF-EuropeanAlps-41,Switzerland,European Alps,,unknown,,46.4054882,7.835585245,,,,,,2470.0
GLOF-EuropeanAlps-42,Switzerland,European Alps,,supraglacial,,45.924579,7.395755,,,,,,2410.0
GLOF-EuropeanAlps-43,Switzerland,European Alps,,water pocket,,46.41019,7.84866,,,,,,2605.0
GLOF-EuropeanAlps-44,Italy,European Alps,Lake Miage,ice/moraine,,45.779394,6.871334,,,,,,2029.0
GLOF-EuropeanAlps-45,Switzerland,European Alps,,water pocket,,46.739421,8.793167,,,,,,2686.0
GLOF-EuropeanAlps-46,Switzerland,European Alps,,water pocket,,46.41019,7.84866,,,,,,2605.0
GLOF-EuropeanAlps-47,Switzerland,European Alps,,water pocket,,46.024472,7.019776,,,,,,1764.0
GLOF-EuropeanAlps-48,Switzerland,European Alps,,water pocket,,46.114076232,7.82085468645,,,,,,2702.0
GLOF-EuropeanAlps-49,Switzerland,European Alps,,water pocket,,46.024472,7.019776,,,,,,1764.0
GLOF-EuropeanAlps-50,Switzerland,European Alps,,water pocket,,46.52357,7.928143,,,,,,2232.0
GLOF-EuropeanAlps-51,Switzerland,European Alps,,water pocket,,46.024472,7.019776,,,,,,1764.0
GLOF-EuropeanAlps-52,Switzerland,European Alps,,moraine,,46.089692,7.308046,,,,,,2778.0
GLOF-EuropeanAlps-53,Switzerland,European Alps,,moraine,,46.089692,7.308046,,,,,,2778.0
GLOF-EuropeanAlps-54,Switzerland,European Alps,Lac du Grand D sert,moraine,,46.089152,7.335394,,,,,,2642.0
GLOF-EuropeanAlps-55,Switzerland,European Alps,,water pocket,,46.114076232,7.82085468645,,,,,,2702.0
GLOF-EuropeanAlps-56,Austria,European Alps,,moraine,,47.1,11.05,,,,,,2591.0
GLOF-EuropeanAlps-57,Switzerland,European Alps,,unknown,,46.169935,6.948981,,,,,,2755.0
GLOF-EuropeanAlps-58,Switzerland,European Alps,Mattmarksee,ice,,46.041675,7.960059,1589-09-08,1589.0,,,,2120.0
GLOF-EuropeanAlps-59,Italy,European Alps,Lago S. Margherita/ Lac des Osselettes,ice,,45.673072,6.985926,,,,,,2422.0
GLOF-EuropeanAlps-60,Italy,European Alps,Lago S. Margherita/ Lac des Osselettes,ice,,45.673072,6.985926,,,,,,2422.0
GLOF-EuropeanAlps-61,Switzerland,European Alps,,ice,,45.998944,7.360574,1595-05-25,1595.0,,,,2493.0
GLOF-EuropeanAlps-62,Italy,European Alps,Lago S. Margherita/ Lac des Osselettes,ice,,45.673072,6.985926,,,,,,2422.0
GLOF-EuropeanAlps-63,Italy,European Alps,Lago S. Margherita/ Lac des Osselettes,ice,,45.673072,6.985926,,,,,,2422.0
GLOF-EuropeanAlps-64,Italy,European Alps,Lago S. Margherita/ Lac des Osselettes,ice,,45.673072,6.985926,,,,,,2422.0
GLOF-EuropeanAlps-65,Italy,European Alps,Lago S. Margherita/ Lac des Osselettes,ice,,45.673072,6.985926,,,,,,2422.0
GLOF-EuropeanAlps-66,Italy,European Alps,Lago S. Margherita/ Lac des Osselettes,ice,,45.673072,6.985926,,,,,,2422.0
GLOF-EuropeanAlps-67,Austria,European Alps,Rofener Eissee,ice,,46.837356,10.854578,1600-07-20,1600.0,,,,2121.0
GLOF-EuropeanAlps-68,Italy,European Alps,Lago S. Margherita/ Lac des Osselettes,ice,,45.673072,6.985926,,,,,,2422.0
GLOF-EuropeanAlps-69,Italy,European Alps,Lago S. Margherita/ Lac des Osselettes,ice,,45.673072,6.985926,,,,,,2422.0
GLOF-EuropeanAlps-70,Italy,European Alps,Lago S. Margherita/ Lac des Osselettes,ice,,45.673072,6.985926,,,,,,2422.0
GLOF-EuropeanAlps-71,Italy,European Alps,Lago S. Margherita/ Lac des Osselettes,ice,,45.673072,6.985926,,,,,,2422.0
GLOF-EuropeanAlps-72,Italy,European Alps,Lago S. Margherita/ Lac des Osselettes,ice,,45.673072,6.985926,,,,,,2422.0
GLOF-EuropeanAlps-73,Italy,European Alps,Lago S. Margherita/ Lac des Osselettes,ice,,45.673072,6.985926,,,,,,2422.0
GLOF-EuropeanAlps-74,Italy,European Alps,Lago S. Margherita/ Lac des Osselettes,ice,,45.673072,6.985926,,,,,,2422.0
GLOF-EuropeanAlps-75,Italy,European Alps,Lago S. Margherita/ Lac des Osselettes,ice,,45.673072,6.985926,,,,,,2422.0
GLOF-EuropeanAlps-76,Italy,European Alps,Lago S. Margherita/ Lac des Osselettes,ice,,45.673072,6.985926,,,,,,2422.0
GLOF-EuropeanAlps-77,Italy,European Alps,Lago S. Margherita/ Lac des Osselettes,ice,,45.673072,6.985926,,,,,,2422.0
GLOF-EuropeanAlps-78,Switzerland,European Alps,,ice,,46.055967,7.959348,1633-08-04,1633.0,,,,1995.0
GLOF-EuropeanAlps-79,Italy,European Alps,Lago S. Margherita/ Lac des Osselettes,ice,,45.673072,6.985926,,,,,,2422.0
GLOF-EuropeanAlps-80,Italy,European Alps,Lago S. Margherita/ Lac des Osselettes,ice,,45.673072,6.985926,,,,,,2422.0
GLOF-EuropeanAlps-81,Italy,European Alps,Lago S. Margherita/ Lac des Osselettes,ice,,45.673072,6.985926,,,,,,2422.0
GLOF-EuropeanAlps-82,Italy,European Alps,Lago S. Margherita/ Lac des Osselettes,ice,,45.673072,6.985926,,,,,,2422.0
GLOF-EuropeanAlps-83,Italy,European Alps,Lago S. Margherita/ Lac des Osselettes,ice,,45.673072,6.985926,,,,,,2422.0
GLOF-EuropeanAlps-84,Italy,European Alps,Lago S. Margherita/ Lac des Osselettes,ice,,45.673072,6.985926,,,,,,2422.0
GLOF-EuropeanAlps-85,Italy,European Alps,Lago S. Margherita/ Lac des Osselettes,ice,,45.673072,6.985926,,,,,,2422.0
GLOF-EuropeanAlps-86,Italy,European Alps,Lago S. Margherita/ Lac des Osselettes,ice,,45.673072,6.985926,,,,,,2422.0
GLOF-EuropeanAlps-87,Italy,European Alps,Lago S. Margherita/ Lac des Osselettes,ice,,45.673072,6.985926,,,,,,2422.0
GLOF-EuropeanAlps-88,Italy,European Alps,Lago S. Margherita/ Lac des Osselettes,ice,,45.673072,6.985926,,,,,,2422.0
GLOF-EuropeanAlps-89,France,European Alps,,water pocket,,45.888773,6.855992,1643-05-06,1643.0,,,,1738.0
GLOF-EuropeanAlps-90,France,European Alps,,water pocket,,45.888773,6.855992,1643-05-29,1643.0,,,,1738.0
GLOF-EuropeanAlps-91,Italy,European Alps,Lago S. Margherita/ Lac des Osselettes,ice,,45.673072,6.985926,,,,,,2422.0
GLOF-EuropeanAlps-92,Italy,European Alps,Lago S. Margherita/ Lac des Osselettes,ice,,45.673072,6.985926,,,,,,2422.0
GLOF-EuropeanAlps-93,Italy,European Alps,Lago S. Margherita/ Lac des Osselettes,ice,,45.673072,6.985926,,,,,,2422.0
GLOF-EuropeanAlps-94,Italy,European Alps,Lago S. Margherita/ Lac des Osselettes,ice,,45.673072,6.985926,,,,,,2422.0
GLOF-EuropeanAlps-95,Austria,European Alps,Rofener Eissee,ice,,46.837356,10.854578,1678-07-16,1678.0,,,,2121.0
GLOF-EuropeanAlps-96,Italy,European Alps,Lago S. Margherita/ Lac des Osselettes,ice,,45.673072,6.985926,,,,,,2422.0
GLOF-EuropeanAlps-97,Austria,European Alps,Rofener Eissee,ice,,46.837356,10.854578,,,,,,2121.0
GLOF-EuropeanAlps-98,Switzerland,European Alps,Mattmarksee,ice,,46.041675,7.960059,,,,,,2120.0
GLOF-EuropeanAlps-99,Italy,European Alps,Lago S. Margherita/ Lac des Osselettes,ice,,45.673072,6.985926,,,,,,2422.0
GLOF-EuropeanAlps-100,Austria,European Alps,Rofener Eissee,ice,,46.837356,10.854578,1680-06-14,1680.0,,,,2121.0
GLOF-EuropeanAlps-101,France,European Alps,,ice,,45.9,7.025,,,,,,2891.0
GLOF-EuropeanAlps-102,Italy,European Alps,Lago S. Margherita/ Lac des Osselettes,ice,,45.673072,6.985926,,,,,,2422.0
GLOF-EuropeanAlps-103,Italy,European Alps,Lago S. Margherita/ Lac des Osselettes,ice,,45.673072,6.985926,,,,,,2422.0
GLOF-EuropeanAlps-104,Switzerland,European Alps,Mattmarksee,ice,,46.041675,7.960059,,,,,,2120.0
GLOF-EuropeanAlps-105,Italy,European Alps,Lago S. Margherita/ Lac des Osselettes,ice,,45.673072,6.985926,,,,,,2422.0
GLOF-EuropeanAlps-106,Italy,European Alps,Lago S. Margherita/ Lac des Osselettes,ice,,45.673072,6.985926,,,,,,2422.0
GLOF-EuropeanAlps-107,Italy,European Alps,Lago S. Margherita/ Lac des Osselettes,ice,,45.673072,6.985926,,,,,,2422.0
GLOF-EuropeanAlps-108,Italy,European Alps,Lago S. Margherita/ Lac des Osselettes,ice,,45.673072,6.985926,,,,,,2422.0
GLOF-EuropeanAlps-109,Italy,European Alps,Lago S. Margherita/ Lac des Osselettes,ice,,45.673072,6.985926,,,,,,2422.0
GLOF-EuropeanAlps-110,Italy,European Alps,Lago S. Margherita/ Lac des Osselettes,ice,,45.673072,6.985926,,,,,,2422.0
GLOF-EuropeanAlps-111,Italy,European Alps,Lago S. Margherita/ Lac des Osselettes,ice,,45.673072,6.985926,,,,,,2422.0
GLOF-EuropeanAlps-112,Italy,European Alps,Lago S. Margherita/ Lac des Osselettes,ice,,45.673072,6.985926,,,,,,2422.0
GLOF-EuropeanAlps-113,Italy,European Alps,Lago S. Margherita/ Lac des Osselettes,ice,,45.673072,6.985926,,,,,,2422.0
GLOF-EuropeanAlps-114,Italy,European Alps,Lago S. Margherita/ Lac des Osselettes,ice,,45.673072,6.985926,,,,,,2422.0
GLOF-EuropeanAlps-115,Italy,European Alps,Lago S. Margherita/ Lac des Osselettes,ice,,45.673072,6.985926,,,,,,2422.0
GLOF-EuropeanAlps-116,Italy,European Alps,Lago S. Margherita/ Lac des Osselettes,ice,,45.673072,6.985926,,,,,,2422.0
GLOF-EuropeanAlps-117,Italy,European Alps,Lago S. Margherita/ Lac des Osselettes,ice,,45.673072,6.985926,,,5000000.0,,2097149.6695975102,2422.0
GLOF-EuropeanAlps-118,Italy,European Alps,Lago S. Margherita/ Lac des Osselettes,ice,,45.673072,6.985926,,,,,,2422.0
GLOF-EuropeanAlps-119,Italy,European Alps,Lago S. Margherita/ Lac des Osselettes,ice,,45.673072,6.985926,,,,,,2422.0
GLOF-EuropeanAlps-120,Switzerland,European Alps,Mattmarksee,ice,,46.041675,7.960059,1755-12-24,1755.0,,,,2120.0
GLOF-EuropeanAlps-121,Switzerland,European Alps,Mattmarksee,ice,,46.041675,7.960059,1772-09-17,1772.0,,,,2120.0
GLOF-EuropeanAlps-122,Austria,European Alps,Rofener Eissee,ice,,46.837356,10.854578,,,,,,2121.0
GLOF-EuropeanAlps-123,Austria,European Alps,Rofener Eissee,ice,,46.837356,10.854578,1774-07-04,1774.0,,,,2121.0
GLOF-EuropeanAlps-124,Switzerland,European Alps,,water pocket,,46.596996,8.056129,,,,,,1434.0
GLOF-EuropeanAlps-125,Switzerland,European Alps,,ice,,46.10129,7.722082,1787-02-12,1787.0,,,,4078.0
GLOF-EuropeanAlps-126,France,European Alps,,supraglacial,overtopping,44.929176,6.463625,1807-09-01,1807.0,,0.2,,2990.0
GLOF-EuropeanAlps-127,Switzerland,European Alps,M rjelensee,ice,,46.440842,8.09196,,,,,,2316.0
GLOF-EuropeanAlps-128,Switzerland,European Alps,M rjelensee,ice,,46.440842,8.09196,,,,,,2316.0
GLOF-EuropeanAlps-129,Switzerland,European Alps,,ice,,45.998944,7.360574,1817-05-27,1817.0,,,,2493.0
GLOF-EuropeanAlps-130,Switzerland,European Alps,,ice,collapse of subglacial tunnel,45.998944,7.360574,1818-06-16,1818.0,,8000.0,,2493.0
GLOF-EuropeanAlps-131,France,European Alps,Lac du Tacul,ice,,45.923892,6.923984,1819-08-13,1819.0,,,,1784.0
GLOF-EuropeanAlps-132,Switzerland,European Alps,M rjelensee,ice,,46.440842,8.09196,,,,,,2316.0
GLOF-EuropeanAlps-133,Switzerland,European Alps,M rjelensee,ice,,46.440842,8.09196,,,,,,2316.0
GLOF-EuropeanAlps-134,Switzerland,European Alps,M rjelensee,ice,,46.440842,8.09196,,,,,,2316.0
GLOF-EuropeanAlps-135,Switzerland,European Alps,M rjelensee,ice,,46.440842,8.09196,,,,,,2316.0
GLOF-EuropeanAlps-136,Switzerland,European Alps,,water pocket,,46.135251,7.898472,,,,,,2755.0
GLOF-EuropeanAlps-137,Switzerland,European Alps,,water pocket,,46.173171,7.979137,1829-06-24,1829.0,,,,2888.0
GLOF-EuropeanAlps-138,Italy,European Alps,,supraglacial,,45.56,7.26,1832-08-20,1832.0,,,,2818.0
GLOF-EuropeanAlps-139,Switzerland,European Alps,,water pocket,,45.988683,7.082166,1834-06-26,1834.0,,,,1823.0
GLOF-EuropeanAlps-140,Switzerland,European Alps,,water pocket,,46.080867,7.632229,1834-08-27,1834.0,,,,2102.0
GLOF-EuropeanAlps-141,Switzerland,European Alps,,unknown,,46.169935,6.948981,1835-08-26,1835.0,,,,2755.0
GLOF-EuropeanAlps-142,Switzerland,European Alps,M rjelensee,ice,,46.440842,8.09196,,,,,,2316.0
GLOF-EuropeanAlps-143,Switzerland,European Alps,M rjelensee,ice,,46.440842,8.09196,1844-07-14,1844.0,,,,2316.0
GLOF-EuropeanAlps-144,Austria,European Alps,Rofener Eissee,ice,,46.837356,10.854578,1845-06-14,1845.0,,,,2121.0
GLOF-EuropeanAlps-145,Austria,European Alps,Rofener Eissee,ice,,46.837356,10.854578,1847-05-28,1847.0,,,,2121.0
GLOF-EuropeanAlps-146,Austria,European Alps,Rofener Eissee,ice,,46.837356,10.854578,1848-06-13,1848.0,,,,2121.0
GLOF-EuropeanAlps-147,Switzerland,European Alps,M rjelensee,ice,,46.440842,8.09196,1848-08-18,1848.0,,,,2316.0
GLOF-EuropeanAlps-148,Switzerland,European Alps,,ice,,46.10129,7.722082,1857-01-31,1857.0,,,,4078.0
GLOF-EuropeanAlps-149,Switzerland,European Alps,,ice,,46.10129,7.722082,1858-01-31,1858.0,,,,4078.0
GLOF-EuropeanAlps-150,Switzerland,European Alps,M rjelensee,ice,,46.440842,8.09196,,,,,,2316.0
GLOF-EuropeanAlps-151,Switzerland,European Alps,M rjelensee,ice,,46.440842,8.09196,,,,,,2316.0
GLOF-EuropeanAlps-152,Italy,European Alps,,water pocket,,45.891284,7.248362,,,,,,3624.0
GLOF-EuropeanAlps-153,Switzerland,European Alps,M rjelensee,ice,,46.440842,8.09196,1864-08-06,1864.0,,,,2316.0
GLOF-EuropeanAlps-154,Italy,European Alps,Lago S. Margherita/ Lac des Osselettes,ice,,45.673072,6.985926,,,,,,2422.0
GLOF-EuropeanAlps-155,Switzerland,European Alps,,water pocket,,46.173171,7.979137,1868-06-20,1868.0,,,,2888.0
GLOF-EuropeanAlps-156,Italy,European Alps,,moraine,breach,45.953396,7.911803,,,,,,2113.0
GLOF-EuropeanAlps-157,Switzerland,European Alps,,water pocket,,46.135621,7.985757,1868-08-17,1868.0,,,,2849.0
GLOF-EuropeanAlps-158,Switzerland,European Alps,M rjelensee,ice,,46.440842,8.09196,,,,,,2316.0
GLOF-EuropeanAlps-159,Switzerland,European Alps,M rjelensee,ice,,46.440842,8.09196,,,,,,2316.0
GLOF-EuropeanAlps-160,Switzerland,European Alps,M rjelensee,ice,,46.440842,8.09196,1872-08-02,1872.0,,,,2316.0
GLOF-EuropeanAlps-161,Switzerland,European Alps,M rjelensee,ice,,46.440842,8.09196,,,,,,2316.0
GLOF-EuropeanAlps-162,Switzerland,European Alps,M rjelensee,ice,,46.440842,8.09196,,,,,,2316.0
GLOF-EuropeanAlps-163,Austria,European Alps,,moraine,,46.998,10.781,1874-08-05,1874.0,,,,2610.0
GLOF-EuropeanAlps-164,Switzerland,European Alps,M rjelensee,ice,,46.440842,8.09196,,,,,,2316.0
GLOF-EuropeanAlps-165,Switzerland,European Alps,M rjelensee,ice,,46.440842,8.09196,,,,,,2316.0
GLOF-EuropeanAlps-166,Switzerland,European Alps,M rjelensee,ice,,46.440842,8.09196,1878-07-18,1878.0,10700000.0,,3782371.08091335,2316.0
GLOF-EuropeanAlps-167,France,European Alps,,water pocket,,45.923892,6.923984,1878-08-16,1878.0,,,,1784.0
GLOF-EuropeanAlps-168,Switzerland,European Alps,M rjelensee,ice,,46.440842,8.09196,1882-06-09,1882.0,,,,2316.0
GLOF-EuropeanAlps-169,Switzerland,European Alps,M rjelensee,ice,,46.440842,8.09196,,,,,,2316.0
GLOF-EuropeanAlps-170,Switzerland,European Alps,M rjelensee,ice,,46.440842,8.09196,,,,,,2316.0
GLOF-EuropeanAlps-171,Italy,European Alps,,ice,,46.44,10.616,,,,,,3540.0
GLOF-EuropeanAlps-172,Switzerland,European Alps,M rjelensee,ice,,46.440842,8.09196,1887-09-04,1887.0,,,,2316.0
GLOF-EuropeanAlps-173,Italy,European Alps,,ice,tunneling,46.44,10.616,1888-06-16,1888.0,,,,3540.0
GLOF-EuropeanAlps-174,Italy,European Alps,,ice,tunneling,46.44,10.616,1889-06-05,1889.0,,,,3540.0
GLOF-EuropeanAlps-175,Switzerland,European Alps,M rjelensee,ice,,46.440842,8.09196,1889-06-24,1889.0,,,,2316.0
GLOF-EuropeanAlps-176,Switzerland,European Alps,M rjelensee,ice,,46.440842,8.09196,1890-07-24,1890.0,,,,2316.0
GLOF-EuropeanAlps-177,Austria,European Alps,,moraine,glacier calving and breach,47.041753,10.797714,1890-08-08,1890.0,,,,2830.0
GLOF-EuropeanAlps-178,Italy,European Alps,,ice,,46.44,10.616,1891-06-17,1891.0,,,,3540.0
GLOF-EuropeanAlps-180,Switzerland,European Alps,M rjelensee,ice,,46.440842,8.09196,1891-09-05,1891.0,,,,2316.0
GLOF-EuropeanAlps-181,Switzerland,European Alps,M rjelensee,ice,,46.440842,8.09196,,,,,,2316.0
GLOF-EuropeanAlps-182,Switzerland,European Alps,,ice,,46.115378,7.896879,,,,,,2791.0
GLOF-EuropeanAlps-183,France,European Alps,,supraglacial,,45.856832,6.818907,1892-07-11,1892.0,200000.0,,172963.7135335248,3120.0
GLOF-EuropeanAlps-184,Switzerland,European Alps,,moraine,,46.063376,7.838983,,,,,,3062.0
GLOF-EuropeanAlps-185,France,European Alps,,water pocket,,45.888773,6.855992,1892-08-11,1892.0,,,,1738.0
GLOF-EuropeanAlps-186,Switzerland,European Alps,,supraglacial,,45.924579,7.395755,1894-06-28,1894.0,1000000.0,,602271.362999429,2410.0
GLOF-EuropeanAlps-187,Switzerland,European Alps,M rjelensee,ice,,46.440842,8.09196,1894-07-11,1894.0,,,,2316.0
GLOF-EuropeanAlps-188,Italy,European Alps,Matello Ice Lake,ice,,46.44,10.616,,,,,,3540.0
GLOF-EuropeanAlps-189,Switzerland,European Alps,,ice,,45.924579,7.395755,1895-06-18,1895.0,,,,2410.0
GLOF-EuropeanAlps-190,Switzerland,European Alps,M rjelensee,ice,,46.440842,8.09196,1895-09-23,1895.0,,,,2316.0
GLOF-EuropeanAlps-191,Switzerland,European Alps,,ice,,45.924579,7.395755,1896-06-25,1896.0,,,,2410.0
GLOF-EuropeanAlps-192,Switzerland,European Alps,M rjelensee,ice,,46.440842,8.09196,1896-09-16,1896.0,,,,2316.0
GLOF-EuropeanAlps-193,Switzerland,European Alps,,ice,,45.924579,7.395755,1898-06-17,1898.0,,,,2410.0
GLOF-EuropeanAlps-194,Switzerland,European Alps,,water pocket,,45.943644,7.058266,1898-06-22,1898.0,,,,2581.0
GLOF-EuropeanAlps-195,Switzerland,European Alps,,water pocket,,45.920237,7.06847,1898-06-22,1898.0,,,,2545.0
GLOF-EuropeanAlps-196,Switzerland,European Alps,,water pocket,,46.114076232,7.82085468645,1898-08-21,1898.0,,,,2702.0
GLOF-EuropeanAlps-197,Switzerland,European Alps,,water pocket,,46.114076232,7.82085468645,1898-08-21,1898.0,,,,2702.0
GLOF-EuropeanAlps-198,Switzerland,European Alps,,ice,,45.924579,7.395755,1899-06-08,1899.0,,,,2410.0
GLOF-EuropeanAlps-199,Switzerland,European Alps,,water pocket,,46.09962,7.819058,1899-08-01,1899.0,,,,2954.0
GLOF-EuropeanAlps-200,France,European Alps,,water pocket,,45.37517,6.79873,1899-09-05,1899.0,,,,2956.0
GLOF-EuropeanAlps-201,Switzerland,European Alps,,water pocket,,45.9996,7.6497,,,,,,2298.0
GLOF-EuropeanAlps-202,Switzerland,European Alps,,ice,,46.580604,8.383169,1900-07-21,1900.0,,,,2208.0
GLOF-EuropeanAlps-203,Switzerland,European Alps,Gornersee,ice,,45.96856,7.8076,1900-08-23,1900.0,,,,2521.0
GLOF-EuropeanAlps-204,Switzerland,European Alps,M rjelensee,ice,,46.440842,8.09196,1900-09-09,1900.0,,,,2316.0
GLOF-EuropeanAlps-205,Switzerland,European Alps,M rjelensee,ice,,46.440842,8.09196,1901-08-31,1901.0,,,,2316.0
GLOF-EuropeanAlps-206,Switzerland,European Alps,Mattmarksee,ice,,46.041675,7.960059,1902-03-19,1902.0,,,,2120.0
GLOF-EuropeanAlps-207,Italy,European Alps,,water pocket,,45.953396,7.911803,,,,,,2113.0
GLOF-EuropeanAlps-208,France,European Alps,,water pocket,,45.946911,6.992929,1904-06-04,1904.0,,,,2608.0
GLOF-EuropeanAlps-209,Switzerland,European Alps,,unknown,,46.07,7.35,1905-06-10,1905.0,,,,2996.0
GLOF-EuropeanAlps-210,Switzerland,European Alps,M rjelensee,ice,,46.440842,8.09196,1907-08-15,1907.0,,,,2316.0
GLOF-EuropeanAlps-211,Switzerland,European Alps,M rjelensee,ice,,46.440842,8.09196,,,,20.0,,2316.0
GLOF-EuropeanAlps-212,Switzerland,European Alps,M rjelensee,ice,,46.440842,8.09196,,,,10.0,,2316.0
GLOF-EuropeanAlps-213,France,European Alps,,unknown,,45.996093,6.979105,1910-07-20,1910.0,,,,2504.0
GLOF-EuropeanAlps-214,Switzerland,European Alps,M rjelensee,ice,,46.440842,8.09196,,,,,,2316.0
GLOF-EuropeanAlps-215,Switzerland,European Alps,,water pocket,,46.024472,7.019776,1911-07-17,1911.0,,,,1764.0
GLOF-EuropeanAlps-216,Switzerland,European Alps,M rjelensee,ice,,46.440842,8.09196,,,,9.0,,2316.0
GLOF-EuropeanAlps-217,Switzerland,European Alps,M rjelensee,ice,,46.440842,8.09196,,,,195.0,,2316.0
GLOF-EuropeanAlps-218,Italy,European Alps,Lake Miage,ice/moraine,,45.779394,6.871334,,,,,,2029.0
GLOF-EuropeanAlps-219,Switzerland,European Alps,,water pocket,,46.024472,7.019776,1918-08-02,1918.0,,,,1764.0
GLOF-EuropeanAlps-220,Switzerland,European Alps,,ice,,46.10129,7.722082,1918-12-25,1918.0,,,,4078.0
GLOF-EuropeanAlps-221,France,European Alps,,water pocket,,45.888773,6.855992,1920-05-14,1920.0,,,,1738.0
GLOF-EuropeanAlps-222,Switzerland,European Alps,,water pocket,,46.000007,7.063569,1920-06-24,1920.0,,,,2760.0
GLOF-EuropeanAlps-223,Switzerland,European Alps,,water pocket,,46.000007,7.063569,1920-06-30,1920.0,,,,2760.0
GLOF-EuropeanAlps-224,Switzerland,European Alps,,water pocket,,46.000007,7.063569,1920-07-04,1920.0,,,,2760.0
GLOF-EuropeanAlps-225,France,European Alps,,water pocket,,45.888773,6.855992,1920-09-24,1920.0,,,,1738.0
GLOF-EuropeanAlps-226,France,European Alps,,water pocket,,45.923892,6.923984,1920-09-25,1920.0,,,,1784.0
GLOF-EuropeanAlps-227,Switzerland,European Alps,,water pocket,,46.024472,7.019776,1921-07-20,1921.0,,,,1764.0
GLOF-EuropeanAlps-228,Switzerland,European Alps,Gruebensee,ice,,46.603943,8.26623,1921-10-03,1921.0,,,,2329.0
GLOF-EuropeanAlps-229,Italy,European Alps,,water pocket,,45.953396,7.911803,,,,,,2113.0
GLOF-EuropeanAlps-230,Italy,European Alps,Lago Seracchi,ice,,46.350699,9.875459,1924-08-07,1924.0,,,,2559.0
GLOF-EuropeanAlps-231,Italy,European Alps,,ice,,45.819929,6.914101,,,,,,2181.0
GLOF-EuropeanAlps-232,Switzerland,European Alps,,ice,,46.580604,8.383169,1926-09-06,1926.0,,,,2208.0
GLOF-EuropeanAlps-233,Switzerland,European Alps,,water pocket,,46.114076232,7.82085468645,1926-09-10,1926.0,,,,2702.0
GLOF-EuropeanAlps-234,Switzerland,European Alps,,water pocket,,46.114076232,7.82085468645,1926-09-10,1926.0,,,,2702.0
GLOF-EuropeanAlps-235,Switzerland,European Alps,,water pocket,,46.318298,9.647177,,,,128.0,,2144.0
GLOF-EuropeanAlps-236,Switzerland,European Alps,,water pocket,,46.618406,8.091002,1927-07-27,1927.0,,,,1802.0
GLOF-EuropeanAlps-237,Italy,European Alps,Lago Seracchi,ice,,46.350699,9.875459,1927-08-10,1927.0,500000.0,200.0,351913.25728500524,2559.0
GLOF-EuropeanAlps-238,Switzerland,European Alps,,ice,,46.580604,8.383169,1927-08-13,1927.0,,,,2208.0
GLOF-EuropeanAlps-239,Switzerland,European Alps,,water pocket,,46.318298,9.647177,1927-09-24,1927.0,,,,2144.0
GLOF-EuropeanAlps-240,Italy,European Alps,,water pocket,,45.819929,6.914101,,,,,,2181.0
GLOF-EuropeanAlps-241,Switzerland,European Alps,,ice,,46.000007,7.063569,1928-08-03,1928.0,,,,2760.0
GLOF-EuropeanAlps-242,Switzerland,European Alps,,unknown,,45.988683,7.082166,1928-08-03,1928.0,,,,1823.0
GLOF-EuropeanAlps-243,Switzerland,European Alps,Gruebensee,ice,,46.603943,8.26623,,,,,,2329.0
GLOF-EuropeanAlps-244,Italy,European Alps,,water pocket,,45.85139,6.97566,1929-06-17,1929.0,,,,2759.0
GLOF-EuropeanAlps-245,Italy,European Alps,,water pocket,,45.819929,6.914101,1929-07-22,1929.0,,,,2181.0
GLOF-EuropeanAlps-246,Switzerland,European Alps,,water pocket,,46.41019,7.84866,,,,,,2605.0
GLOF-EuropeanAlps-247,Switzerland,European Alps,,water pocket,,46.024472,7.019776,1930-06-20,1930.0,,,,1764.0
GLOF-EuropeanAlps-248,Switzerland,European Alps,,water pocket,,46.01285,7.001193,1930-08-24,1930.0,,,,2343.0
GLOF-EuropeanAlps-249,Italy,European Alps,Galambra Lake,ice/moraine,,45.102,6.87567,,,,,,2290.0
GLOF-EuropeanAlps-250,Austria,European Alps,,ice,tunneling,46.8,10.92,1932-08-24,1932.0,,,,2509.0
GLOF-EuropeanAlps-251,Austria,European Alps,Preimllake,moraine,,47.02556,13.35167,1932-10-12,1932.0,,,,2398.0
GLOF-EuropeanAlps-252,France,European Alps,,water pocket,,45.888773,6.855992,,,,,,1738.0
GLOF-EuropeanAlps-253,Italy,European Alps,Galambra Lake,ice/moraine,,45.102,6.87567,,,,,,2290.0
GLOF-EuropeanAlps-254,Italy,European Alps,Lago Nuovo & Lago Nuovissimo,ice,,45.661102,6.988721,,,,,,2542.0
GLOF-EuropeanAlps-255,Switzerland,European Alps,,water pocket,,46.024472,7.019776,1933-07-18,1933.0,,,,1764.0
GLOF-EuropeanAlps-256,Switzerland,European Alps,,ice,,46.580604,8.383169,1934-07-17,1934.0,,,,2208.0
GLOF-EuropeanAlps-257,France,European Alps,,water pocket,,45.911825,6.904729,1934-08-23,1934.0,,,,2321.0
GLOF-EuropeanAlps-258,France,European Alps,,water pocket,,44.553656,6.828005,,,,,,2408.0
GLOF-EuropeanAlps-259,France,European Alps,,water pocket,,45.888773,6.855992,,,,,,1738.0
GLOF-EuropeanAlps-260,Switzerland,European Alps,,water pocket,,46.52357,7.928143,1939-08-07,1939.0,,,,2232.0
GLOF-EuropeanAlps-261,Switzerland,European Alps,,water pocket,,46.024472,7.019776,1942-07-06,1942.0,840000.0,22.5,526131.1142924854,1764.0
GLOF-EuropeanAlps-262,France,European Alps,,water pocket,,45.888773,6.855992,1942-08-25,1942.0,,,,1738.0
GLOF-EuropeanAlps-263,Switzerland,European Alps,Gruebensee,ice,,46.603943,8.26623,1942-09-14,1942.0,,,,2329.0
GLOF-EuropeanAlps-264,Switzerland,European Alps,,subglacial,,46.04601,7.55525,,,,,,1962.0
GLOF-EuropeanAlps-265,Switzerland,European Alps,,water pocket,,46.009747,7.816446,1943-07-23,1943.0,,,,2499.0
GLOF-EuropeanAlps-266,Switzerland,European Alps,,subglacial,,46.04601,7.55525,,,,400.0,,1962.0
GLOF-EuropeanAlps-267,Switzerland,European Alps,,subglacial,,46.04601,7.55525,1943-08-23,1943.0,,,,
GLOF-EuropeanAlps-268,Switzerland,European Alps,Gornersee,ice,,45.96856,7.8076,,,,200.0,,
GLOF-EuropeanAlps-269,France,European Alps,,water pocket,,45.888773,6.855992,1944-08-27,1944.0,,,,
GLOF-EuropeanAlps-270,France,European Alps,,water pocket,,45.911825,6.904729,1944-09-02,1944.0,,,,
GLOF-EuropeanAlps-271,Switzerland,European Alps,,water pocket,,46.41019,7.84866,,,,,,
GLOF-EuropeanAlps-272,Switzerland,European Alps,,ice,,46.10129,7.722082,1946-01-02,1946.0,,,,
GLOF-EuropeanAlps-273,Switzerland,European Alps,,ice,,46.580604,8.383169,1947-08-09,1947.0,,,,
GLOF-EuropeanAlps-274,France,European Alps,,water pocket,,45.888773,6.855992,1949-07-15,1949.0,,,,
GLOF-EuropeanAlps-275,Italy,European Alps,Lake Miage,ice/moraine,,45.779394,6.871334,1950-08-10,1950.0,180000.0,,159398.44417446785,
GLOF-EuropeanAlps-276,Switzerland,European Alps,Spalisee,moraine,,46.435816,7.77832,1951-06-17,1951.0,,,,
GLOF-EuropeanAlps-277,Switzerland,European Alps,,water pocket,,46.613937,8.056129,1951-07-02,1951.0,,74.6,,
GLOF-EuropeanAlps-278,Switzerland,European Alps,Gornersee,ice,,45.96856,7.8076,1951-08-07,1951.0,,,,
GLOF-EuropeanAlps-279,Switzerland,European Alps,,subglacial,,46.04601,7.55525,1952-08-04,1952.0,,230.0,,
GLOF-EuropeanAlps-280,Switzerland,European Alps,Gornersee,ice,,45.96856,7.8076,1952-08-30,1952.0,,,,
GLOF-EuropeanAlps-281,Switzerland,European Alps,Gornersee,ice,,45.96856,7.8076,,,,,,
GLOF-EuropeanAlps-282,Switzerland,European Alps,,water pocket,,46.112746,8.00045,1953-07-21,1953.0,,,,
GLOF-EuropeanAlps-283,Switzerland,European Alps,Gornersee,ice,,45.96856,7.8076,1954-08-20,1954.0,,,,
GLOF-EuropeanAlps-284,Switzerland,European Alps,,moraine,,46.398701,9.84802,1954-08-21,1954.0,,,,
GLOF-EuropeanAlps-285,Switzerland,European Alps,Gornersee,ice,,45.96856,7.8076,,,,,,
GLOF-EuropeanAlps-286,Italy,European Alps,Lake Miage,ice/moraine,seepage,45.779394,6.871334,1955-07-20,1955.0,,,,
GLOF-EuropeanAlps-287,France,European Alps,,water pocket,,44.553656,6.828005,,,,,,
GLOF-EuropeanAlps-288,Italy,European Alps,Lake Miage,ice/moraine,,45.779394,6.871334,,,,,,
GLOF-EuropeanAlps-289,Switzerland,European Alps,Steinsee,moraine,,46.72502,8.433497,1956-07-29,1956.0,2200000.0,,1109778.105026745,
GLOF-EuropeanAlps-290,Switzerland,European Alps,Gornersee,ice,,45.96856,7.8076,1956-09-02,1956.0,,,,
GLOF-EuropeanAlps-291,Switzerland,European Alps,Gornersee,ice,,45.96856,7.8076,1957-08-07,1957.0,,,,
GLOF-EuropeanAlps-292,Switzerland,European Alps,,water pocket,,46.749965,8.763268,1957-08-13,1957.0,,,,
GLOF-EuropeanAlps-293,France,European Alps,,water pocket,subglacial,44.915416,6.380385,1958-08-02,1958.0,,,,
GLOF-EuropeanAlps-294,Switzerland,European Alps,Lake 3,ice,,46.174511,7.974113,1958-08-09,1958.0,150000.0,,138389.54046414615,
GLOF-EuropeanAlps-295,Switzerland,European Alps,Gornersee,ice,,45.96856,7.8076,1958-08-14,1958.0,,,,
GLOF-EuropeanAlps-296,Italy,European Alps,Lake Miage,ice/moraine,,45.779394,6.871334,,,,,,
GLOF-EuropeanAlps-297,Switzerland,European Alps,Gornersee,ice,,45.96856,7.8076,1959-09-07,1959.0,,,,
GLOF-EuropeanAlps-298,Italy,European Alps,Lake Miage,ice/moraine,,45.779394,6.871334,,,,,,
GLOF-EuropeanAlps-299,Switzerland,European Alps,,water pocket,,46.024472,7.019776,1960-08-05,1960.0,,25.0,,
GLOF-EuropeanAlps-300,Switzerland,European Alps,Gornersee,ice,,45.96856,7.8076,1960-09-16,1960.0,,,,
GLOF-EuropeanAlps-301,Italy,European Alps,Lake Miage,ice/moraine,,45.779394,6.871334,,,,,,
GLOF-EuropeanAlps-302,Switzerland,European Alps,Gornersee,ice,,45.96856,7.8076,1961-09-14,1961.0,,,,
GLOF-EuropeanAlps-303,Switzerland,European Alps,Gornersee,ice,,45.96856,7.8076,1962-08-17,1962.0,,,,
GLOF-EuropeanAlps-304,Italy,European Alps,Lake Miage,ice/moraine,,45.779394,6.871334,,,,,,
GLOF-EuropeanAlps-305,France,European Alps,,water pocket,,45.888773,6.855992,1963-07-28,1963.0,,,,
GLOF-EuropeanAlps-306,Italy,European Alps,Lake Miage,ice/moraine,,45.779394,6.871334,,,,,,
GLOF-EuropeanAlps-307,Switzerland,European Alps,Gornersee,ice,,45.96856,7.8076,1963-08-03,1963.0,,,,
GLOF-EuropeanAlps-308,Italy,European Alps,Lake Miage,ice/moraine,,45.779394,6.871334,,,,,,
GLOF-EuropeanAlps-309,Switzerland,European Alps,Gornersee,ice,,45.96856,7.8076,1964-08-26,1964.0,,,,
GLOF-EuropeanAlps-310,Switzerland,European Alps,Gornersee,ice,,45.96856,7.8076,1965-07-29,1965.0,,,,
GLOF-EuropeanAlps-311,Switzerland,European Alps,Gornersee,ice,,45.96856,7.8076,1966-08-02,1966.0,,,,
GLOF-EuropeanAlps-312,Switzerland,European Alps,,water pocket,,46.114076232,7.82085468645,1966-09-15,1966.0,,,,
GLOF-EuropeanAlps-313,Switzerland,European Alps,Gornersee,ice,,45.96856,7.8076,,,,,,
GLOF-EuropeanAlps-314,Italy,European Alps,Lake Miage,ice/moraine,,45.779394,6.871334,,,,,,
GLOF-EuropeanAlps-315,Switzerland,European Alps,,water pocket,,46.09962,7.819058,,,,2.5,,
GLOF-EuropeanAlps-316,Italy,European Alps,Lake Miage,ice/moraine,,45.779394,6.871334,,,,,,
GLOF-EuropeanAlps-317,Switzerland,European Alps,Lake 3,ice,,46.174511,7.974113,1968-07-02,1968.0,,,,
GLOF-EuropeanAlps-318,Switzerland,European Alps,Gornersee,ice,,45.96856,7.8076,1968-07-20,1968.0,,29.0,,
GLOF-EuropeanAlps-319,France,European Alps,,water pocket,,44.553656,6.828005,,,,,,
GLOF-EuropeanAlps-320,Switzerland,European Alps,,water pocket,,45.988683,7.082166,1969-07-16,1969.0,,,,
GLOF-EuropeanAlps-321,France,European Alps,,water pocket,,45.923892,6.923984,1969-07-25,1969.0,,,,
GLOF-EuropeanAlps-322,Switzerland,European Alps,Gornersee,ice,,45.96856,7.8076,1969-07-29,1969.0,,,,
GLOF-EuropeanAlps-323,Switzerland,European Alps,,water pocket,,46.135251,7.898472,,,,,,
GLOF-EuropeanAlps-324,Switzerland,European Alps,Lake 3,ice,,46.174511,7.974113,1970-07-08,1970.0,,15.0,,
GLOF-EuropeanAlps-325,Italy,European Alps,Lago delle Locce,ice,,45.943292,7.914983,1970-07-13,1970.0,,,,
GLOF-EuropeanAlps-326,Switzerland,European Alps,Gornersee,ice,,45.96856,7.8076,1970-07-26,1970.0,,15.84,,
GLOF-EuropeanAlps-327,France,European Alps,,water pocket,,45.888773,6.855992,1970-09-04,1970.0,,,,
GLOF-EuropeanAlps-328,Switzerland,European Alps,Gornersee,ice,,45.96856,7.8076,1971-07-28,1971.0,,33.72,,
GLOF-EuropeanAlps-329,Switzerland,European Alps,,water pocket,,46.52357,7.928143,,,,,,
GLOF-EuropeanAlps-330,Switzerland,European Alps,Lake 3,ice,,46.174511,7.974113,1971-09-22,1971.0,,,,
GLOF-EuropeanAlps-331,Italy,European Alps,,moraine,,46.40096,8.35461,,,,,,
GLOF-EuropeanAlps-332,Italy,European Alps,,water pocket,,45.897169,7.847549,1971-12-09,1971.0,,2.27,,
GLOF-EuropeanAlps-333,Switzerland,European Alps,Gornersee,ice,,45.96856,7.8076,1972-07-15,1972.0,,18.0,,
GLOF-EuropeanAlps-334,Switzerland,European Alps,Gornersee,ice,,45.96856,7.8076,1973-07-06,1973.0,,19.35,,
GLOF-EuropeanAlps-335,Switzerland,European Alps,,water pocket,,45.988911,7.477624,1974-06-10,1974.0,,2.45,,
GLOF-EuropeanAlps-336,Switzerland,European Alps,Gornersee,ice,,45.96856,7.8076,1974-08-01,1974.0,,33.23,,
GLOF-EuropeanAlps-337,Italy,European Alps,,water pocket,,45.855614,6.98279,1974-08-22,1974.0,,,,
GLOF-EuropeanAlps-338,Italy,European Alps,Lake Miage,ice/moraine,,45.779394,6.871334,,,,,,
GLOF-EuropeanAlps-339,Switzerland,European Alps,Gornersee,ice,,45.96856,7.8076,1975-07-19,1975.0,,18.74,,
GLOF-EuropeanAlps-340,Switzerland,European Alps,,water pocket,,46.05307,7.944741,1976-03-15,1976.0,,,,
GLOF-EuropeanAlps-341,Switzerland,European Alps,Gornersee,ice,,45.96856,7.8076,1976-06-26,1976.0,,15.67,,
GLOF-EuropeanAlps-342,Switzerland,European Alps,,water pocket,,46.41019,7.84866,1976-07-11,1976.0,,,,
GLOF-EuropeanAlps-343,Switzerland,European Alps,,water pocket,,46.41019,7.84866,1976-07-11,1976.0,,,,
GLOF-EuropeanAlps-344,Switzerland,European Alps,Gornersee,ice,,45.96856,7.8076,1977-09-17,1977.0,,17.49,,
GLOF-EuropeanAlps-345,Switzerland,European Alps,Gornersee,ice,,45.96856,7.8076,1978-07-13,1978.0,,9.41,,
GLOF-EuropeanAlps-346,Italy,European Alps,Lago delle Locce,ice,,45.943292,7.914983,1978-08-02,1978.0,,,,
GLOF-EuropeanAlps-347,Switzerland,European Alps,,water pocket,,46.088326,7.82525,1978-08-28,1978.0,,2.5,,
GLOF-EuropeanAlps-348,Switzerland,European Alps,Gornersee,ice,,45.96856,7.8076,1979-06-30,1979.0,,20.4,,
GLOF-EuropeanAlps-349,Italy,European Alps,Lago delle Locce,ice,,45.943292,7.914983,1979-07-19,1979.0,,,,
GLOF-EuropeanAlps-350,Italy,European Alps,Lake Miage,ice/moraine,,45.779394,6.871334,,,,,,
GLOF-EuropeanAlps-351,Switzerland,European Alps,,ice,,46.10129,7.722082,1980-02-05,1980.0,500000.0,,351913.25728500524,
GLOF-EuropeanAlps-352,Switzerland,European Alps,,moraine,,46.063376,7.838983,,,,,,
GLOF-EuropeanAlps-353,Switzerland,European Alps,Gornersee,ice,,45.96856,7.8076,1980-08-14,1980.0,,18.84,,
GLOF-EuropeanAlps-354,Switzerland,European Alps,,water pocket,,46.018412,7.47286,1981-06-16,1981.0,,,,
GLOF-EuropeanAlps-355,Switzerland,European Alps,Gornersee,ice,,45.96856,7.8076,1981-07-10,1981.0,,18.64,,
GLOF-EuropeanAlps-356,Italy,European Alps,,water pocket,,45.857319,6.995694,1981-08-01,1981.0,,,,
GLOF-EuropeanAlps-357,Switzerland,European Alps,,water pocket,,46.135251,7.898472,,,,,,
GLOF-EuropeanAlps-358,Switzerland,European Alps,,water pocket,,46.618406,8.091002,1981-10-21,1981.0,,,,
GLOF-EuropeanAlps-359,Switzerland,European Alps,,water pocket,,46.009747,7.816446,1982-05-30,1982.0,,,,
GLOF-EuropeanAlps-360,Switzerland,European Alps,,water pocket,,46.135251,7.898472,1982-06-11,1982.0,,,,
GLOF-EuropeanAlps-361,Switzerland,European Alps,Gornersee,ice,,45.96856,7.8076,1982-07-05,1982.0,,9.93,,
GLOF-EuropeanAlps-362,Switzerland,European Alps,Gornersee,ice,,45.96856,7.8076,1983-07-11,1983.0,,6.74,,
GLOF-EuropeanAlps-363,Switzerland,European Alps,,ice,,46.578335,8.021358,1983-09-03,1983.0,,,,
GLOF-EuropeanAlps-364,Switzerland,European Alps,Gornersee,ice,,45.96856,7.8076,,,,,,
GLOF-EuropeanAlps-365,Italy,European Alps,,water pocket,,45.805256,6.891895,1984-04-20,1984.0,,,,
GLOF-EuropeanAlps-366,Italy,European Alps,,,,45.85139,6.97566,,,,,,
GLOF-EuropeanAlps-367,Switzerland,European Alps,Gornersee,ice,,45.96856,7.8076,1985-07-14,1985.0,,26.76,,
GLOF-EuropeanAlps-368,France,European Alps,,water pocket,,45.888773,6.855992,,,,,,
GLOF-EuropeanAlps-369,Italy,European Alps,Lake Miage,ice/moraine,,45.779394,6.871334,1986-07-08,1986.0,,,,
GLOF-EuropeanAlps-370,Switzerland,European Alps,Gornersee,ice,,45.96856,7.8076,1986-07-24,1986.0,,19.57,,
GLOF-EuropeanAlps-371,Switzerland,European Alps,,water pocket,,46.018412,7.47286,1986-09-18,1986.0,,,,
GLOF-EuropeanAlps-372,Switzerland,European Alps,Gornersee,ice,,45.96856,7.8076,1987-08-04,1987.0,,11.3,,
GLOF-EuropeanAlps-373,Switzerland,European Alps,,water pocket,,46.515726,8.221239,1987-08-23,1987.0,,,,
GLOF-EuropeanAlps-374,Switzerland,European Alps,,moraine,,46.596615,8.425502,1987-08-24,1987.0,,,,
GLOF-EuropeanAlps-375,Switzerland,European Alps,Gornersee,ice,,45.96856,7.8076,1988-06-27,1988.0,,9.8,,
GLOF-EuropeanAlps-376,Switzerland,European Alps,Gornersee,ice,,45.96856,7.8076,1989-06-29,1989.0,,19.0,,
GLOF-EuropeanAlps-377,Switzerland,European Alps,,water pocket,,46.41019,7.84866,1989-08-20,1989.0,,,,
GLOF-EuropeanAlps-378,Switzerland,European Alps,Gornersee,ice,,45.96856,7.8076,1990-07-04,1990.0,,19.93,,
GLOF-EuropeanAlps-379,Switzerland,European Alps,,moraine,,45.920237,7.06847,1990-07-10,1990.0,,,,
GLOF-EuropeanAlps-380,Italy,European Alps,Lake Miage,ice/moraine,,45.779394,6.871334,1990-08-09,1990.0,,,,
GLOF-EuropeanAlps-381,Switzerland,European Alps,Gornersee,ice,,45.96856,7.8076,,,,,,
GLOF-EuropeanAlps-382,Italy,European Alps,,water pocket,,45.852331,6.95709,1991-07-12,1991.0,,,,
GLOF-EuropeanAlps-383,France,European Alps,,water pocket,tunneling,44.553656,6.828005,1991-07-14,1991.0,50000.0,,59052.98150546904,
GLOF-EuropeanAlps-384,Switzerland,European Alps,Gornersee,ice,,45.96856,7.8076,1992-06-24,1992.0,,9.44,,
GLOF-EuropeanAlps-385,Switzerland,European Alps,Gornersee,ice,,45.96856,7.8076,1993-06-22,1993.0,,15.89,,
GLOF-EuropeanAlps-386,Switzerland,European Alps,Eastern Sirwoltesee,moraine,,46.212131,7.993581,1993-08-01,1993.0,,,,
GLOF-EuropeanAlps-387,Switzerland,European Alps,,moraine,,46.246944,8.075423,,,,,,
GLOF-EuropeanAlps-388,Switzerland,European Alps,Lower Sirwoltesee,moraine,,46.212131,7.993581,1993-09-24,1993.0,,70.0,,
GLOF-EuropeanAlps-389,Italy,European Alps,,moraine,,45.36468,7.16776,1993-09-24,1993.0,,,,
GLOF-EuropeanAlps-390,Switzerland,European Alps,Gornersee,ice,,45.96856,7.8076,1994-06-24,1994.0,,18.98,,
GLOF-EuropeanAlps-391,Switzerland,European Alps,Gornersee,ice,,45.96856,7.8076,,,,,,
GLOF-EuropeanAlps-392,Switzerland,European Alps,Gornersee,ice,,45.96856,7.8076,1996-07-23,1996.0,,17.37,,
GLOF-EuropeanAlps-393,Switzerland,European Alps,Gornersee,ice,,45.96856,7.8076,1997-06-24,1997.0,,22.85,,
GLOF-EuropeanAlps-394,France,European Alps,,water pocket,tunneling,44.553656,6.828005,1997-07-25,1997.0,70000.0,,76651.27381339653,
GLOF-EuropeanAlps-395,France,European Alps,,water pocket,,45.888773,6.855992,1997-07-31,1997.0,,,,
GLOF-EuropeanAlps-396,Switzerland,European Alps,,moraine,,45.943644,7.058266,1997-08-05,1997.0,,,,
GLOF-EuropeanAlps-397,Switzerland,European Alps,Gornersee,ice,,45.96856,7.8076,1998-06-13,1998.0,,13.1,,
GLOF-EuropeanAlps-398,Switzerland,European Alps,Steinsee,moraine,,46.72502,8.433497,1998-08-23,1998.0,,,,
GLOF-EuropeanAlps-399,Switzerland,European Alps,Gornersee,ice,,45.96856,7.8076,1999-06-16,1999.0,,7.63,,
GLOF-EuropeanAlps-400,Switzerland,European Alps,,water pocket,,45.9784,7.32529,2000-06-20,2000.0,,,,
GLOF-EuropeanAlps-401,Switzerland,European Alps,Gornersee,ice,,45.96856,7.8076,2000-06-21,2000.0,,23.53,,
GLOF-EuropeanAlps-402,Switzerland,European Alps,Gornersee,ice,,45.96856,7.8076,2001-06-22,2001.0,,10.77,,
GLOF-EuropeanAlps-403,Switzerland,European Alps,,moraine,,46.063376,7.838983,2001-06-25,2001.0,,,,
GLOF-EuropeanAlps-404,Switzerland,European Alps,Gornersee,ice,,45.96856,7.8076,2002-07-15,2002.0,,19.85,,
GLOF-EuropeanAlps-405,Italy,European Alps,Lago Effimero,supraglacial,subglacial,45.953396,7.911803,2003-06-18,2003.0,,20.0,,
GLOF-EuropeanAlps-406,Switzerland,European Alps,Gornersee,ice,,45.96856,7.8076,2003-06-21,2003.0,,21.95,,
GLOF-EuropeanAlps-407,Switzerland,European Alps,,ice,,46.618406,8.091002,2003-07-14,2003.0,,,,
GLOF-EuropeanAlps-408,Switzerland,European Alps,Gornersee,ice,channel enlargement,45.96856,7.8076,2004-07-07,2004.0,,25.37,,
GLOF-EuropeanAlps-409,Switzerland,European Alps,,moraine,,46.519405,7.911579,2004-08-04,2004.0,,,,
GLOF-EuropeanAlps-410,Italy,European Alps,Lake Miage,ice/moraine,,45.779394,6.871334,2004-09-03,2004.0,,,,
GLOF-EuropeanAlps-411,Switzerland,European Alps,Gornersee,ice,floatation,45.96856,7.8076,2005-06-12,2005.0,,11.6,,
GLOF-EuropeanAlps-412,Austria,European Alps,Unterer Eisbodensee,ice,subglacial,47.132987,12.60467,2005-07-27,2005.0,,,,
GLOF-EuropeanAlps-413,Switzerland,European Alps,Gornersee,ice,overtopping,45.96856,7.8076,2006-07-07,2006.0,3700000.0,,1660575.6543177743,
GLOF-EuropeanAlps-414,Switzerland,European Alps,,water pocket,,46.415751,9.836194,2006-07-11,2006.0,,,,
GLOF-EuropeanAlps-415,Switzerland,European Alps,Gornersee,ice,"floatation, overtopping",45.96856,7.8076,2007-07-06,2007.0,3680000.0,,1653613.212133127,
GLOF-EuropeanAlps-416,Switzerland,European Alps,,supraglacial,,46.613937,8.045844,2008-05-30,2008.0,800000.0,111.0,506603.484474981,
GLOF-EuropeanAlps-417,Switzerland,European Alps,Gornersee,ice,"channel enlargement, overtopping",45.96856,7.8076,2008-06-20,2008.0,2690000.0,20.0,1296980.7074349602,
GLOF-EuropeanAlps-418,Switzerland,European Alps,,subglacial,,46.515726,8.221239,2008-08-21,2008.0,,,,
GLOF-EuropeanAlps-419,Switzerland,European Alps,Gornersee,ice,channel enlargement,45.96856,7.8076,2009-06-18,2009.0,1270000.0,20.0,724870.1474259212,
GLOF-EuropeanAlps-420,Switzerland,European Alps,,ice,,46.618406,8.091002,2009-08-26,2009.0,,,,
GLOF-EuropeanAlps-421,Switzerland,European Alps,Gornersee,ice,channel enlargement,45.96856,7.8076,2010-06-22,2010.0,5110000.0,30.0,2132827.3546219096,
GLOF-EuropeanAlps-422,Switzerland,European Alps,Gornersee,ice,channel enlargement,45.96856,7.8076,2011-06-07,2011.0,1950000.0,14.0,1010706.935252653,
GLOF-EuropeanAlps-423,Switzerland,European Alps,,ice,,46.618406,8.091002,2011-06-29,2011.0,10000.0,,16959.17090519572,
GLOF-EuropeanAlps-424,Switzerland,European Alps,Lac de Faverges,ice,,46.380339,7.539623,2011-07-11,2011.0,,,,
GLOF-EuropeanAlps-425,Switzerland,European Alps,,ice,,46.618406,8.091002,2011-08-23,2011.0,,200.0,,
GLOF-EuropeanAlps-426,Switzerland,European Alps,Gornersee,ice,overtopping,45.96856,7.8076,2012-06-21,2012.0,2760000.0,,1323068.1040401487,
GLOF-EuropeanAlps-427,Switzerland,European Alps,Lac de Faverges,ice,,46.380339,7.539623,2012-07-10,2012.0,1600000.0,11.2,867011.3011625025,
GLOF-EuropeanAlps-428,Switzerland,European Alps,Gornersee,ice,overtopping,45.96856,7.8076,2013-06-04,2013.0,300000.0,,236842.61798839972,
GLOF-EuropeanAlps-429,Switzerland,European Alps,Lac de Faverges,ice,,46.380339,7.539623,2013-07-29,2013.0,1550000.0,16.6,845933.3867524024,
GLOF-EuropeanAlps-430,Switzerland,European Alps,Gornersee,ice,overtopping,45.96856,7.8076,2014-06-01,2014.0,640000.0,,426131.98343690083,
GLOF-EuropeanAlps-431,Switzerland,European Alps,,water pocket,,46.52357,7.928143,2014-07-31,2014.0,,,,
GLOF-EuropeanAlps-432,Switzerland,European Alps,Lac de Faverges,ice,,46.380339,7.539623,2014-08-02,2014.0,2000000.0,18.4,1030739.2153613124,
GLOF-EuropeanAlps-433,Switzerland,European Alps,Gornersee,ice,overtopping,45.96856,7.8076,2015-05-17,2015.0,1110000.0,,653019.7341240587,
GLOF-EuropeanAlps-434,Switzerland,European Alps,Lac de Faverges,ice,,46.380339,7.539623,2015-07-24,2015.0,2200000.0,6.8,1109778.105026745,
GLOF-EuropeanAlps-435,Switzerland,European Alps,Lac de Faverges,ice,,46.380339,7.539623,2016-08-27,2016.0,2300000.0,40.3,1148686.1610799443,
GLOF-EuropeanAlps-436,Switzerland,European Alps,,water pocket,,46.079748,7.878285,2017-05-30,2017.0,,,,
GLOF-EuropeanAlps-437,Switzerland,European Alps,Lac de Faverges,ice,,46.380339,7.539623,2017-07-17,2017.0,2100000.0,32.1,1070470.2761470869,
GLOF-EuropeanAlps-438,Switzerland,European Alps,,water pocket,,46.079748,7.878285,2017-12-17,2017.0,,,,
GLOF-EuropeanAlps-439,Switzerland,European Alps,Lac de Faverges,ice,,46.380339,7.539623,2018-07-27,2018.0,2000000.0,80.0,1030739.2153613124,
GLOF-EuropeanAlps-440,Italy,European Alps,Lake Miage,ice/moraine,,45.779394,6.871334,2018-09-25,2018.0,,,,
GLOF-EuropeanAlps-441,Switzerland,European Alps,Claridensee,snow,breach,46.8565,8.871204,2019-06-16,2019.0,,,,
GLOF-EuropeanAlps-442,Switzerland,European Alps,,water pocket,,46.02716,7.697029,2019-07-24,2019.0,,,,
GLOF-EuropeanAlps-443,Switzerland,European Alps,Lac de Faverges,ice,,46.380339,7.539623,2019-08-24,2019.0,500000.0,,351913.25728500524,
GLOF-NWNorthAmerica-1,Canada,NW North America,Donjek glacier lake,ice,,61.185,-139.484,,,234000000.0,2900.0,41342206.65521424,
GLOF-NWNorthAmerica-2,Canada,NW North America,Lake Alsek,ice,,60.41,-138.735,,,,,,
GLOF-NWNorthAmerica-3,USA,NW North America,Hidden Creek Lake,ice,,61.560855,-143.093834,,,,,,
GLOF-NWNorthAmerica-4,USA,NW North America,Hidden Creek Lake,ice,,61.560855,-143.093834,,,,,,
GLOF-NWNorthAmerica-5,USA,NW North America,Hidden Creek Lake,ice,,61.560855,-143.093834,,,,,,
GLOF-NWNorthAmerica-6,USA,NW North America,Hidden Creek Lake,ice,,61.560855,-143.093834,,,,,,
GLOF-NWNorthAmerica-7,USA,NW North America,Hidden Creek Lake,ice,,61.560855,-143.093834,,,,,,
GLOF-NWNorthAmerica-8,USA,NW North America,Hidden Creek Lake,ice,,61.560855,-143.093834,,,,,,
GLOF-NWNorthAmerica-9,USA,NW North America,Hidden Creek Lake,ice,,61.560855,-143.093834,,,,,,
GLOF-NWNorthAmerica-10,USA,NW North America,Hidden Creek Lake,ice,,61.560855,-143.093834,,,,,,
GLOF-NWNorthAmerica-11,USA,NW North America,Hidden Creek Lake,ice,,61.560855,-143.093834,,,,,,
GLOF-NWNorthAmerica-12,USA,NW North America,Hidden Creek Lake,ice,,61.560855,-143.093834,,,,,,
GLOF-NWNorthAmerica-13,USA,NW North America,Hidden Creek Lake,ice,,61.560855,-143.093834,,,,,,
GLOF-NWNorthAmerica-14,USA,NW North America,Hidden Creek Lake,ice,,61.560855,-143.093834,,,,,,
GLOF-NWNorthAmerica-15,USA,NW North America,Hidden Creek Lake,ice,,61.560855,-143.093834,,,,,,
GLOF-NWNorthAmerica-16,USA,NW North America,Hidden Creek Lake,ice,,61.560855,-143.093834,,,,,,
GLOF-NWNorthAmerica-17,USA,NW North America,Hidden Creek Lake,ice,,61.560855,-143.093834,,,,,,
GLOF-NWNorthAmerica-18,USA,NW North America,Hidden Creek Lake,ice,,61.560855,-143.093834,,,,,,
GLOF-NWNorthAmerica-19,USA,NW North America,Hidden Creek Lake,ice,,61.560855,-143.093834,,,,,,
GLOF-NWNorthAmerica-20,USA,NW North America,Hidden Creek Lake,ice,,61.560855,-143.093834,,,,,,
GLOF-NWNorthAmerica-21,USA,NW North America,Hidden Creek Lake,ice,,61.560855,-143.093834,,,,,,
GLOF-NWNorthAmerica-22,USA,NW North America,Hidden Creek Lake,ice,,61.560855,-143.093834,,,,,,
GLOF-NWNorthAmerica-23,USA,NW North America,Hidden Creek Lake,ice,,61.560855,-143.093834,,,,,,
GLOF-NWNorthAmerica-24,USA,NW North America,Hidden Creek Lake,ice,,61.560855,-143.093834,,,,,,
GLOF-NWNorthAmerica-25,USA,NW North America,Hidden Creek Lake,ice,,61.560855,-143.093834,,,,,,
GLOF-NWNorthAmerica-26,USA,NW North America,Hidden Creek Lake,ice,,61.560855,-143.093834,,,,,,
GLOF-NWNorthAmerica-27,USA,NW North America,Hidden Creek Lake,ice,,61.560855,-143.093834,,,,,,
GLOF-NWNorthAmerica-28,USA,NW North America,Hidden Creek Lake,ice,,61.560855,-143.093834,,,,,,
GLOF-NWNorthAmerica-29,USA,NW North America,Hidden Creek Lake,ice,,61.560855,-143.093834,,,,,,
GLOF-NWNorthAmerica-30,USA,NW North America,Hidden Creek Lake,ice,,61.560855,-143.093834,,,,,,
GLOF-NWNorthAmerica-31,USA,NW North America,Hidden Creek Lake,ice,,61.560855,-143.093834,,,,,,
GLOF-NWNorthAmerica-32,USA,NW North America,Hidden Creek Lake,ice,,61.560855,-143.093834,,,,,,
GLOF-NWNorthAmerica-33,USA,NW North America,Hidden Creek Lake,ice,,61.560855,-143.093834,,,,,,
GLOF-NWNorthAmerica-34,USA,NW North America,Hidden Creek Lake,ice,,61.560855,-143.093834,,,,,,
GLOF-NWNorthAmerica-35,USA,NW North America,Hidden Creek Lake,ice,,61.560855,-143.093834,,,,,,
GLOF-NWNorthAmerica-36,USA,NW North America,Dixon Lake,ice,,58.466097,-136.805277,,,,,,
GLOF-NWNorthAmerica-37,USA,NW North America,Hidden Creek Lake,ice,,61.560855,-143.093834,,,,,,
GLOF-NWNorthAmerica-38,USA,NW North America,Hidden Creek Lake,ice,,61.560855,-143.093834,,,,,,
GLOF-NWNorthAmerica-39,USA,NW North America,Hidden Creek Lake,ice,,61.560855,-143.093834,,,,,,
GLOF-NWNorthAmerica-40,USA,NW North America,Hidden Creek Lake,ice,,61.560855,-143.093834,,,,,,
GLOF-NWNorthAmerica-41,USA,NW North America,Hidden Creek Lake,ice,,61.560855,-143.093834,,,,,,
GLOF-NWNorthAmerica-42,USA,NW North America,Hidden Creek Lake,ice,,61.560855,-143.093834,,,,,,
GLOF-NWNorthAmerica-43,USA,NW North America,Hidden Creek Lake,ice,,61.560855,-143.093834,,,,,,
GLOF-NWNorthAmerica-44,USA,NW North America,Lake George,ice,,61.313,-148.576,,,,,,
GLOF-NWNorthAmerica-45,USA,NW North America,Hidden Creek Lake,ice,,61.560855,-143.093834,,,,,,
GLOF-NWNorthAmerica-46,USA,NW North America,Hidden Creek Lake,ice,,61.560855,-143.093834,,,,,,
GLOF-NWNorthAmerica-47,USA,NW North America,Hidden Creek Lake,ice,,61.560855,-143.093834,,,,,,
GLOF-NWNorthAmerica-48,USA,NW North America,Hidden Creek Lake,ice,,61.560855,-143.093834,,,,,,
GLOF-NWNorthAmerica-49,USA,NW North America,Hidden Creek Lake,ice,,61.560855,-143.093834,,,,,,
GLOF-NWNorthAmerica-50,USA,NW North America,Hidden Creek Lake,ice,,61.560855,-143.093834,,,,,,
GLOF-NWNorthAmerica-51,USA,NW North America,Hidden Creek Lake,ice,,61.560855,-143.093834,,,,,,
GLOF-NWNorthAmerica-52,USA,NW North America,Hidden Creek Lake,ice,,61.560855,-143.093834,,,,,,
GLOF-NWNorthAmerica-53,USA,NW North America,Hidden Creek Lake,ice,,61.560855,-143.093834,,,,,,
GLOF-NWNorthAmerica-54,USA,NW North America,Hidden Creek Lake,ice,,61.560855,-143.093834,,,,,,
GLOF-NWNorthAmerica-55,USA,NW North America,Van Cleve Lake,ice,,60.695872,-144.408245,1909-02-09,1909.0,,5663.37,,
GLOF-NWNorthAmerica-56,Canada,NW North America,Lake Alsek,ice,,60.41,-138.735,,,,,,
GLOF-NWNorthAmerica-57,USA,NW North America,Hidden Creek Lake,ice,,61.560855,-143.093834,,,,,,
GLOF-NWNorthAmerica-58,Canada,NW North America,Tulsequah Lake,ice,,58.820674,-133.823862,,,,,,
GLOF-NWNorthAmerica-59,USA,NW North America,Hidden Creek Lake,ice,,61.560855,-143.093834,1911-09-15,1911.0,,,,
GLOF-NWNorthAmerica-60,USA,NW North America,Hidden Creek Lake,ice,,61.560855,-143.093834,,,,,,
GLOF-NWNorthAmerica-61,USA,NW North America,Van Cleve Lake,ice,,60.695872,-144.408245,1912-08-16,1912.0,,,,
GLOF-NWNorthAmerica-62,USA,NW North America,Trap Lake,ice,,61.245,-145.918,1913-10-16,1913.0,,42.47,,
GLOF-NWNorthAmerica-63,USA,NW North America,Hidden Creek Lake,ice,,61.560855,-143.093834,,,,,,
GLOF-NWNorthAmerica-64,USA,NW North America,Hidden Creek Lake,ice,,61.560855,-143.093834,,,,,,
GLOF-NWNorthAmerica-65,USA,NW North America,Trap Lake,ice,,61.245,-145.918,,,,,,
GLOF-NWNorthAmerica-66,USA,NW North America,Hidden Creek Lake,ice,,61.560855,-143.093834,,,,,,
GLOF-NWNorthAmerica-67,USA,NW North America,,ice,,61.19,-145.935,,,,,,
GLOF-NWNorthAmerica-68,USA,NW North America,Hidden Creek Lake,ice,,61.560855,-143.093834,,,,,,
GLOF-NWNorthAmerica-69,USA,NW North America,Hidden Creek Lake,ice,,61.560855,-143.093834,,,,,,
GLOF-NWNorthAmerica-70,USA,NW North America,Bearhole Lakes,ice,,58.4967,-136.9173,,,,,,
GLOF-NWNorthAmerica-71,Canada,NW North America,Flood Lake,ice,,57.167432,-131.912756,,,,,,
GLOF-NWNorthAmerica-72,Canada,NW North America,Flood Lake,ice,,57.167432,-131.912756,,,,,,
GLOF-NWNorthAmerica-73,Canada,NW North America,Flood Lake,ice,,57.167432,-131.912756,,,,,,
GLOF-NWNorthAmerica-74,Canada,NW North America,Flood Lake,ice,,57.167432,-131.912756,,,,,,
GLOF-NWNorthAmerica-75,Canada,NW North America,Flood Lake,ice,,57.167432,-131.912756,,,,,,
GLOF-NWNorthAmerica-76,Canada,NW North America,Flood Lake,ice,,57.167432,-131.912756,,,,,,
GLOF-NWNorthAmerica-77,Canada,NW North America,Flood Lake,ice,,57.167432,-131.912756,,,,,,
GLOF-NWNorthAmerica-78,Canada,NW North America,Flood Lake,ice,,57.167432,-131.912756,,,,,,
GLOF-NWNorthAmerica-79,Canada,NW North America,Flood Lake,ice,,57.167432,-131.912756,,,,,,
GLOF-NWNorthAmerica-80,Canada,NW North America,Flood Lake,ice,,57.167432,-131.912756,,,,,,
GLOF-NWNorthAmerica-81,Canada,NW North America,Flood Lake,ice,,57.167432,-131.912756,,,,,,
GLOF-NWNorthAmerica-82,Canada,NW North America,Flood Lake,ice,,57.167432,-131.912756,,,,,,
GLOF-NWNorthAmerica-83,Canada,NW North America,Flood Lake,ice,,57.167432,-131.912756,,,,,,
GLOF-NWNorthAmerica-84,Canada,NW North America,Flood Lake,ice,,57.167432,-131.912756,,,,,,
GLOF-NWNorthAmerica-85,Canada,NW North America,Flood Lake,ice,,57.167432,-131.912756,,,,,,
GLOF-NWNorthAmerica-86,Canada,NW North America,Flood Lake,ice,,57.167432,-131.912756,,,,,,
GLOF-NWNorthAmerica-87,Canada,NW North America,Flood Lake,ice,,57.167432,-131.912756,,,,,,
GLOF-NWNorthAmerica-88,Canada,NW North America,Flood Lake,ice,,57.167432,-131.912756,,,,,,
GLOF-NWNorthAmerica-89,Canada,NW North America,Flood Lake,ice,,57.167432,-131.912756,,,,,,
GLOF-NWNorthAmerica-90,Canada,NW North America,Flood Lake,ice,,57.167432,-131.912756,,,,,,
GLOF-NWNorthAmerica-91,Canada,NW North America,Flood Lake,ice,,57.167432,-131.912756,,,,,,
GLOF-NWNorthAmerica-92,USA,NW North America,Hidden Creek Lake,ice,,61.560855,-143.093834,,,,,,
GLOF-NWNorthAmerica-93,USA,NW North America,Lake George,ice,,61.313,-148.576,,,,,,
GLOF-NWNorthAmerica-94,USA,NW North America,Hidden Creek Lake,ice,,61.560855,-143.093834,,,,,,
GLOF-NWNorthAmerica-95,USA,NW North America,Lake George,ice,,61.313,-148.576,,,,,,
GLOF-NWNorthAmerica-96,USA,NW North America,,ice,,61.19,-145.935,,,,,,
GLOF-NWNorthAmerica-97,USA,NW North America,Trap Lake,ice,,61.245,-145.918,,,,,,
GLOF-NWNorthAmerica-98,USA,NW North America,Dixon Lake,ice,,58.466097,-136.805277,,,,,,
GLOF-NWNorthAmerica-99,USA,NW North America,Hidden Creek Lake,ice,,61.560855,-143.093834,,,,,,
GLOF-NWNorthAmerica-100,USA,NW North America,Lake George,ice,,61.313,-148.576,,,,,,
GLOF-NWNorthAmerica-101,USA,NW North America,Lake George,ice,,61.313,-148.576,,,,,,
GLOF-NWNorthAmerica-102,USA,NW North America,Hidden Creek Lake,ice,,61.560855,-143.093834,1921-09-16,1921.0,,,,
GLOF-NWNorthAmerica-103,USA,NW North America,Lake George,ice,,61.313,-148.576,,,,,,
GLOF-NWNorthAmerica-104,USA,NW North America,Hidden Creek Lake,ice,,61.560855,-143.093834,1922-09-02,1922.0,,,,
GLOF-NWNorthAmerica-105,USA,NW North America,Lake George,ice,,61.313,-148.576,,,,,,
GLOF-NWNorthAmerica-106,USA,NW North America,Hidden Creek Lake,ice,,61.560855,-143.093834,1923-08-20,1923.0,,,,
GLOF-NWNorthAmerica-107,USA,NW North America,Hidden Creek Lake,ice,,61.560855,-143.093834,,,,,,
GLOF-NWNorthAmerica-108,USA,NW North America,Lake George,ice,,61.313,-148.576,,,,,,
GLOF-NWNorthAmerica-109,USA,NW North America,Lake George,ice,,61.313,-148.576,,,,,,
GLOF-NWNorthAmerica-110,USA,NW North America,Hidden Creek Lake,ice,,61.560855,-143.093834,1925-09-07,1925.0,,,,
GLOF-NWNorthAmerica-111,USA,NW North America,Lake George,ice,,61.313,-148.576,,,,,,
GLOF-NWNorthAmerica-112,Canada,NW North America,Tulsequah Lake,ice,,58.820674,-133.823862,,,,,,
GLOF-NWNorthAmerica-113,USA,NW North America,Hidden Creek Lake,ice,,61.560855,-143.093834,1926-08-29,1926.0,,,,
GLOF-NWNorthAmerica-114,USA,NW North America,,water pocket,debris flow outburst flood supplemented,46.796,-121.743,1926-10-01,1926.0,,150.0,,
GLOF-NWNorthAmerica-115,USA,NW North America,Hidden Creek Lake,ice,,61.560855,-143.093834,,,,,,
GLOF-NWNorthAmerica-116,USA,NW North America,Lower Skolai Lake,ice,,61.661,-142.41,,,,,,
GLOF-NWNorthAmerica-117,USA,NW North America,Lake George,ice,,61.313,-148.576,,,,,,
GLOF-NWNorthAmerica-118,Canada,NW North America,Tide Lake,moraine,moraine dam failure,56.3056,-130.0692,,,,,,
GLOF-NWNorthAmerica-119,USA,NW North America,Hidden Creek Lake,ice,,61.560855,-143.093834,,,,,,
GLOF-NWNorthAmerica-120,USA,NW North America,Lake George,ice,,61.313,-148.576,,,,,,
GLOF-NWNorthAmerica-121,USA,NW North America,Hidden Creek Lake,ice,,61.560855,-143.093834,,,,,,
GLOF-NWNorthAmerica-122,USA,NW North America,Lake George,ice,,61.313,-148.576,,,,,,
GLOF-NWNorthAmerica-123,USA,NW North America,Hidden Creek Lake,ice,,61.560855,-143.093834,,,,,,
GLOF-NWNorthAmerica-124,USA,NW North America,Lake George,ice,,61.313,-148.576,,,,,,
GLOF-NWNorthAmerica-125,USA,NW North America,Hidden Creek Lake,ice,,61.560855,-143.093834,,,,,,
GLOF-NWNorthAmerica-126,USA,NW North America,Lake George,ice,,61.313,-148.576,,,,,,
GLOF-NWNorthAmerica-127,USA,NW North America,Lake George,ice,,61.313,-148.576,,,,,,
GLOF-NWNorthAmerica-128,USA,NW North America,Lakes in the Tazlina River basin,ice,,61.6069,-146.583,,,,,,
GLOF-NWNorthAmerica-129,USA,NW North America,Hidden Creek Lake,ice,,61.560855,-143.093834,1932-08-15,1932.0,,,,
GLOF-NWNorthAmerica-130,Canada,NW North America,Tulsequah Lake,ice,,58.820674,-133.823862,1932-08-18,1932.0,,,,
GLOF-NWNorthAmerica-131,USA,NW North America,,water pocket,debris flow 7 m high and 50m wide. landslide on lateral moraine resulted from outburst,46.796,-121.743,1932-10-14,1932.0,,150.0,,
GLOF-NWNorthAmerica-132,USA,NW North America,Lake George,ice,,61.313,-148.576,,,,,,
GLOF-NWNorthAmerica-133,USA,NW North America,,moraine,,44.11229,-121.780375,,,,,,
GLOF-NWNorthAmerica-134,USA,NW North America,,moraine,,44.113823,-121.779871,1933-08-12,1933.0,,262.5,,
GLOF-NWNorthAmerica-135,USA,NW North America,Hidden Creek Lake,ice,,61.560855,-143.093834,1933-08-28,1933.0,,,,
GLOF-NWNorthAmerica-136,USA,NW North America,Hidden Creek Lake,ice,,61.560855,-143.093834,,,,,,
GLOF-NWNorthAmerica-137,USA,NW North America,Lake George,ice,,61.313,-148.576,,,,,,
GLOF-NWNorthAmerica-138,USA,NW North America,,moraine,,44.696499,-121.792813,1934-08-21,1934.0,,450.0,,
GLOF-NWNorthAmerica-139,USA,NW North America,Lower Skolai Lake,ice,,61.661,-142.41,,,,,,
GLOF-NWNorthAmerica-140,USA,NW North America,,water pocket,debris flow; water flooded in 3 or 4 distinct surges,46.796,-121.743,1934-10-24,1934.0,,150.0,,
GLOF-NWNorthAmerica-141,USA,NW North America,Hidden Creek Lake,ice,,61.560855,-143.093834,,,,,,
GLOF-NWNorthAmerica-142,USA,NW North America,Lake George,ice,,61.313,-148.576,,,,,,
GLOF-NWNorthAmerica-143,USA,NW North America,Hidden Creek Lake,ice,,61.560855,-143.093834,,,,,,
GLOF-NWNorthAmerica-144,USA,NW North America,Lake George,ice,,61.313,-148.576,,,,,,
GLOF-NWNorthAmerica-145,USA,NW North America,,moraine,,44.657097,-121.790023,,,,,,
GLOF-NWNorthAmerica-146,USA,NW North America,Hidden Creek Lake,ice,,61.560855,-143.093834,,,,,,
GLOF-NWNorthAmerica-147,USA,NW North America,Lake George,ice,,61.313,-148.576,,,,,,
GLOF-NWNorthAmerica-148,USA,NW North America,Hidden Creek Lake,ice,,61.560855,-143.093834,,,,,,
GLOF-NWNorthAmerica-149,USA,NW North America,Lake George,ice,,61.313,-148.576,,,,,,
GLOF-NWNorthAmerica-150,USA,NW North America,,moraine,,37.970278,-119.318611,,,,,,
GLOF-NWNorthAmerica-151,USA,NW North America,Hidden Creek Lake,ice,,61.560855,-143.093834,,,,,,
GLOF-NWNorthAmerica-152,USA,NW North America,Lake George,ice,,61.313,-148.576,,,,,,
GLOF-NWNorthAmerica-153,USA,NW North America,Hidden Creek Lake,ice,,61.560855,-143.093834,,,,,,
GLOF-NWNorthAmerica-154,USA,NW North America,Strandline Lake,ice,,61.505747,-151.910019,,,,,,
GLOF-NWNorthAmerica-155,USA,NW North America,Lake George,ice,,61.313,-148.576,,,,,,
GLOF-NWNorthAmerica-156,USA,NW North America,Hidden Creek Lake,ice,,61.560855,-143.093834,,,,,,
GLOF-NWNorthAmerica-157,USA,NW North America,Lake George,ice,,61.313,-148.576,,,,,,
GLOF-NWNorthAmerica-158,USA,NW North America,Hidden Creek Lake,ice,,61.560855,-143.093834,,,,,,
GLOF-NWNorthAmerica-159,USA,NW North America,White Branch,moraine,,44.1842,-121.7883,,,,545.0,,
GLOF-NWNorthAmerica-160,USA,NW North America,Lake George,ice,,61.313,-148.576,,,,,,
GLOF-NWNorthAmerica-161,Canada,NW North America,Tulsequah Lake,ice,,58.820674,-133.823862,,,,,,
GLOF-NWNorthAmerica-162,USA,NW North America,Hidden Creek Lake,ice,,61.560855,-143.093834,,,,,,
GLOF-NWNorthAmerica-163,USA,NW North America,Lake George,ice,,61.313,-148.576,,,,,,
GLOF-NWNorthAmerica-164,Canada,NW North America,Tulsequah Lake,ice,,58.820674,-133.823862,,,,,,
GLOF-NWNorthAmerica-165,USA,NW North America,Hidden Creek Lake,ice,,61.560855,-143.093834,,,,,,
GLOF-NWNorthAmerica-166,USA,NW North America,Lake George,ice,,61.313,-148.576,,,,,,
GLOF-NWNorthAmerica-167,Canada,NW North America,Tulsequah Lake,ice,,58.820674,-133.823862,1944-08-15,1944.0,,,,
GLOF-NWNorthAmerica-168,USA,NW North America,Hidden Creek Lake,ice,,61.560855,-143.093834,,,,,,
GLOF-NWNorthAmerica-169,USA,NW North America,Lake George,ice,,61.313,-148.576,,,,,,
GLOF-NWNorthAmerica-170,Canada,NW North America,Tulsequah Lake,ice,,58.820674,-133.823862,1945-08-08,1945.0,,,,
GLOF-NWNorthAmerica-171,USA,NW North America,,unknown,,61.245,-145.918,,,,,,
GLOF-NWNorthAmerica-172,USA,NW North America,Hidden Creek Lake,ice,,61.560855,-143.093834,,,,,,
GLOF-NWNorthAmerica-173,USA,NW North America,Lake George,ice,,61.313,-148.576,,,,,,
GLOF-NWNorthAmerica-174,Canada,NW North America,Tulsequah Lake,ice,,58.820674,-133.823862,1946-08-04,1946.0,,,,
GLOF-NWNorthAmerica-175,USA,NW North America,Hidden Creek Lake,ice,,61.560855,-143.093834,,,,,,
GLOF-NWNorthAmerica-176,USA,NW North America,Lake George,ice,,61.313,-148.576,,,,,,
GLOF-NWNorthAmerica-177,Canada,NW North America,Tulsequah Lake,ice,,58.820674,-133.823862,1947-08-05,1947.0,,,,
GLOF-NWNorthAmerica-178,Canada,NW North America,East Grouty,moraine,,50.6333,-122.9903,,,,,,
GLOF-NWNorthAmerica-179,USA,NW North America,,water pocket,water; outburst flood suplemented by rainfall,46.796,-121.743,1947-10-01,1947.0,,150.0,,
GLOF-NWNorthAmerica-180,USA,NW North America,,water pocket,debris flow; outburst triggered by rainfall,46.827,-121.77,1947-10-02,1947.0,,,,
GLOF-NWNorthAmerica-181,USA,NW North America,Hidden Creek Lake,ice,,61.560855,-143.093834,,,,,,
GLOF-NWNorthAmerica-182,USA,NW North America,Lake George,ice,,61.313,-148.576,,,,,,
GLOF-NWNorthAmerica-183,Canada,NW North America,Tulsequah Lake,ice,,58.820674,-133.823862,1948-07-23,1948.0,,,,
GLOF-NWNorthAmerica-184,USA,NW North America,Hidden Creek Lake,ice,,61.560855,-143.093834,,,,,,
GLOF-NWNorthAmerica-185,Canada,NW North America,Copper,moraine,,50.9714,-123.1922,,,,,,
GLOF-NWNorthAmerica-186,Canada,NW North America,South Macoun Lake,moraine,ice avalanche?,51.2133,-117.3789,,,,670.0,,
GLOF-NWNorthAmerica-187,Canada,NW North America,East Granite,moraine,,51.0583,-123.3469,,,,,,
GLOF-NWNorthAmerica-188,Canada,NW North America,Leckie South,moraine,,50.9494,-123.2081,,,,,,
GLOF-NWNorthAmerica-189,USA,NW North America,Lake George,ice,,61.313,-148.576,,,,,,
GLOF-NWNorthAmerica-190,Canada,NW North America,Tulsequah Lake,ice,,58.820674,-133.823862,1949-08-07,1949.0,,,,
GLOF-NWNorthAmerica-191,USA,NW North America,Snow,ice,,60.482579,-148.924999,1949-10-18,1949.0,,421.92,,
GLOF-NWNorthAmerica-192,USA,NW North America,Hidden Creek Lake,ice,,61.560855,-143.093834,,,,,,
GLOF-NWNorthAmerica-193,USA,NW North America,Lake George,ice,,61.313,-148.576,,,,,,
GLOF-NWNorthAmerica-194,Canada,NW North America,Tulsequah Lake,ice,,58.820674,-133.823862,1950-07-27,1950.0,,,,
GLOF-NWNorthAmerica-195,USA,NW North America,Big Lake,ice,,61.59664,-146.620789,1950-09-04,1950.0,,1246.08,,
GLOF-NWNorthAmerica-196,Canada,NW North America,Kaskawulsh Lake,ice,,60.778189,-139.135408,,,,,,
GLOF-NWNorthAmerica-197,USA,NW North America,Hidden Creek Lake,ice,,61.560855,-143.093834,,,,,,
GLOF-NWNorthAmerica-198,Canada,NW North America,,moraine,ice avalanche?,51.1311,-117.6775,,,,575.0,,
GLOF-NWNorthAmerica-199,USA,NW North America,,moraine,,44.657097,-121.790023,,,,,,
GLOF-NWNorthAmerica-200,Canada,NW North America,Tulsequah Lake,ice,,58.820674,-133.823862,1951-07-26,1951.0,,,,
GLOF-NWNorthAmerica-201,USA,NW North America,Lake George,ice,,61.313,-148.576,1951-07-27,1951.0,,,,
GLOF-NWNorthAmerica-202,USA,NW North America,Snow,ice,,60.482579,-148.924999,1951-11-06,1951.0,,311.48,,
GLOF-NWNorthAmerica-203,USA,NW North America,Hidden Creek Lake,ice,,61.560855,-143.093834,,,,,,
GLOF-NWNorthAmerica-204,USA,NW North America,Lake George,ice,,61.313,-148.576,,,,,,
GLOF-NWNorthAmerica-205,Canada,NW North America,Tulsequah Lake,ice,,58.820674,-133.823862,1952-08-06,1952.0,,,,
GLOF-NWNorthAmerica-206,USA,NW North America,Hidden Creek Lake,ice,,61.560855,-143.093834,,,,,,
GLOF-NWNorthAmerica-207,USA,NW North America,Lake George,ice,,61.313,-148.576,,,,,,
GLOF-NWNorthAmerica-208,Canada,NW North America,Tulsequah Lake,ice,,58.820674,-133.823862,1953-07-06,1953.0,,530.0,,
GLOF-NWNorthAmerica-209,USA,NW North America,Big Lake,ice,,61.59664,-146.620789,1953-08-30,1953.0,,,,
GLOF-NWNorthAmerica-210,USA,NW North America,Snow,ice,,60.482579,-148.924999,1953-12-06,1953.0,,198.22,,
GLOF-NWNorthAmerica-211,USA,NW North America,Hidden Creek Lake,ice,,61.560855,-143.093834,,,,,,
GLOF-NWNorthAmerica-212,USA,NW North America,Lake George,ice,,61.313,-148.576,,,,,,
GLOF-NWNorthAmerica-213,Canada,NW North America,Tulsequah Lake,ice,,58.820674,-133.823862,1954-09-11,1954.0,,210.0,,
GLOF-NWNorthAmerica-214,USA,NW North America,,moraine,,48.3925,-121.2847,,,,,,
GLOF-NWNorthAmerica-215,USA,NW North America,Hidden Creek Lake,ice,,61.560855,-143.093834,,,,,,
GLOF-NWNorthAmerica-216,USA,NW North America,Lake George,ice,,61.313,-148.576,,,,,,
GLOF-NWNorthAmerica-217,USA,NW North America,Big Lake,ice,,61.59664,-146.620789,1955-08-31,1955.0,,1331.04,,
GLOF-NWNorthAmerica-218,Canada,NW North America,Tulsequah Lake,ice,,58.820674,-133.823862,1955-09-04,1955.0,,,,
GLOF-NWNorthAmerica-219,USA,NW North America,,water pocket,debris flow; 5 or 6 surges of water within 45 min. ice and boulders in flow and at 30% by volume,46.796,-121.743,1955-10-25,1955.0,,2000.0,,
GLOF-NWNorthAmerica-220,USA,NW North America,Hidden Creek Lake,ice,,61.560855,-143.093834,,,,,,
GLOF-NWNorthAmerica-221,USA,NW North America,Lake George,ice,,61.313,-148.576,,,,,,
GLOF-NWNorthAmerica-222,Canada,NW North America,Tulsequah Lake,ice,,58.820674,-133.823862,1956-08-29,1956.0,,,,
GLOF-NWNorthAmerica-223,USA,NW North America,Snow,ice,,60.482579,-148.924999,1956-10-19,1956.0,,353.96,,
GLOF-NWNorthAmerica-224,USA,NW North America,Hidden Creek Lake,ice,,61.560855,-143.093834,,,,,,
GLOF-NWNorthAmerica-225,USA,NW North America,,moraine,,44.698029,-121.798835,,,,225.0,,
GLOF-NWNorthAmerica-226,USA,NW North America,Lake George,ice,,61.313,-148.576,,,,,,
GLOF-NWNorthAmerica-227,Canada,NW North America,Tulsequah Lake,ice,,58.820674,-133.823862,1957-08-04,1957.0,,1440.0,,
GLOF-NWNorthAmerica-228,USA,NW North America,Big Lake,ice,,61.59664,-146.620789,1957-09-08,1957.0,,1056.336,,
GLOF-NWNorthAmerica-229,USA,NW North America,Hidden Creek Lake,ice,,61.560855,-143.093834,,,,,,
GLOF-NWNorthAmerica-230,USA,NW North America,Strandline Lake,ice,,61.505747,-151.910019,,,,,,
GLOF-NWNorthAmerica-231,Canada,NW North America,Tulsequah Lake,ice,,58.820674,-133.823862,1958-07-07,1958.0,,1556.0,,
GLOF-NWNorthAmerica-232,USA,NW North America,Lake George,ice,,61.313,-148.576,1958-07-18,1958.0,,10200.0,,
GLOF-NWNorthAmerica-233,USA,NW North America,Snow,ice,,60.482579,-148.924999,1958-10-08,1958.0,,393.6,,
GLOF-NWNorthAmerica-234,Canada,NW North America,Strohn Lake,ice,,56.10376,-129.670515,1958-10-19,1958.0,,,,
GLOF-NWNorthAmerica-235,USA,NW North America,Hidden Creek Lake,ice,,61.560855,-143.093834,,,,,,
GLOF-NWNorthAmerica-236,Canada,NW North America,Tulsequah Lake,ice,,58.820674,-133.823862,,,,,,
GLOF-NWNorthAmerica-237,USA,NW North America,,ice,,61.19,-145.935,1959-06-17,1959.0,,,,
GLOF-NWNorthAmerica-238,USA,NW North America,Lake George,ice,,61.313,-148.576,1959-06-26,1959.0,,6320.0,,
GLOF-NWNorthAmerica-239,USA,NW North America,Big Lake,ice,,61.59664,-146.620789,1959-07-11,1959.0,,648.528,,
GLOF-NWNorthAmerica-240,Canada,NW North America,Strohn Lake,ice,,56.10376,-129.670515,1959-10-26,1959.0,,,,
GLOF-NWNorthAmerica-241,USA,NW North America,,moraine,,44.483785,-121.838696,,,,,,
GLOF-NWNorthAmerica-242,USA,NW North America,Hidden Creek Lake,ice,,61.560855,-143.093834,,,,,,
GLOF-NWNorthAmerica-243,USA,NW North America,Lake George,ice,,61.313,-148.576,1960-07-12,1960.0,,9290.0,,
GLOF-NWNorthAmerica-244,USA,NW North America,Dixon Lake,ice,,58.466097,-136.805277,1960-09-07,1960.0,,,,
GLOF-NWNorthAmerica-245,Canada,NW North America,Tulsequah Lake,ice,,58.820674,-133.823862,1960-09-07,1960.0,,909.0,,
GLOF-NWNorthAmerica-246,USA,NW North America,Big Lake,ice,,61.59664,-146.620789,1960-10-01,1960.0,,617.376,,
GLOF-NWNorthAmerica-247,Canada,NW North America,Strohn Lake,ice,,56.10376,-129.670515,1960-10-06,1960.0,,,,
GLOF-NWNorthAmerica-248,USA,NW North America,Hidden Creek Lake,ice,,61.560855,-143.093834,,,,,,
GLOF-NWNorthAmerica-249,USA,NW North America,Lake George,ice,englacial and subglacial seepage,61.313,-148.576,1961-07-20,1961.0,,10100.0,,
GLOF-NWNorthAmerica-250,Canada,NW North America,Tulsequah Lake,ice,,58.820674,-133.823862,1961-08-12,1961.0,,1700.0,,
GLOF-NWNorthAmerica-251,USA,NW North America,,ice,debris flow was preceded by water flow over its top,46.827,-121.77,1961-08-23,1961.0,,,,
GLOF-NWNorthAmerica-252,USA,NW North America,Snow,ice,,60.482579,-148.924999,1961-09-29,1961.0,,543.68,,
GLOF-NWNorthAmerica-253,Canada,NW North America,Tulsequah Lake,ice,,58.820674,-133.823862,1961-10-03,1961.0,,917.0,,
GLOF-NWNorthAmerica-254,Canada,NW North America,Strohn Lake,ice,,56.10376,-129.670515,1961-10-21,1961.0,,,,
GLOF-NWNorthAmerica-255,Canada,NW North America,Summit Lake,ice,,56.201261,-130.079713,1961-12-22,1961.0,155740000.0,1132.7,30152771.00438094,
GLOF-NWNorthAmerica-256,USA,NW North America,Hidden Creek Lake,ice,,61.560855,-143.093834,,,,,,
GLOF-NWNorthAmerica-257,USA,NW North America,Lake George,ice,englacial and subglacial seepage,61.313,-148.576,1962-06-26,1962.0,,4670.0,,
GLOF-NWNorthAmerica-258,USA,NW North America,Van Cleve Lake,ice,,60.695872,-144.408245,,,,8891.5,,
GLOF-NWNorthAmerica-259,Canada,NW North America,Tulsequah Lake,ice,,58.820674,-133.823862,1962-08-10,1962.0,,1300.0,,
GLOF-NWNorthAmerica-260,Canada,NW North America,Strohn Lake,ice,,56.10376,-129.670515,1962-08-13,1962.0,,,,
GLOF-NWNorthAmerica-261,USA,NW North America,Big Lake,ice,,61.59664,-146.620789,1962-08-14,1962.0,,1719.024,,
GLOF-NWNorthAmerica-262,USA,NW North America,,ice,,60.579,-144.638,,,,,,
GLOF-NWNorthAmerica-263,USA,NW North America,Hidden Creek Lake,ice,,61.560855,-143.093834,,,,,,
GLOF-NWNorthAmerica-264,Canada,NW North America,Tulsequah Lake,ice,,58.820674,-133.823862,,,,,,
GLOF-NWNorthAmerica-265,USA,NW North America,Hidden Creek Lake,ice,,61.560855,-143.093834,,,,,,
GLOF-NWNorthAmerica-266,Canada,NW North America,Tulsequah Lake,ice,,58.820674,-133.823862,,,,,,
GLOF-NWNorthAmerica-267,Canada,NW North America,Bridge Lake,moraine,,50.8242,-123.4911,,,1300000.0,600.0,738108.8179997611,
GLOF-NWNorthAmerica-268,USA,NW North America,Lake George,ice,englacial and subglacial seepage,61.313,-148.576,1964-06-26,1964.0,,6120.0,,
GLOF-NWNorthAmerica-269,USA,NW North America,Snow,ice,,60.482579,-148.924999,1964-09-17,1964.0,,450.24,,
GLOF-NWNorthAmerica-270,USA,NW North America,Hidden Creek Lake,ice,,61.560855,-143.093834,,,,,,
GLOF-NWNorthAmerica-271,Canada,NW North America,Tulsequah Lake,ice,,58.820674,-133.823862,,,,,,
GLOF-NWNorthAmerica-272,USA,NW North America,Lake George,ice,englacial and subglacial seepage,61.313,-148.576,1965-07-07,1965.0,,6690.0,,
GLOF-NWNorthAmerica-273,Canada,NW North America,Gilbert,moraine,,50.9167,-124.1808,,,,,,
GLOF-NWNorthAmerica-274,USA,NW North America,Big Lake,ice,,61.59664,-146.620789,1965-08-17,1965.0,,1432.992,,
GLOF-NWNorthAmerica-275,Canada,NW North America,Summit Lake,ice,,56.201261,-130.079713,1965-11-30,1965.0,,3110.0,,
GLOF-NWNorthAmerica-276,USA,NW North America,,ice,,60.579,-144.638,,,,,,
GLOF-NWNorthAmerica-277,USA,NW North America,Hidden Creek Lake,ice,,61.560855,-143.093834,,,,,,
GLOF-NWNorthAmerica-278,Canada,NW North America,Tulsequah Lake,ice,,58.820674,-133.823862,,,,,,
GLOF-NWNorthAmerica-279,Canada,NW North America,Summit Lake,ice,englacial and subglacial seepage,56.201261,-130.079713,1966-03-26,1966.0,,265.0,,
GLOF-NWNorthAmerica-280,USA,NW North America,Lake George,ice,,61.313,-148.576,1966-06-22,1966.0,,4080.0,,
GLOF-NWNorthAmerica-281,USA,NW North America,Big Lake,ice,,61.59664,-146.620789,1966-07-28,1966.0,,767.472,,
GLOF-NWNorthAmerica-282,USA,NW North America,Broken Top,moraine,ice avalanche,44.0814,-121.6858,1966-10-07,1966.0,,285.0,,
GLOF-NWNorthAmerica-283,USA,NW North America,Hidden Creek Lake,ice,,61.560855,-143.093834,,,,,,
GLOF-NWNorthAmerica-284,USA,NW North America,,ice,,58.39,-134.348,,,,,,
GLOF-NWNorthAmerica-285,Canada,NW North America,Tulsequah Lake,ice,,58.820674,-133.823862,1967-08-05,1967.0,,1230.0,,
GLOF-NWNorthAmerica-286,USA,NW North America,Snow,ice,,60.482579,-148.924999,1967-08-26,1967.0,,778.71,,
GLOF-NWNorthAmerica-287,USA,NW North America,,water pocket,water flood; subglacial cavity connection at high pressure to low pressure drainage system,46.824,-121.805,1967-08-29,1967.0,,3.0,,
GLOF-NWNorthAmerica-288,USA,NW North America,,water pocket,debris flow; subglacial cavity connection at high pressure to low pressure drainage system,46.824,-121.805,1967-08-31,1967.0,,680.0,,
GLOF-NWNorthAmerica-289,Canada,NW North America,Summit Lake,ice,englacial and subglacial seepage,56.201261,-130.079713,1967-09-11,1967.0,,2950.0,,
GLOF-NWNorthAmerica-290,USA,NW North America,,water pocket,debris flow; subglacial cavity connection at high pressure to low pressure drainage system,46.824,-121.805,1967-09-15,1967.0,,680.0,,
GLOF-NWNorthAmerica-291,USA,NW North America,,moraine,,59.60376,-151.116188,,,,15000.0,,
GLOF-NWNorthAmerica-292,USA,NW North America,Hidden Creek Lake,ice,,61.560855,-143.093834,,,,,,
GLOF-NWNorthAmerica-293,USA,NW North America,,water pocket,water floods; subglacial cavity connection at high pressure to low pressure drainage system,46.824,-121.805,,,,680.0,,
GLOF-NWNorthAmerica-294,Canada,NW North America,Tulsequah Lake,ice,,58.820674,-133.823862,1968-05-17,1968.0,,1270.0,,
GLOF-NWNorthAmerica-295,USA,NW North America,,water pocket,water flood,46.796,-121.743,1968-06-02,1968.0,,83.0,,
GLOF-NWNorthAmerica-296,USA,NW North America,Big Lake,ice,,61.59664,-146.620789,1968-07-26,1968.0,,1489.632,,
GLOF-NWNorthAmerica-297,Canada,NW North America,Summit Lake,ice,,56.201261,-130.079713,1968-11-13,1968.0,,1640.0,,
GLOF-NWNorthAmerica-298,USA,NW North America,Hidden Creek Lake,ice,,61.560855,-143.093834,,,,,,
GLOF-NWNorthAmerica-299,USA,NW North America,Skilak lake,ice,,60.199099,-149.944668,1969-01-11,1969.0,,,,
GLOF-NWNorthAmerica-300,Canada,NW North America,Tulsequah Lake,ice,,58.820674,-133.823862,1969-05-21,1969.0,,1520.0,,
GLOF-NWNorthAmerica-301,Canada,NW North America,Summit Lake,ice,englacial and subglacial seepage,56.201261,-130.079713,1969-07-07,1969.0,,280.0,,
GLOF-NWNorthAmerica-302,USA,NW North America,Van Cleve Lake,ice,,60.695872,-144.408245,,,,4530.7,,
GLOF-NWNorthAmerica-303,USA,NW North America,,ice,,63.241,-145.468,,,,,,
GLOF-NWNorthAmerica-304,USA,NW North America,Hidden Creek Lake,ice,,61.560855,-143.093834,,,,,,
GLOF-NWNorthAmerica-305,USA,NW North America,Nelchina-unknown,ice,,61.6985,-147.009,,,,,,
GLOF-NWNorthAmerica-306,USA,NW North America,Strandline Lake,ice,,61.505747,-151.910019,,,,,,
GLOF-NWNorthAmerica-307,USA,NW North America,,ice,water flood; two peaks on hydrograph about 2hr apart,46.796,-121.743,1970-07-04,1970.0,,85.0,,
GLOF-NWNorthAmerica-308,Canada,NW North America,Summit Lake,ice,salmon,56.201261,-130.079713,1970-08-02,1970.0,,3260.0,,
GLOF-NWNorthAmerica-309,USA,NW North America,,water pocket,water flood; subglacial cavity connection at high pressure to low pressure drainage system,46.824,-121.805,1970-08-21,1970.0,,1000.0,,
GLOF-NWNorthAmerica-310,USA,NW North America,Squaw Creek,moraine,overflow,44.1408,-121.7739,1970-09-07,1970.0,,490.0,,
GLOF-NWNorthAmerica-311,USA,NW North America,Snow,ice,,60.482579,-148.924999,1970-09-10,1970.0,,481.39,,
GLOF-NWNorthAmerica-312,Canada,NW North America,Tulsequah Lake,ice,,58.820674,-133.823862,1970-09-29,1970.0,,1160.0,,
GLOF-NWNorthAmerica-313,USA,NW North America,Hidden Creek Lake,ice,,61.560855,-143.093834,,,,,,
GLOF-NWNorthAmerica-314,Canada,NW North America,Tulsequah Lake,ice,,58.820674,-133.823862,,,,,,
GLOF-NWNorthAmerica-315,Canada,NW North America,Klattasine Lake,moraine,,51.18,-124.88,,,4500000.0,1444.0,1932673.551612026,
GLOF-NWNorthAmerica-316,USA,NW North America,,water pocket,water flood; subglacial cavity connection at high pressure to low pressure drainage system,46.824,-121.805,1971-08-10,1971.0,,1000.0,,
GLOF-NWNorthAmerica-317,USA,NW North America,Chakachamna Lake,ice,,61.208121,-152.589798,1971-08-11,1971.0,,13300.0,,
GLOF-NWNorthAmerica-318,Canada,NW North America,Summit Lake,ice,,56.201261,-130.079713,1971-08-26,1971.0,,3960.0,,
GLOF-NWNorthAmerica-319,USA,NW North America,Skilak lake,ice,,60.199099,-149.944668,1971-09-06,1971.0,,,,
GLOF-NWNorthAmerica-320,USA,NW North America,Hidden Creek Lake,ice,,61.560855,-143.093834,,,,,,
GLOF-NWNorthAmerica-321,Canada,NW North America,Tulsequah Lake,ice,,58.820674,-133.823862,1972-05-26,1972.0,,1880.0,,
GLOF-NWNorthAmerica-322,USA,NW North America,,ice,water flood; probably included englacial water,46.796,-121.743,1972-07-14,1972.0,,155.0,,
GLOF-NWNorthAmerica-323,USA,NW North America,Desolation Lake,ice,subglacial tunneling,58.751,-137.604,,,,,,
GLOF-NWNorthAmerica-324,Canada,NW North America,Summit Lake,ice,,56.201261,-130.079713,1972-10-11,1972.0,,1830.0,,
GLOF-NWNorthAmerica-325,USA,NW North America,Hidden Creek Lake,ice,,61.560855,-143.093834,,,,,,
GLOF-NWNorthAmerica-326,Canada,NW North America,Summit Lake,ice,,56.201261,-130.079713,,,,,,
GLOF-NWNorthAmerica-327,USA,NW North America,Van Cleve Lake,ice,,60.695872,-144.408245,,,,8495.1,,
GLOF-NWNorthAmerica-328,USA,NW North America,Skilak lake,ice,,60.199099,-149.944668,1974-08-15,1974.0,,,,
GLOF-NWNorthAmerica-329,USA,NW North America,Hidden Creek Lake,ice,,61.560855,-143.093834,1974-08-16,1974.0,,,,
GLOF-NWNorthAmerica-330,Canada,NW North America,Tulsequah Lake,ice,,58.820674,-133.823862,1974-08-16,1974.0,,926.0,,
GLOF-NWNorthAmerica-331,USA,NW North America,Strandline Lake,ice,,61.505747,-151.910019,,,,,,
GLOF-NWNorthAmerica-332,Canada,NW North America,Summit Lake,ice,,56.201261,-130.079713,1974-09-09,1974.0,,,,
GLOF-NWNorthAmerica-333,USA,NW North America,Snow,ice,,60.482579,-148.924999,1974-09-10,1974.0,,707.92,,
GLOF-NWNorthAmerica-334,USA,NW North America,Hazard Lake,ice,,61.258349,-140.207133,,,,,,
GLOF-NWNorthAmerica-335,USA,NW North America,Hidden Creek Lake,ice,,61.560855,-143.093834,1975-08-06,1975.0,,,,
GLOF-NWNorthAmerica-336,Canada,NW North America,Summit Lake,ice,,56.201261,-130.079713,1975-08-25,1975.0,,,,
GLOF-NWNorthAmerica-337,USA,NW North America,,ice,debris flow off moraine,46.827,-121.77,1975-10-01,1975.0,,,,
GLOF-NWNorthAmerica-338,USA,NW North America,Hidden Creek Lake,ice,,61.560855,-143.093834,,,,,,
GLOF-NWNorthAmerica-339,Canada,NW North America,Summit Lake,ice,,56.201261,-130.079713,1976-09-03,1976.0,,,,
GLOF-NWNorthAmerica-340,USA,NW North America,Hidden Creek Lake,ice,,61.560855,-143.093834,,,,,,
GLOF-NWNorthAmerica-341,USA,NW North America,Hazard Lake,ice,,61.258349,-140.207133,1977-08-04,1977.0,,,,
GLOF-NWNorthAmerica-342,USA,NW North America,Snow,ice,,60.482579,-148.924999,1977-08-30,1977.0,,393.6,,
GLOF-NWNorthAmerica-343,USA,NW North America,Desolation Lake,ice,subglacial tunneling,58.751,-137.604,,,,,,
GLOF-NWNorthAmerica-344,USA,NW North America,Skilak lake,ice,,60.199099,-149.944668,1977-09-02,1977.0,,,,
GLOF-NWNorthAmerica-345,Canada,NW North America,Tulsequah Lake,ice,,58.820674,-133.823862,1977-09-11,1977.0,,549.0,,
GLOF-NWNorthAmerica-346,Canada,NW North America,Summit Lake,ice,,56.201261,-130.079713,1977-11-04,1977.0,,,,
GLOF-NWNorthAmerica-347,USA,NW North America,Hazard Lake,ice,,61.258349,-140.207133,1978-08-08,1978.0,,640.0,,
GLOF-NWNorthAmerica-348,USA,NW North America,Hidden Creek Lake,ice,,61.560855,-143.093834,1978-08-10,1978.0,,,,
GLOF-NWNorthAmerica-349,USA,NW North America,Desolation Lake,ice,subglacial tunneling,58.751,-137.604,,,,,,
GLOF-NWNorthAmerica-350,Canada,NW North America,Summit Lake,ice,,56.201261,-130.079713,1978-08-20,1978.0,,,,
GLOF-NWNorthAmerica-351,Canada,NW North America,Tulsequah Lake,ice,,58.820674,-133.823862,1978-10-18,1978.0,,1220.0,,
GLOF-NWNorthAmerica-352,USA,NW North America,Hidden Creek Lake,ice,,61.560855,-143.093834,,,,,,
GLOF-NWNorthAmerica-353,USA,NW North America,,moraine,,44.483785,-121.838696,,,,,,
GLOF-NWNorthAmerica-354,USA,NW North America,,water pocket,water flood; subglacial cavity connection at high pressure to low pressure drainage system,46.824,-121.805,,,,1000.0,,
GLOF-NWNorthAmerica-355,USA,NW North America,Hazard Lake,ice,,61.258349,-140.207133,1979-07-11,1979.0,,,,
GLOF-NWNorthAmerica-356,USA,NW North America,Strandline Lake,ice,,61.505747,-151.910019,1979-07-11,1979.0,,6100.0,,
GLOF-NWNorthAmerica-357,USA,NW North America,Van Cleve Lake,ice,,60.695872,-144.408245,,,,9259.6,,
GLOF-NWNorthAmerica-358,Canada,NW North America,Flood Lake,ice,,57.167432,-131.912756,1979-08-13,1979.0,,2160.0,,
GLOF-NWNorthAmerica-359,Canada,NW North America,Tulsequah Lake,ice,,58.820674,-133.823862,1979-09-12,1979.0,,800.0,,
GLOF-NWNorthAmerica-360,Canada,NW North America,Summit Lake,ice,,56.201261,-130.079713,1979-09-20,1979.0,,,,
GLOF-NWNorthAmerica-361,USA,NW North America,Snow,ice,,60.482579,-148.924999,1979-10-19,1979.0,,419.09,,
GLOF-NWNorthAmerica-362,USA,NW North America,Hidden Creek Lake,ice,,61.560855,-143.093834,,,,,,
GLOF-NWNorthAmerica-363,USA,NW North America,,moraine,,48.3925,-121.2847,,,,,,
GLOF-NWNorthAmerica-364,USA,NW North America,Desolation Lake,ice,subglacial tunneling,58.751,-137.604,,,,,,
GLOF-NWNorthAmerica-365,USA,NW North America,Hazard Lake,ice,,61.258349,-140.207133,1980-06-20,1980.0,,,,
GLOF-NWNorthAmerica-366,Canada,NW North America,Summit Lake,ice,,56.201261,-130.079713,1980-08-23,1980.0,,,,
GLOF-NWNorthAmerica-367,USA,NW North America,Strandline Lake,ice,,61.505747,-151.910019,1980-12-03,1980.0,,,,
GLOF-NWNorthAmerica-368,USA,NW North America,Hidden Creek Lake,ice,,61.560855,-143.093834,1981-07-19,1981.0,,,,
GLOF-NWNorthAmerica-369,USA,NW North America,,water pocket,water flood; subglacial cavity connection at high pressure to low pressure drainage system,46.824,-121.805,,,,1000.0,,
GLOF-NWNorthAmerica-370,Canada,NW North America,Summit Lake,ice,,56.201261,-130.079713,1981-08-02,1981.0,,,,
GLOF-NWNorthAmerica-371,USA,NW North America,Hidden Creek Lake,ice,,61.560855,-143.093834,,,,,,
GLOF-NWNorthAmerica-372,Canada,NW North America,MT Lake,ice,,51.237632,-124.518871,1982-07-20,1982.0,500000.0,47.0,351913.25728500524,
GLOF-NWNorthAmerica-373,USA,NW North America,Erie Lake,ice,,61.567854,-142.884085,1982-08-01,1982.0,,,,
GLOF-NWNorthAmerica-374,Canada,NW North America,Summit Lake,ice,,56.201261,-130.079713,1982-09-09,1982.0,,,,
GLOF-NWNorthAmerica-375,USA,NW North America,Snow,ice,,60.482579,-148.924999,1982-09-17,1982.0,,455.6688,,
GLOF-NWNorthAmerica-376,USA,NW North America,Strandline Lake,ice,,61.505747,-151.910019,1982-09-17,1982.0,,6100.0,,
GLOF-NWNorthAmerica-377,USA,NW North America,Skilak lake,ice,,60.199099,-149.944668,1982-10-05,1982.0,,,,
GLOF-NWNorthAmerica-378,Canada,NW North America,Tulsequah Lake,ice,,58.820674,-133.823862,1982-10-12,1982.0,,680.0,,
GLOF-NWNorthAmerica-379,USA,NW North America,Berg Lake,ice,,60.403511,-143.80331,,,,16990.11,,
GLOF-NWNorthAmerica-380,Canada,NW North America,Tulsequah Lake,ice,,58.820674,-133.823862,,,,,,
GLOF-NWNorthAmerica-381,Canada,NW North America,North Macoun Lake,moraine,flood piping?,51.2375,-117.3911,,,,,,
GLOF-NWNorthAmerica-382,Canada,NW North America,Nostetuko Lake,moraine,ice avalanche into moraine-dammed lake and overflow,51.206,-124.41,1983-07-19,1983.0,,1080.0,,
GLOF-NWNorthAmerica-383,Canada,NW North America,Summit Lake,ice,,56.201261,-130.079713,1983-07-20,1983.0,,,,
GLOF-NWNorthAmerica-384,USA,NW North America,Hidden Creek Lake,ice,,61.560855,-143.093834,1983-08-07,1983.0,,,,
GLOF-NWNorthAmerica-385,Canada,NW North America,MT Lake,ice,,51.237632,-124.518871,1983-08-08,1983.0,,,,
GLOF-NWNorthAmerica-386,USA,NW North America,Berg Lake,ice,,60.403511,-143.80331,,,,,,
GLOF-NWNorthAmerica-387,Canada,NW North America,Summit Lake,ice,,56.201261,-130.079713,1984-08-04,1984.0,,,,
GLOF-NWNorthAmerica-388,USA,NW North America,Hidden Creek Lake,ice,,61.560855,-143.093834,1984-08-26,1984.0,,,,
GLOF-NWNorthAmerica-389,USA,NW North America,Strandline Lake,ice,,61.505747,-151.910019,1984-09-14,1984.0,,6100.0,,
GLOF-NWNorthAmerica-390,Canada,NW North America,Ape Lake,ice,,52.096488,-126.176691,1984-10-20,1984.0,,1534.0,,
GLOF-NWNorthAmerica-391,USA,NW North America,,ice,debris flow,46.827,-121.77,1985-07-20,1985.0,,99.0,,
GLOF-NWNorthAmerica-392,USA,NW North America,Van Cleve Lake,ice,,60.695872,-144.408245,1985-08-02,1985.0,,4389.11,,
GLOF-NWNorthAmerica-393,USA,NW North America,Hidden Creek Lake,ice,,61.560855,-143.093834,1985-08-16,1985.0,,,,
GLOF-NWNorthAmerica-394,USA,NW North America,Desolation Lake,ice,subglacial tunneling,58.751,-137.604,,,,,,
GLOF-NWNorthAmerica-395,USA,NW North America,Skilak lake,ice,,60.199099,-149.944668,1985-11-01,1985.0,,,,
GLOF-NWNorthAmerica-396,USA,NW North America,Snow,ice,,60.482579,-148.924999,1985-11-21,1985.0,,339.84,,
GLOF-NWNorthAmerica-397,USA,NW North America,,water pocket,water flood; originated at base of active ice,46.796,-121.743,1986-06-22,1986.0,,1.7,,
GLOF-NWNorthAmerica-398,Canada,NW North America,Ape Lake,ice,,52.096488,-126.176691,,,,,,
GLOF-NWNorthAmerica-399,USA,NW North America,Hidden Creek Lake,ice,,61.560855,-143.093834,1986-08-06,1986.0,,382.0,,
GLOF-NWNorthAmerica-400,USA,NW North America,Desolation Lake,ice,subglacial tunneling,58.751,-137.604,,,,,,
GLOF-NWNorthAmerica-401,Canada,NW North America,Kaskawulsh Lake,ice,,60.778189,-139.135408,1986-09-03,1986.0,,,,
GLOF-NWNorthAmerica-402,USA,NW North America,,water pocket,debris flow,46.827,-121.77,1986-09-03,1986.0,,99.0,,
GLOF-NWNorthAmerica-403,USA,NW North America,Berg Lake,ice,,60.403511,-143.80331,1986-09-12,1986.0,,,,
GLOF-NWNorthAmerica-404,USA,NW North America,Van Cleve Lake,ice,,60.695872,-144.408245,,,,,,
GLOF-NWNorthAmerica-405,USA,NW North America,Russell Fjord,ice,overtopping by fjord water,59.993,-139.478,1986-10-08,1986.0,,105000.0,,
GLOF-NWNorthAmerica-406,USA,NW North America,,water pocket,debris flow; subglacial cavity connection at high pressure to low pressure drainage system,46.824,-121.805,1986-10-26,1986.0,,1000.0,,
GLOF-NWNorthAmerica-407,USA,NW North America,Hidden Creek Lake,ice,,61.560855,-143.093834,,,,,,
GLOF-NWNorthAmerica-408,USA,NW North America,,water pocket,debris flow; subglacial cavity connection at high pressure to low pressure drainage system,46.824,-121.805,1987-06-29,1987.0,,1000.0,,
GLOF-NWNorthAmerica-409,USA,NW North America,Big Lake,ice,,61.59664,-146.620789,,,,,,
GLOF-NWNorthAmerica-410,Canada,NW North America,Kaskawulsh Lake,ice,,60.778189,-139.135408,1987-08-05,1987.0,15600000.0,78.89,5066347.83172321,
GLOF-NWNorthAmerica-411,USA,NW North America,Desolation Lake,ice,subglacial tunneling,58.751,-137.604,,,,,,
GLOF-NWNorthAmerica-412,Canada,NW North America,Lake No Lake,ice,,58.878526,-133.862658,1987-08-25,1987.0,,1764.336,,
GLOF-NWNorthAmerica-413,USA,NW North America,,water pocket,debris flow; subglacial cavity connection at high pressure to low pressure drainage system,46.824,-121.805,1987-08-28,1987.0,,1000.0,,
GLOF-NWNorthAmerica-414,Canada,NW North America,Soo Lower,moraine,,50.2475,-123.2158,,,,,,
GLOF-NWNorthAmerica-415,USA,NW North America,,water pocket,debris flow; subglacial cavity connection at high pressure to low pressure drainage system,46.824,-121.805,1987-08-31,1987.0,,1000.0,,
GLOF-NWNorthAmerica-416,Canada,NW North America,Tulsequah Lake,ice,,58.820674,-133.823862,1987-09-11,1987.0,,995.0,,
GLOF-NWNorthAmerica-417,USA,NW North America,,water pocket,debris flow; subglacial cavity connection at high pressure to low pressure drainage system,46.824,-121.805,1987-09-26,1987.0,,1000.0,,
GLOF-NWNorthAmerica-418,Canada,NW North America,Kaskawulsh Lake,ice,,60.778189,-139.135408,,,15600000.0,,5066347.83172321,
GLOF-NWNorthAmerica-419,USA,NW North America,Erie Lake,ice,,61.567854,-142.884085,1988-07-17,1988.0,,,,
GLOF-NWNorthAmerica-420,USA,NW North America,Hidden Creek Lake,ice,,61.560855,-143.093834,1988-07-23,1988.0,,,,
GLOF-NWNorthAmerica-421,Canada,NW North America,Summit Lake,ice,,56.201261,-130.079713,1988-07-26,1988.0,,,,
GLOF-NWNorthAmerica-422,USA,NW North America,,water pocket,debris flow; subglacial cavity connection at high pressure to low pressure drainage system,46.824,-121.805,1988-07-26,1988.0,,190.0,,
GLOF-NWNorthAmerica-423,USA,NW North America,Strandline Lake,ice,,61.505747,-151.910019,1988-07-29,1988.0,,,,
GLOF-NWNorthAmerica-424,Canada,NW North America,Lake No Lake,ice,,58.878526,-133.862658,1988-07-31,1988.0,,1931.424,,
GLOF-NWNorthAmerica-425,Canada,NW North America,Tulsequah Lake,ice,,58.820674,-133.823862,1988-07-31,1988.0,,1750.0,,
GLOF-NWNorthAmerica-426,Canada,NW North America,unknown lake,ice,,58.85665659,-133.8633563,1988-08-12,1988.0,,968.44,,
GLOF-NWNorthAmerica-427,Canada,NW North America,Tulsequah Lake,ice,,58.820674,-133.823862,1988-09-16,1988.0,,,,
GLOF-NWNorthAmerica-428,USA,NW North America,Snow,ice,,60.482579,-148.924999,1988-10-19,1988.0,,334.176,,
GLOF-NWNorthAmerica-429,USA,NW North America,Hidden Creek Lake,ice,,61.560855,-143.093834,1989-07-19,1989.0,,,,
GLOF-NWNorthAmerica-430,USA,NW North America,Strandline Lake,ice,,61.505747,-151.910019,1989-08-13,1989.0,,,,
GLOF-NWNorthAmerica-431,Canada,NW North America,Tulsequah Lake,ice,,58.820674,-133.823862,1989-08-14,1989.0,,2180.0,,
GLOF-NWNorthAmerica-432,Canada,NW North America,Lake No Lake,ice,,58.878526,-133.862658,1989-08-15,1989.0,,3114.85,,
GLOF-NWNorthAmerica-433,Canada,NW North America,Summit Lake,ice,,56.201261,-130.079713,1989-08-17,1989.0,,,,
GLOF-NWNorthAmerica-434,USA,NW North America,Desolation Lake,ice,subglacial tunneling,58.751,-137.604,,,,,,
GLOF-NWNorthAmerica-435,Canada,NW North America,Tats Lake,moraine,moraine dam failure,59.629,-137.516,1990-06-28,1990.0,,1000.0,,
GLOF-NWNorthAmerica-436,USA,NW North America,Hidden Creek Lake,ice,,61.560855,-143.093834,1990-07-04,1990.0,,,,
GLOF-NWNorthAmerica-437,USA,NW North America,Strandline Lake,ice,,61.505747,-151.910019,1990-07-06,1990.0,,,,
GLOF-NWNorthAmerica-438,Canada,NW North America,Tulsequah Lake,ice,,58.820674,-133.823862,1990-07-18,1990.0,,1830.0,,
GLOF-NWNorthAmerica-439,Canada,NW North America,Summit Lake,ice,,56.201261,-130.079713,1990-07-25,1990.0,,,,
GLOF-NWNorthAmerica-440,Canada,NW North America,unknown lake,ice,,58.85665659,-133.8633563,1990-08-19,1990.0,,1888.73,,
GLOF-NWNorthAmerica-441,USA,NW North America,Desolation Lake,ice,subglacial tunneling,58.751,-137.604,,,,,,
GLOF-NWNorthAmerica-442,USA,NW North America,Skilak lake,ice,,60.199099,-149.944668,1990-11-15,1990.0,,,,
GLOF-NWNorthAmerica-443,USA,NW North America,Snow,ice,,60.482579,-148.924999,1990-10-28,1990.0,,444.624,,
GLOF-NWNorthAmerica-444,Canada,NW North America,Tulsequah Lake,ice,,58.820674,-133.823862,1991-08-03,1991.0,,1530.0,,
GLOF-NWNorthAmerica-445,USA,NW North America,Hidden Creek Lake,ice,,61.560855,-143.093834,1991-08-04,1991.0,,693.8,,
GLOF-NWNorthAmerica-446,Canada,NW North America,Summit Lake,ice,,56.201261,-130.079713,1991-08-07,1991.0,,,,
GLOF-NWNorthAmerica-447,USA,NW North America,Strandline Lake,ice,,61.505747,-151.910019,1991-08-11,1991.0,,,,
GLOF-NWNorthAmerica-448,Canada,NW North America,Lake No Lake,ice,,58.878526,-133.862658,1991-08-13,1991.0,,1631.232,,
GLOF-NWNorthAmerica-449,Canada,NW North America,Lake No Lake,ice,,58.878526,-133.862658,1991-08-30,1991.0,,1753.008,,
GLOF-NWNorthAmerica-450,USA,NW North America,Desolation Lake,ice,subglacial tunneling,58.751,-137.604,,,,,,
GLOF-NWNorthAmerica-451,Canada,NW North America,Tulsequah Lake,ice,,58.820674,-133.823862,1992-07-06,1992.0,,2130.0,,
GLOF-NWNorthAmerica-452,USA,NW North America,Hidden Creek Lake,ice,,61.560855,-143.093834,1992-07-07,1992.0,,764.6,,
GLOF-NWNorthAmerica-453,USA,NW North America,Strandline Lake,ice,,61.505747,-151.910019,1992-07-24,1992.0,,,,
GLOF-NWNorthAmerica-454,Canada,NW North America,Summit Lake,ice,,56.201261,-130.079713,1992-08-04,1992.0,,,,
GLOF-NWNorthAmerica-455,USA,NW North America,Van Cleve Lake,ice,,60.695872,-144.408245,1992-08-04,1992.0,,4247.53,,
GLOF-NWNorthAmerica-456,Canada,NW North America,Lake No Lake,ice,,58.878526,-133.862658,1992-08-18,1992.0,,2392.77,,
GLOF-NWNorthAmerica-457,Canada,NW North America,Tulsequah Lake,ice,,58.820674,-133.823862,1993-07-05,1993.0,,1990.0,,
GLOF-NWNorthAmerica-458,USA,NW North America,Hidden Creek Lake,ice,,61.560855,-143.093834,1993-07-06,1993.0,,382.3,,
GLOF-NWNorthAmerica-459,USA,NW North America,Erie Lake,ice,,61.567854,-142.884085,1993-07-13,1993.0,,305.82,,
GLOF-NWNorthAmerica-460,Canada,NW North America,Summit Lake,ice,,56.201261,-130.079713,1993-07-27,1993.0,,,,
GLOF-NWNorthAmerica-461,Canada,NW North America,Lake No Lake,ice,,58.878526,-133.862658,1993-07-25,1993.0,,2560.128,,
GLOF-NWNorthAmerica-462,USA,NW North America,Skilak lake,ice,,60.199099,-149.944668,1993-08-14,1993.0,,,,
GLOF-NWNorthAmerica-463,Canada,NW North America,Lake No Lake,ice,,58.878526,-133.862658,1993-09-02,1993.0,,1294.224,,
GLOF-NWNorthAmerica-464,Canada,NW North America,,moraine,,51.5994,-124.6189,1993-09-03,1993.0,,,,
GLOF-NWNorthAmerica-465,USA,NW North America,Snow,ice,,60.482579,-148.924999,1993-09-11,1993.0,,838.272,,
GLOF-NWNorthAmerica-466,USA,NW North America,Desolation Lake,ice,subglacial tunneling,58.751,-137.604,,,,,,
GLOF-NWNorthAmerica-467,USA,NW North America,Abyss Lake,ice,,58.50235,-136.624002,,,345000000.0,,55859087.61218603,
GLOF-NWNorthAmerica-468,USA,NW North America,,ice,subglacial,60.202083,-143.218794,,,,,,
GLOF-NWNorthAmerica-469,USA,NW North America,Berg Lake,ice,,60.403511,-143.80331,,,,,,
GLOF-NWNorthAmerica-470,USA,NW North America,Bonanza Lake 2,ice,,61.4764,-142.8905,1994-05-20,1994.0,,,,
GLOF-NWNorthAmerica-471,USA,NW North America,Jumbo Lake,ice,,61.4884,-142.8952,1994-05-20,1994.0,,,,
GLOF-NWNorthAmerica-472,USA,NW North America,Bonanza Lake 1,ice,,61.4764,-142.8905,1994-05-24,1994.0,,,,
GLOF-NWNorthAmerica-473,USA,NW North America,Donoho Creek Lake,ice,,61.5828,-142.9612,1994-06-18,1994.0,,,,
GLOF-NWNorthAmerica-474,USA,NW North America,Van Cleve Lake,ice,,60.695872,-144.408245,,,,,,
GLOF-NWNorthAmerica-475,USA,NW North America,Erie Lake,ice,,61.567854,-142.884085,1994-07-14,1994.0,,,,
GLOF-NWNorthAmerica-476,USA,NW North America,,ice,subglacial,60.202925,-143.204567,1994-07-27,1994.0,,3200.0,,
GLOF-NWNorthAmerica-477,Canada,NW North America,Lake No Lake,ice,,58.878526,-133.862658,1994-07-28,1994.0,,3001.92,,
GLOF-NWNorthAmerica-478,USA,NW North America,Donoho Creek Lake,ice,,61.5828,-142.9612,1994-07-29,1994.0,,,,
GLOF-NWNorthAmerica-479,USA,NW North America,Hidden Creek Lake,ice,,61.560855,-143.093834,1994-07-29,1994.0,,903.3,,
GLOF-NWNorthAmerica-480,Canada,NW North America,Tulsequah Lake,ice,,58.820674,-133.823862,1994-07-29,1994.0,,2420.0,,
GLOF-NWNorthAmerica-481,USA,NW North America,Jumbo Lake,ice,,61.4884,-142.8952,1994-07-30,1994.0,,,,
GLOF-NWNorthAmerica-482,Canada,NW North America,Tulsequah Lake,ice,,58.820674,-133.823862,1994-08-05,1994.0,,,,
GLOF-NWNorthAmerica-483,USA,NW North America,Desolation Lake,ice,subglacial tunneling,58.751,-137.604,,,,,,
GLOF-NWNorthAmerica-484,Canada,NW North America,Summit Lake,ice,,56.201261,-130.079713,1994-09-03,1994.0,,,,
GLOF-NWNorthAmerica-485,USA,NW North America,,ice,subglacial,60.199611,-143.210301,,,,,,
GLOF-NWNorthAmerica-486,USA,NW North America,Desolation Lake,ice,subglacial tunneling,58.751,-137.604,,,,,,
GLOF-NWNorthAmerica-487,USA,NW North America,Donoho Creek Lake,ice,,61.5828,-142.9612,1995-06-06,1995.0,,,,
GLOF-NWNorthAmerica-488,USA,NW North America,Big Lake,ice,,61.59664,-146.620789,,,,,,
GLOF-NWNorthAmerica-489,Canada,NW North America,Tulsequah Lake,ice,,58.820674,-133.823862,1995-07-21,1995.0,,2315.0,,
GLOF-NWNorthAmerica-490,USA,NW North America,Kennicott-unknown,ice,,61.5688,-143.134,1995-07-22,1995.0,,,,
GLOF-NWNorthAmerica-491,USA,NW North America,Donoho Creek Lake,ice,,61.5828,-142.9612,1995-07-23,1995.0,,,,
GLOF-NWNorthAmerica-492,USA,NW North America,Hidden Creek Lake,ice,,61.560855,-143.093834,1995-07-23,1995.0,,724.9,,
GLOF-NWNorthAmerica-493,Canada,NW North America,Lake No Lake,ice,,58.878526,-133.862658,1995-07-24,1995.0,,2704.26,,
GLOF-NWNorthAmerica-494,Canada,NW North America,Summit Lake,ice,,56.201261,-130.079713,1995-07-28,1995.0,,,,
GLOF-NWNorthAmerica-495,USA,NW North America,Nelchina-unknown,ice,,61.6985,-147.009,1995-07-30,1995.0,,,,
GLOF-NWNorthAmerica-496,USA,NW North America,Erie Lake,ice,,61.567854,-142.884085,1995-08-02,1995.0,,,,
GLOF-NWNorthAmerica-497,USA,NW North America,Desolation Lake,ice,subglacial tunneling,58.751,-137.604,,,,,,
GLOF-NWNorthAmerica-498,USA,NW North America,Van Cleve Lake,ice,,60.695872,-144.408245,,,,,,
GLOF-NWNorthAmerica-499,USA,NW North America,Skilak lake,ice,,60.199099,-149.944668,1995-10-15,1995.0,,,,
GLOF-NWNorthAmerica-500,Canada,NW North America,Lake No Lake,ice,,58.878526,-133.862658,1995-10-23,1995.0,,877.92,,
GLOF-NWNorthAmerica-501,USA,NW North America,Divide Lake,ice,,58.598758,-136.708248,1995-09-29,1995.0,,,,
GLOF-NWNorthAmerica-502,USA,NW North America,Hinge Lake,ice,,58.567279,-136.711721,1995-09-29,1995.0,,,,
GLOF-NWNorthAmerica-503,USA,NW North America,Divide Lake,ice,,58.598758,-136.708248,1995-09-30,1995.0,,,,
GLOF-NWNorthAmerica-504,USA,NW North America,Hinge Lake,ice,,58.567279,-136.711721,1995-09-30,1995.0,,,,
GLOF-NWNorthAmerica-505,USA,NW North America,Saddle Lake,ice,,58.538731,-136.665665,1995-09-30,1995.0,,,,
GLOF-NWNorthAmerica-506,USA,NW North America,Hinge Lake,ice,,58.567279,-136.711721,1995-11-04,1995.0,,,,
GLOF-NWNorthAmerica-507,USA,NW North America,Saddle Lake,ice,,58.538731,-136.665665,1995-11-04,1995.0,,,,
GLOF-NWNorthAmerica-508,USA,NW North America,Hinge Lake,ice,,58.567279,-136.711721,1996-01-13,1996.0,,,,
GLOF-NWNorthAmerica-509,USA,NW North America,Saddle Lake,ice,,58.538731,-136.665665,1996-01-13,1996.0,,,,
GLOF-NWNorthAmerica-510,USA,NW North America,Hinge Lake,ice,,58.567279,-136.711721,1996-03-03,1996.0,,,,
GLOF-NWNorthAmerica-511,USA,NW North America,Saddle Lake,ice,,58.538731,-136.665665,1996-03-03,1996.0,,,,
GLOF-NWNorthAmerica-512,USA,NW North America,Hinge Lake,ice,,58.567279,-136.711721,1996-03-04,1996.0,,,,
GLOF-NWNorthAmerica-513,USA,NW North America,Saddle Lake,ice,,58.538731,-136.665665,1996-03-04,1996.0,,,,
GLOF-NWNorthAmerica-514,USA,NW North America,Hinge Lake,ice,,58.567279,-136.711721,1996-03-22,1996.0,,,,
GLOF-NWNorthAmerica-515,USA,NW North America,Saddle Lake,ice,,58.538731,-136.665665,1996-03-22,1996.0,,,,
GLOF-NWNorthAmerica-516,USA,NW North America,Saddle Lake,ice,,58.538731,-136.665665,1996-03-23,1996.0,,,,
GLOF-NWNorthAmerica-517,USA,NW North America,Snow,ice,,60.482579,-148.924999,1996-07-27,1996.0,,438.96,,
GLOF-NWNorthAmerica-518,USA,NW North America,Kennicott-unknown,ice,,61.5688,-143.134,1996-07-30,1996.0,,,,
GLOF-NWNorthAmerica-519,USA,NW North America,Van Cleve Lake,ice,,60.695872,-144.408245,,,,,,
GLOF-NWNorthAmerica-520,USA,NW North America,Desolation Lake,ice,subglacial tunneling,58.751,-137.604,,,,,,
GLOF-NWNorthAmerica-521,Canada,NW North America,Lake No Lake,ice,,58.878526,-133.862658,1996-09-16,1996.0,,1668.048,,
GLOF-NWNorthAmerica-522,USA,NW North America,Abyss Lake,ice,,58.50235,-136.624002,,,,2480.0,,
GLOF-NWNorthAmerica-523,USA,NW North America,Desolation Lake,ice,subglacial tunneling,58.751,-137.604,,,,,,
GLOF-NWNorthAmerica-524,Canada,NW North America,Tulsequah Lake,ice,,58.820674,-133.823862,1997-06-27,1997.0,,1223.424,,
GLOF-NWNorthAmerica-525,Canada,NW North America,Lake No Lake,ice,,58.878526,-133.862658,1997-07-24,1997.0,,1965.408,,
GLOF-NWNorthAmerica-526,Canada,NW North America,Summit Lake,ice,,56.201261,-130.079713,1997-07-24,1997.0,,,,
GLOF-NWNorthAmerica-527,USA,NW North America,Big Lake,ice,,61.59664,-146.620789,,,,,,
GLOF-NWNorthAmerica-528,USA,NW North America,Kennicott-unknown,ice,,61.5688,-143.134,1997-08-08,1997.0,,,,
GLOF-NWNorthAmerica-529,USA,NW North America,Nelchina-unknown,ice,,61.6985,-147.009,1997-08-10,1997.0,,,,
GLOF-NWNorthAmerica-530,Canada,NW North America,Queen Bess Lake,moraine,ice avalanche into moraine-dammed lake and overflow,51.252753,-124.516792,1997-08-12,1997.0,74000000.0,1180.0,16935930.027462054,
GLOF-NWNorthAmerica-531,USA,NW North America,Van Cleve Lake,ice,,60.695872,-144.408245,,,,,,
GLOF-NWNorthAmerica-532,Canada,NW North America,Lake No Lake,ice,,58.878526,-133.862658,1997-09-23,1997.0,,1849.09,,
GLOF-NWNorthAmerica-533,USA,NW North America,Skilak lake,ice,,60.199099,-149.944668,1997-10-16,1997.0,,360.5136,,
GLOF-NWNorthAmerica-534,USA,NW North America,Abyss Lake,ice,,58.50235,-136.624002,,,,,,
GLOF-NWNorthAmerica-535,Canada,NW North America,Summit Lake,ice,,56.201261,-130.079713,1998-07-17,1998.0,,,,
GLOF-NWNorthAmerica-536,Canada,NW North America,Lake No Lake,ice,,58.878526,-133.862658,1998-07-30,1998.0,,1954.08,,
GLOF-NWNorthAmerica-537,Canada,NW North America,Tulsequah Lake,ice,,58.820674,-133.823862,1998-07-31,1998.0,,,,
GLOF-NWNorthAmerica-538,USA,NW North America,Kennicott-unknown,ice,,61.5688,-143.134,1998-08-10,1998.0,,,,
GLOF-NWNorthAmerica-539,USA,NW North America,Van Cleve Lake,ice,,60.695872,-144.408245,,,,,,
GLOF-NWNorthAmerica-540,USA,NW North America,Snow,ice,,60.482579,-148.924999,1998-09-30,1998.0,,379.488,,
GLOF-NWNorthAmerica-541,USA,NW North America,Desolation Lake,ice,subglacial tunneling,58.751,-137.604,,,,,,
GLOF-NWNorthAmerica-542,Canada,NW North America,unknown lake,ice,,58.85665659,-133.8633563,1999-03-24,1999.0,,,,
GLOF-NWNorthAmerica-543,Canada,NW North America,Tulsequah Lake,ice,,58.820674,-133.823862,1999-06-21,1999.0,,1506.624,,
GLOF-NWNorthAmerica-544,USA,NW North America,Hidden Creek Lake,ice,englacial and subglacial seepage,61.560855,-143.093834,1999-07-14,1999.0,,190.0,,
GLOF-NWNorthAmerica-545,USA,NW North America,Desolation Lake,ice,subglacial tunneling,58.751,-137.604,,,,,,
GLOF-NWNorthAmerica-546,Canada,NW North America,Summit Lake,ice,,56.201261,-130.079713,1999-07-30,1999.0,,,,
GLOF-NWNorthAmerica-547,USA,NW North America,Desolation Lake,ice,subglacial tunneling,58.751,-137.604,,,,,,
GLOF-NWNorthAmerica-548,USA,NW North America,Nelchina-unknown,ice,,61.6985,-147.009,1999-08-06,1999.0,,,,
GLOF-NWNorthAmerica-549,Canada,NW North America,Lake No Lake,ice,,58.878526,-133.862658,1999-08-17,1999.0,,1905.936,,
GLOF-NWNorthAmerica-550,USA,NW North America,Van Cleve Lake,ice,,60.695872,-144.408245,,,,,,
GLOF-NWNorthAmerica-551,USA,NW North America,Strandline Lake,ice,,61.505747,-151.910019,1999-08-21,1999.0,,,,
GLOF-NWNorthAmerica-552,USA,NW North America,Iceberg Lake,ice,,60.76,-142.95,1999-08-27,1999.0,299000000.0,,49993917.117000476,
GLOF-NWNorthAmerica-553,USA,NW North America,Skilak lake,ice,,60.199099,-149.944668,1999-10-29,1999.0,,267.624,,
GLOF-NWNorthAmerica-554,USA,NW North America,Abyss Lake,ice,,58.50235,-136.624002,,,,,,
GLOF-NWNorthAmerica-555,USA,NW North America,Ice Lake,ice,,60.072956,-149.607868,,,16200000.0,,5216758.7371616345,
GLOF-NWNorthAmerica-556,Canada,NW North America,Tulsequah Lake,ice,,58.820674,-133.823862,2000-06-14,2000.0,,1577.424,,
GLOF-NWNorthAmerica-557,Canada,NW North America,Summit Lake,ice,,56.201261,-130.079713,2000-07-22,2000.0,,,,
GLOF-NWNorthAmerica-558,USA,NW North America,Hidden Creek Lake,ice,englacial and subglacial seepage,61.560855,-143.093834,2000-07-23,2000.0,,275.0,,
GLOF-NWNorthAmerica-559,Canada,NW North America,Lake No Lake,ice,,58.878526,-133.862658,2000-07-23,2000.0,,2945.28,,
GLOF-NWNorthAmerica-560,Canada,NW North America,Summit Lake,ice,,56.201261,-130.079713,2000-07-26,2000.0,,,,
GLOF-NWNorthAmerica-561,USA,NW North America,Nelchina-unknown,ice,,61.6985,-147.009,2000-08-09,2000.0,,,,
GLOF-NWNorthAmerica-562,USA,NW North America,Iceberg Lake,ice,,60.76,-142.95,2000-08-15,2000.0,,,,
GLOF-NWNorthAmerica-563,USA,NW North America,Big Lake,ice,,61.59664,-146.620789,,,,,,
GLOF-NWNorthAmerica-564,Canada,NW North America,Lake No Lake,ice,,58.878526,-133.862658,2000-10-05,2000.0,,1356.38,,
GLOF-NWNorthAmerica-565,USA,NW North America,Desolation Lake,ice,subglacial tunneling,58.751,-137.604,,,,,,
GLOF-NWNorthAmerica-566,USA,NW North America,Abyss Lake,ice,,58.50235,-136.624002,,,,,,
GLOF-NWNorthAmerica-567,USA,NW North America,Hidden Creek Lake,ice,,61.560855,-143.093834,,,,,,
GLOF-NWNorthAmerica-568,USA,NW North America,Ice Lake,ice,,60.072956,-149.607868,,,,,,
GLOF-NWNorthAmerica-569,Canada,NW North America,Tulsequah Lake,ice,,58.820674,-133.823862,2001-06-21,2001.0,,1577.424,,
GLOF-NWNorthAmerica-570,Canada,NW North America,Lake No Lake,ice,,58.878526,-133.862658,2001-08-07,2001.0,,2169.312,,
GLOF-NWNorthAmerica-571,Canada,NW North America,Summit Lake,ice,,56.201261,-130.079713,2001-08-09,2001.0,,,,
GLOF-NWNorthAmerica-572,USA,NW North America,Snow,ice,,60.482579,-148.924999,2001-09-06,2001.0,,269.04,,
GLOF-NWNorthAmerica-573,USA,NW North America,Big Lake,ice,,61.59664,-146.620789,,,,,,
GLOF-NWNorthAmerica-574,Canada,NW North America,Lake No Lake,ice,,58.878526,-133.862658,2001-10-07,2001.0,,815.616,,
GLOF-NWNorthAmerica-575,USA,NW North America,Van Cleve Lake,ice,,60.695872,-144.408245,,,,,,
GLOF-NWNorthAmerica-576,USA,NW North America,Hidden Creek Lake,ice,,61.560855,-143.093834,,,,,,
GLOF-NWNorthAmerica-577,Canada,NW North America,Tulsequah Lake,ice,,58.820674,-133.823862,2002-06-15,2002.0,,1463.98,,
GLOF-NWNorthAmerica-578,Canada,NW North America,Lake No Lake,ice,,58.878526,-133.862658,2002-08-13,2002.0,,2112.672,,
GLOF-NWNorthAmerica-579,USA,NW North America,Russell Fjord,ice,overtopping by fjord water,59.993,-139.478,2002-08-14,2002.0,,55000.0,,
GLOF-NWNorthAmerica-580,USA,NW North America,Iceberg Lake,ice,,60.76,-142.95,2002-08-15,2002.0,,,,
GLOF-NWNorthAmerica-581,USA,NW North America,Desolation Lake,ice,subglacial tunneling,58.751,-137.604,,,,,,
GLOF-NWNorthAmerica-582,USA,NW North America,Skilak lake,ice,,60.199099,-149.944668,2002-11-22,2002.0,,606.048,,
GLOF-NWNorthAmerica-583,USA,NW North America,Desolation Lake,ice,subglacial tunneling,58.751,-137.604,,,,,,
GLOF-NWNorthAmerica-584,Canada,NW North America,Tulsequah Lake,ice,,58.820674,-133.823862,2003-05-30,2003.0,,1053.504,,
GLOF-NWNorthAmerica-585,USA,NW North America,Kennicott-unknown,ice,,61.5688,-143.134,2003-07-03,2003.0,,,,
GLOF-NWNorthAmerica-586,USA,NW North America,Big Lake,ice,,61.59664,-146.620789,,,,,,
GLOF-NWNorthAmerica-587,USA,NW North America,Nelchina-unknown,ice,,61.6985,-147.009,2003-07-17,2003.0,,,,
GLOF-NWNorthAmerica-588,Canada,NW North America,Summit Lake,ice,,56.201261,-130.079713,2003-07-30,2003.0,,,,
GLOF-NWNorthAmerica-589,Canada,NW North America,Lake No Lake,ice,,58.878526,-133.862658,2003-08-01,2003.0,,1439.0,,
GLOF-NWNorthAmerica-590,USA,NW North America,Iceberg Lake,ice,,60.76,-142.95,2003-08-03,2003.0,,,,
GLOF-NWNorthAmerica-591,Canada,NW North America,Lake No Lake,ice,,58.878526,-133.862658,2003-08-12,2003.0,,1000.0,,
GLOF-NWNorthAmerica-592,USA,NW North America,Desolation Lake,ice,subglacial tunneling,58.751,-137.604,,,,,,
GLOF-NWNorthAmerica-593,USA,NW North America,Snow,ice,,60.482579,-148.924999,2003-11-07,2003.0,,648.528,,
GLOF-NWNorthAmerica-594,USA,NW North America,Desolation Lake,ice,subglacial tunneling,58.751,-137.604,,,,,,
GLOF-NWNorthAmerica-595,USA,NW North America,Desolation Lake,ice,subglacial tunneling,58.751,-137.604,,,,,,
GLOF-NWNorthAmerica-596,Canada,NW North America,Lake No Lake,ice,,58.878526,-133.862658,2004-06-23,2004.0,,3624.96,,
GLOF-NWNorthAmerica-597,Canada,NW North America,Summit Lake,ice,,56.201261,-130.079713,2004-07-06,2004.0,,,,
GLOF-NWNorthAmerica-598,USA,NW North America,Kennicott-unknown,ice,,61.5688,-143.134,2004-07-10,2004.0,,,,
GLOF-NWNorthAmerica-599,Canada,NW North America,Tulsequah Lake,ice,,58.820674,-133.823862,2004-07-13,2004.0,,1568.928,,
GLOF-NWNorthAmerica-600,USA,NW North America,Big Lake,ice,,61.59664,-146.620789,,,,,,
GLOF-NWNorthAmerica-601,USA,NW North America,Iceberg Lake,ice,,60.76,-142.95,2004-08-26,2004.0,,,,
GLOF-NWNorthAmerica-602,USA,NW North America,Skilak lake,ice,,60.199099,-149.944668,2004-10-20,2004.0,,404.976,,
GLOF-NWNorthAmerica-603,USA,NW North America,Desolation Lake,ice,subglacial tunneling,58.751,-137.604,,,,,,
GLOF-NWNorthAmerica-604,USA,NW North America,Desolation Lake,ice,subglacial tunneling,58.751,-137.604,,,,,,
GLOF-NWNorthAmerica-605,USA,NW North America,Desolation Lake,ice,subglacial tunneling,58.751,-137.604,,,,,,
GLOF-NWNorthAmerica-606,USA,NW North America,Ice Lake,ice,,60.072956,-149.607868,,,,,,
GLOF-NWNorthAmerica-607,USA,NW North America,Kennicott-unknown,ice,,61.5688,-143.134,2005-06-19,2005.0,,,,
GLOF-NWNorthAmerica-608,USA,NW North America,Van Cleve Lake,ice,,60.695872,-144.408245,,,,,,
GLOF-NWNorthAmerica-609,Canada,NW North America,Tulsequah Lake,ice,,58.820674,-133.823862,2005-06-27,2005.0,,2439.768,,
GLOF-NWNorthAmerica-610,Canada,NW North America,Summit Lake,ice,,56.201261,-130.079713,2005-07-31,2005.0,,,,
GLOF-NWNorthAmerica-611,USA,NW North America,Iceberg Lake,ice,,60.76,-142.95,,,,,,
GLOF-NWNorthAmerica-612,Canada,NW North America,Lake No Lake,ice,,58.878526,-133.862658,2005-08-11,2005.0,,2044.704,,
GLOF-NWNorthAmerica-613,USA,NW North America,Big Lake,ice,,61.59664,-146.620789,,,,,,
GLOF-NWNorthAmerica-614,Canada,NW North America,Summit Lake,ice,,56.201261,-130.079713,2005-09-09,2005.0,,,,
GLOF-NWNorthAmerica-615,USA,NW North America,Snow,ice,,60.482579,-148.924999,2005-10-23,2005.0,,540.912,,
GLOF-NWNorthAmerica-616,USA,NW North America,Desolation Lake,ice,subglacial tunneling,58.751,-137.604,,,,,,
GLOF-NWNorthAmerica-617,Canada,NW North America,Tulsequah Lake,ice,,58.820674,-133.823862,2006-06-29,2006.0,,1817.94,,
GLOF-NWNorthAmerica-618,USA,NW North America,Kennicott-unknown,ice,,61.5688,-143.134,2006-07-04,2006.0,,,,
GLOF-NWNorthAmerica-619,Canada,NW North America,Summit Lake,ice,,56.201261,-130.079713,2006-07-07,2006.0,,,,
GLOF-NWNorthAmerica-620,USA,NW North America,Desolation Lake,ice,subglacial tunneling,58.751,-137.604,,,,,,
GLOF-NWNorthAmerica-621,Canada,NW North America,Lake No Lake,ice,,58.878526,-133.862658,2006-08-08,2006.0,,1336.704,,
GLOF-NWNorthAmerica-622,Canada,NW North America,Summit Lake,ice,,56.201261,-130.079713,,,,,,
GLOF-NWNorthAmerica-623,USA,NW North America,Iceberg Lake,ice,,60.76,-142.95,,,,,,
GLOF-NWNorthAmerica-624,USA,NW North America,Skilak lake,ice,,60.199099,-149.944668,2007-01-15,2007.0,,274.704,,
GLOF-NWNorthAmerica-625,Canada,NW North America,Tulsequah Lake,ice,,58.820674,-133.823862,2007-06-15,2007.0,,2010.72,,
GLOF-NWNorthAmerica-626,Canada,NW North America,Lake No Lake,ice,,58.878526,-133.862658,2007-07-20,2007.0,,3199.8,,
GLOF-NWNorthAmerica-627,USA,NW North America,Kennicott-unknown,ice,,61.5688,-143.134,2007-07-22,2007.0,,,,
GLOF-NWNorthAmerica-628,Canada,NW North America,Summit Lake,ice,,56.201261,-130.079713,2007-07-26,2007.0,,,,
GLOF-NWNorthAmerica-629,USA,NW North America,Iceberg Lake,ice,,60.76,-142.95,,,,,,
GLOF-NWNorthAmerica-630,USA,NW North America,Desolation Lake,ice,subglacial tunneling,58.751,-137.604,,,,,,
GLOF-NWNorthAmerica-631,Canada,NW North America,unknown lake,ice,,58.85665659,-133.8633563,2007-08-21,2007.0,,1.18,,
GLOF-NWNorthAmerica-632,Canada,NW North America,Summit Lake,ice,,56.201261,-130.079713,2007-08-20,2007.0,,,,
GLOF-NWNorthAmerica-633,USA,NW North America,Ice Lake,ice,,60.072956,-149.607868,,,33900000.0,,9246843.983934315,
GLOF-NWNorthAmerica-634,USA,NW North America,Snow,ice,,60.482579,-148.924999,2007-10-28,2007.0,,535.248,,
GLOF-NWNorthAmerica-635,Canada,NW North America,Tulsequah Lake,ice,,58.820674,-133.823862,2008-06-03,2008.0,,1268.736,,
GLOF-NWNorthAmerica-636,USA,NW North America,Ice Lake,ice,,60.072956,-149.607868,,,,,,
GLOF-NWNorthAmerica-637,USA,NW North America,Kennicott-unknown,ice,,61.5688,-143.134,2008-08-09,2008.0,,,,
GLOF-NWNorthAmerica-638,USA,NW North America,Nelchina-unknown,ice,,61.6985,-147.009,2008-08-14,2008.0,,,,
GLOF-NWNorthAmerica-639,Canada,NW North America,Lake No Lake,ice,,58.878526,-133.862658,2008-08-18,2008.0,,2605.44,,
GLOF-NWNorthAmerica-640,USA,NW North America,Iceberg Lake,ice,,60.76,-142.95,,,,,,
GLOF-NWNorthAmerica-641,Canada,NW North America,Summit Lake,ice,,56.201261,-130.079713,2008-08-20,2008.0,,,,
GLOF-NWNorthAmerica-642,USA,NW North America,Van Cleve Lake,ice,,60.695872,-144.408245,,,,,,
GLOF-NWNorthAmerica-643,USA,NW North America,Desolation Lake,ice,subglacial tunneling,58.751,-137.604,,,,,,
GLOF-NWNorthAmerica-644,USA,NW North America,Kennicott-unknown,ice,,61.5688,-143.134,2009-07-11,2009.0,,,,
GLOF-NWNorthAmerica-645,Canada,NW North America,Summit Lake,ice,,56.201261,-130.079713,2009-07-21,2009.0,,,,
GLOF-NWNorthAmerica-646,Canada,NW North America,Lake No Lake,ice,,58.878526,-133.862658,2009-07-21,2009.0,,2815.008,,
GLOF-NWNorthAmerica-647,USA,NW North America,Iceberg Lake,ice,,60.76,-142.95,2009-07-29,2009.0,,,,
GLOF-NWNorthAmerica-648,USA,NW North America,Ice Lake,ice,,60.072956,-149.607868,,,22200000.0,,6660037.737467964,
GLOF-NWNorthAmerica-649,USA,NW North America,Skilak lake,ice,,60.199099,-149.944668,2009-08-09,2009.0,,730.656,,
GLOF-NWNorthAmerica-650,USA,NW North America,Big Lake,ice,,61.59664,-146.620789,,,,,,
GLOF-NWNorthAmerica-651,USA,NW North America,Snow,ice,,60.482579,-148.924999,2009-10-02,2009.0,,535.248,,
GLOF-NWNorthAmerica-652,USA,NW North America,Desolation Lake,ice,subglacial tunneling,58.751,-137.604,,,,,,
GLOF-NWNorthAmerica-653,Canada,NW North America,Tulsequah Lake,ice,,58.820674,-133.823862,2010-06-09,2010.0,,1059.168,,
GLOF-NWNorthAmerica-654,Canada,NW North America,Summit Lake,ice,,56.201261,-130.079713,2010-07-18,2010.0,,,,
GLOF-NWNorthAmerica-655,Canada,NW North America,Lake No Lake,ice,,58.878526,-133.862658,2010-07-28,2010.0,,1956.912,,
GLOF-NWNorthAmerica-656,USA,NW North America,Kennicott-unknown,ice,,61.5688,-143.134,2010-07-30,2010.0,,,,
GLOF-NWNorthAmerica-657,USA,NW North America,Iceberg Lake,ice,,60.76,-142.95,2010-08-13,2010.0,,,,
GLOF-NWNorthAmerica-658,USA,NW North America,Big Lake,ice,,61.59664,-146.620789,,,,,,
GLOF-NWNorthAmerica-659,USA,NW North America,Desolation Lake,ice,subglacial tunneling,58.751,-137.604,,,,,,
GLOF-NWNorthAmerica-660,USA,NW North America,Ice Lake,ice,,60.072956,-149.607868,,,37900000.0,,10081926.784387134,
GLOF-NWNorthAmerica-661,Canada,NW North America,Lake No Lake,ice,,58.878526,-133.862658,2011-07-06,2011.0,,1659.65,,
GLOF-NWNorthAmerica-662,USA,NW North America,Kennicott-unknown,ice,,61.5688,-143.134,2011-07-13,2011.0,,,,
GLOF-NWNorthAmerica-663,USA,NW North America,Suicide Lake,ice,,58.45869,-134.495745,2011-07-19,2011.0,,466.9968,,
GLOF-NWNorthAmerica-664,USA,NW North America,Kennicott-unknown,ice,,61.5688,-143.134,2011-07-20,2011.0,,,,
GLOF-NWNorthAmerica-665,Canada,NW North America,Summit Lake,ice,,56.201261,-130.079713,2011-07-26,2011.0,,,,
GLOF-NWNorthAmerica-666,Canada,NW North America,Lake No Lake,ice,,58.878526,-133.862658,2011-07-28,2011.0,,1091.4528,,
GLOF-NWNorthAmerica-667,USA,NW North America,Big Lake,ice,,61.59664,-146.620789,,,,,,
GLOF-NWNorthAmerica-668,USA,NW North America,Suicide Lake,ice,,58.45869,-134.495745,2011-08-19,2011.0,,402.7104,,
GLOF-NWNorthAmerica-669,USA,NW North America,Van Cleve Lake,ice,,60.695872,-144.408245,,,,,,
GLOF-NWNorthAmerica-670,USA,NW North America,Ice Lake,ice,,60.072956,-149.607868,,,,,,
GLOF-NWNorthAmerica-671,USA,NW North America,Skilak lake,ice,,60.199099,-149.944668,2011-10-06,2011.0,,498.432,,
GLOF-NWNorthAmerica-672,USA,NW North America,Snow,ice,,60.482579,-148.924999,2011-10-27,2011.0,,569.232,,
GLOF-NWNorthAmerica-673,USA,NW North America,Desolation Lake,ice,subglacial tunneling,58.751,-137.604,,,,,,
GLOF-NWNorthAmerica-674,Canada,NW North America,Tulsequah Lake,ice,,58.820674,-133.823862,2012-06-05,2012.0,,1033.6,,
GLOF-NWNorthAmerica-675,USA,NW North America,Suicide Lake,ice,,58.45869,-134.495745,2012-07-02,2012.0,,247.2336,,
GLOF-NWNorthAmerica-676,Canada,NW North America,Summit Lake,ice,,56.201261,-130.079713,2012-07-17,2012.0,,464.448,,
GLOF-NWNorthAmerica-677,USA,NW North America,Kennicott-unknown,ice,,61.5688,-143.134,2012-07-19,2012.0,,,,
GLOF-NWNorthAmerica-678,USA,NW North America,Hidden Creek Lake,ice,,61.560855,-143.093834,,,,,,
GLOF-NWNorthAmerica-679,Canada,NW North America,Lake No Lake,ice,,58.878526,-133.862658,2012-07-29,2012.0,,1990.896,,
GLOF-NWNorthAmerica-680,Canada,NW North America,Lake No Lake,ice,,58.878526,-133.862658,2012-08-18,2012.0,,1053.504,,
GLOF-NWNorthAmerica-681,USA,NW North America,Ice Lake,ice,,60.072956,-149.607868,,,,,,
GLOF-NWNorthAmerica-682,USA,NW North America,Desolation Lake,ice,subglacial tunneling,58.751,-137.604,,,,,,
GLOF-NWNorthAmerica-683,USA,NW North America,Kennicott-unknown,ice,,61.5688,-143.134,2013-06-26,2013.0,,,,
GLOF-NWNorthAmerica-684,USA,NW North America,Hidden Creek Lake,ice,,61.560855,-143.093834,,,,,,
GLOF-NWNorthAmerica-685,Canada,NW North America,Lake No Lake,ice,,58.878526,-133.862658,2013-07-03,2013.0,,2208.71,,
GLOF-NWNorthAmerica-686,Canada,NW North America,Summit Lake,ice,,56.201261,-130.079713,2013-08-08,2013.0,,913.6032,,
GLOF-NWNorthAmerica-687,USA,NW North America,Van Cleve Lake,ice,,60.695872,-144.408245,,,,,,
GLOF-NWNorthAmerica-688,USA,NW North America,Skilak lake,ice,,60.199099,-149.944668,2013-09-21,2013.0,,566.4,,
GLOF-NWNorthAmerica-689,USA,NW North America,Desolation Lake,ice,subglacial tunneling,58.751,-137.604,,,,,,
GLOF-NWNorthAmerica-690,USA,NW North America,Snow,ice,,60.482579,-148.924999,2013-10-08,2013.0,,685.344,,
GLOF-NWNorthAmerica-691,USA,NW North America,Desolation Lake,ice,subglacial tunneling,58.751,-137.604,,,,,,
GLOF-NWNorthAmerica-692,USA,NW North America,Desolation Lake,ice,subglacial tunneling,58.751,-137.604,,,,,,
GLOF-NWNorthAmerica-693,Canada,NW North America,Kaskawulsh Lake,ice,,60.778189,-139.135408,,,,,,
GLOF-NWNorthAmerica-694,USA,NW North America,Moose,ice,,60.480729,-149.025829,,,,,,
GLOF-NWNorthAmerica-695,USA,NW North America,Moose,ice,,60.480729,-149.025829,,,,,,
GLOF-NWNorthAmerica-696,USA,NW North America,Suicide Lake,ice,,58.45869,-134.495745,2014-07-09,2014.0,,563.568,,
GLOF-NWNorthAmerica-697,USA,NW North America,Kennicott-unknown,ice,,61.5688,-143.134,2014-07-15,2014.0,,,,
GLOF-NWNorthAmerica-698,USA,NW North America,Hidden Creek Lake,ice,,61.560855,-143.093834,,,,,,
GLOF-NWNorthAmerica-699,Canada,NW North America,Lake No Lake,ice,,58.878526,-133.862658,2014-07-15,2014.0,,3067.9056,,
GLOF-NWNorthAmerica-700,Canada,NW North America,Summit Lake,ice,,56.201261,-130.079713,2014-07-18,2014.0,,708.0,,
GLOF-NWNorthAmerica-701,USA,NW North America,Van Cleve Lake,ice,,60.695872,-144.408245,,,,,,
GLOF-NWNorthAmerica-702,USA,NW North America,Suicide Lake,ice,,58.45869,-134.495745,2014-08-11,2014.0,,463.032,,
GLOF-NWNorthAmerica-703,Canada,NW North America,Summit Lake,ice,,56.201261,-130.079713,2014-08-14,2014.0,,168.47568,,
GLOF-NWNorthAmerica-704,USA,NW North America,Berg Lake,ice,,60.403511,-143.80331,2014-11-06,2014.0,,,,
GLOF-NWNorthAmerica-705,USA,NW North America,Skilak lake,ice,,60.199099,-149.944668,2014-11-14,2014.0,,185.496,,
GLOF-NWNorthAmerica-706,Canada,NW North America,Kaskawulsh Lake,ice,,60.778189,-139.135408,,,,,,
GLOF-NWNorthAmerica-707,USA,NW North America,Moose,ice,,60.480729,-149.025829,,,,,,
GLOF-NWNorthAmerica-708,USA,NW North America,Moose,ice,,60.480729,-149.025829,,,,,,
GLOF-NWNorthAmerica-709,USA,NW North America,Suicide Lake,ice,,58.45869,-134.495745,2015-05-31,2015.0,,199.57104,,
GLOF-NWNorthAmerica-710,USA,NW North America,Suicide Lake,ice,,58.45869,-134.495745,2015-06-25,2015.0,,191.16,,
GLOF-NWNorthAmerica-711,Canada,NW North America,Lake No Lake,ice,,58.878526,-133.862658,2015-07-01,2015.0,,2257.104,,
GLOF-NWNorthAmerica-712,USA,NW North America,Suicide Lake,ice,,58.45869,-134.495745,2015-07-02,2015.0,,216.2232,,
GLOF-NWNorthAmerica-713,USA,NW North America,Suicide Lake,ice,,58.45869,-134.495745,2015-07-08,2015.0,,185.2128,,
GLOF-NWNorthAmerica-714,USA,NW North America,Suicide Lake,ice,,58.45869,-134.495745,2015-07-13,2015.0,,218.9136,,
GLOF-NWNorthAmerica-715,USA,NW North America,Suicide Lake,ice,,58.45869,-134.495745,2015-07-20,2015.0,,177.5664,,
GLOF-NWNorthAmerica-716,USA,NW North America,Van Cleve Lake,ice,,60.695872,-144.408245,,,,,,
GLOF-NWNorthAmerica-717,USA,NW North America,Berg Lake,ice,,60.403511,-143.80331,2015-08-02,2015.0,,,,
GLOF-NWNorthAmerica-718,USA,NW North America,Suicide Lake,ice,,58.45869,-134.495745,2015-08-10,2015.0,,229.1088,,
GLOF-NWNorthAmerica-719,USA,NW North America,,water pocket,,46.824,-121.805,2015-08-13,2015.0,,,,
GLOF-NWNorthAmerica-720,USA,NW North America,Suicide Lake,ice,,58.45869,-134.495745,2015-08-18,2015.0,,274.9872,,
GLOF-NWNorthAmerica-721,USA,NW North America,Big Lake,ice,,61.59664,-146.620789,,,,,,
GLOF-NWNorthAmerica-722,USA,NW North America,Suicide Lake,ice,,58.45869,-134.495745,2015-08-22,2015.0,,237.0384,,
GLOF-NWNorthAmerica-723,USA,NW North America,Snow,ice,,60.482579,-148.924999,2015-08-24,2015.0,,495.6,,
GLOF-NWNorthAmerica-724,USA,NW North America,Witches Caldron,ice,,57.135,-132.531,,,,,,
GLOF-NWNorthAmerica-725,USA,NW North America,,water pocket,,46.824,-121.805,2015-09-12,2015.0,,,,
GLOF-NWNorthAmerica-726,USA,NW North America,Suicide Lake,ice,,58.45869,-134.495745,2015-09-14,2015.0,,212.4,,
GLOF-NWNorthAmerica-727,USA,NW North America,Desolation Lake,ice,subglacial tunneling,58.751,-137.604,,,,,,
GLOF-NWNorthAmerica-728,Canada,NW North America,Kaskawulsh Lake,ice,,60.778189,-139.135408,,,,,,
GLOF-NWNorthAmerica-729,USA,NW North America,Moose,ice,,60.480729,-149.025829,,,,,,
GLOF-NWNorthAmerica-730,USA,NW North America,Van Cleve Lake,ice,,60.695872,-144.408245,,,,,,
GLOF-NWNorthAmerica-731,Canada,NW North America,Lake No Lake,ice,,58.878526,-133.862658,2016-06-01,2016.0,,1353.696,,
GLOF-NWNorthAmerica-732,USA,NW North America,Berg Lake,ice,,60.403511,-143.80331,2016-06-08,2016.0,,,,
GLOF-NWNorthAmerica-733,USA,NW North America,Valdez,ice,,61.2204,-146.136,2016-06-18,2016.0,,,,
GLOF-NWNorthAmerica-734,USA,NW North America,Suicide Lake,ice,,58.45869,-134.495745,2016-06-29,2016.0,,472.944,,
GLOF-NWNorthAmerica-735,Canada,NW North America,Summit Lake,ice,,56.201261,-130.079713,2016-07-20,2016.0,,679.68,,
GLOF-NWNorthAmerica-736,USA,NW North America,Valdez,ice,,61.2204,-146.136,2016-07-21,2016.0,,,,
GLOF-NWNorthAmerica-737,USA,NW North America,Suicide Lake,ice,,58.45869,-134.495745,2016-07-23,2016.0,,226.56,,
GLOF-NWNorthAmerica-738,USA,NW North America,Hidden Creek Lake,ice,,61.560855,-143.093834,2016-07-26,2016.0,,688.09,,
GLOF-NWNorthAmerica-739,USA,NW North America,Big Lake,ice,,61.59664,-146.620789,2016-07-27,2016.0,,696.672,,
GLOF-NWNorthAmerica-740,Canada,NW North America,Summit Lake,ice,,56.201261,-130.079713,2016-08-23,2016.0,,104.784,,
GLOF-NWNorthAmerica-741,USA,NW North America,Desolation Lake,ice,subglacial tunneling,58.751,-137.604,,,,,,
GLOF-NWNorthAmerica-742,USA,NW North America,Skilak lake,ice,,60.199099,-149.944668,2016-10-02,2016.0,,475.776,,
GLOF-NWNorthAmerica-743,Canada,NW North America,Lake No Lake,ice,,58.878526,-133.862658,2017-05-29,2017.0,,1614.06,,
GLOF-NWNorthAmerica-744,USA,NW North America,Suicide Lake,ice,,58.45869,-134.495745,2017-05-30,2017.0,,129.1392,,
GLOF-NWNorthAmerica-745,Canada,NW North America,Kaskawulsh Lake,ice,,60.778189,-139.135408,,,,110.0,,
GLOF-NWNorthAmerica-746,USA,NW North America,Suicide Lake,ice,,58.45869,-134.495745,2017-06-13,2017.0,,101.5212528,,
GLOF-NWNorthAmerica-747,USA,NW North America,Valdez,ice,,61.2204,-146.136,2017-06-25,2017.0,,,,
GLOF-NWNorthAmerica-748,USA,NW North America,Suicide Lake,ice,,58.45869,-134.495745,2017-06-26,2017.0,,120.13344,,
GLOF-NWNorthAmerica-749,Canada,NW North America,Summit Lake,ice,,56.201261,-130.079713,2017-07-03,2017.0,,498.432,,
GLOF-NWNorthAmerica-750,USA,NW North America,Suicide Lake,ice,,58.45869,-134.495745,2017-07-04,2017.0,,152.8268976,,
GLOF-NWNorthAmerica-751,Canada,NW North America,Lake No Lake,ice,,58.878526,-133.862658,2017-07-11,2017.0,,1535.96352,,
GLOF-NWNorthAmerica-752,USA,NW North America,Suicide Lake,ice,,58.45869,-134.495745,2017-07-15,2017.0,,169.6988208,,
GLOF-NWNorthAmerica-753,USA,NW North America,Hidden Creek Lake,ice,,61.560855,-143.093834,2017-07-15,2017.0,,385.11,,
GLOF-NWNorthAmerica-754,USA,NW North America,Van Cleve Lake,ice,,60.695872,-144.408245,,,,,,
GLOF-NWNorthAmerica-755,USA,NW North America,Nelchina-unknown,ice,,61.6985,-147.009,2017-08-19,2017.0,,515.37,,
GLOF-NWNorthAmerica-756,USA,NW North America,Big Lake,ice,,61.59664,-146.620789,2017-08-20,2017.0,,512.592,,
GLOF-NWNorthAmerica-757,USA,NW North America,Snow,ice,,60.482579,-148.924999,2017-09-16,2017.0,,815.516,,
GLOF-NWNorthAmerica-758,USA,NW North America,Desolation Lake,ice,subglacial tunneling,58.751,-137.604,2017-09-18,2017.0,,,,
GLOF-NWNorthAmerica-759,USA,NW North America,Valdez,ice,,61.2204,-146.136,2017-09-22,2017.0,,,,
GLOF-NWNorthAmerica-760,USA,NW North America,Berg Lake,ice,,60.403511,-143.80331,2017-09-25,2017.0,,,,
GLOF-NWNorthAmerica-761,USA,NW North America,Valdez,ice,,61.2204,-146.136,2018-06-18,2018.0,,934.46,,
GLOF-NWNorthAmerica-762,Canada,NW North America,Lake No Lake,ice,,58.878526,-133.862658,2018-06-29,2018.0,,906.24,,
GLOF-NWNorthAmerica-763,Canada,NW North America,Lake No Lake,ice,,58.878526,-133.862658,2018-07-01,2018.0,,920.4,,
GLOF-NWNorthAmerica-764,USA,NW North America,Van Cleve Lake,ice,,60.695872,-144.408245,,,,,,
GLOF-NWNorthAmerica-765,Canada,NW North America,,other colluvial material,,52.032243,-125.914194,2018-07-10,2018.0,,406.0,,
GLOF-NWNorthAmerica-766,Canada,NW North America,Summit Lake,ice,,56.201261,-130.079713,2018-07-15,2018.0,,552.24,,
GLOF-NWNorthAmerica-767,USA,NW North America,Hidden Creek Lake,ice,,61.560855,-143.093834,2018-07-16,2018.0,,385.11,,
GLOF-NWNorthAmerica-768,USA,NW North America,Suicide Lake,ice,,58.45869,-134.495745,2018-07-17,2018.0,,385.152,,
GLOF-NWNorthAmerica-769,USA,NW North America,Big Lake,ice,,61.59664,-146.620789,,,,,,
GLOF-NWNorthAmerica-770,USA,NW North America,Suicide Lake,ice,,58.45869,-134.495745,2018-08-07,2018.0,,351.168,,
GLOF-NWNorthAmerica-771,USA,NW North America,Ice Lake,ice,,60.072956,-149.607868,2018-08-11,2018.0,,,,
GLOF-NWNorthAmerica-772,USA,NW North America,Suicide Lake,ice,,58.45869,-134.495745,2018-08-13,2018.0,,197.47536,,
GLOF-NWNorthAmerica-773,USA,NW North America,Suicide Lake,ice,,58.45869,-134.495745,2018-08-24,2018.0,,186.54384,,
GLOF-NWNorthAmerica-774,USA,NW North America,Suicide Lake,ice,,58.45869,-134.495745,2018-08-29,2018.0,,176.12208,,
GLOF-NWNorthAmerica-775,USA,NW North America,Strandline Lake,ice,,61.505747,-151.910019,2018-08-31,2018.0,,,,
GLOF-NWNorthAmerica-776,USA,NW North America,Skilak lake,ice,,60.199099,-149.944668,2018-09-13,2018.0,,523.86,,
GLOF-NWNorthAmerica-777,USA,NW North America,Berg Lake,ice,,60.403511,-143.80331,2018-09-25,2018.0,,,,
GLOF-NWNorthAmerica-778,USA,NW North America,Desolation Lake,ice,subglacial tunneling,58.751,-137.604,2018-10-12,2018.0,,,,
GLOF-NWNorthAmerica-779,USA,NW North America,Sherman,ice,,60.560517,-145.165143,2018-11-18,2018.0,,,,
GLOF-NWNorthAmerica-780,USA,NW North America,Van Cleve Lake,ice,,60.695872,-144.408245,,,,,,
GLOF-NWNorthAmerica-781,USA,NW North America,Valdez,ice,,61.2204,-146.136,2019-06-10,2019.0,,611.64,,
GLOF-NWNorthAmerica-782,USA,NW North America,Moose,ice,,60.480729,-149.025829,2019-06-11,2019.0,,85.95,,
GLOF-NWNorthAmerica-783,Canada,NW North America,Lake No Lake,ice,,58.878526,-133.862658,2019-06-23,2019.0,,1775.47,,
GLOF-NWNorthAmerica-784,USA,NW North America,Hidden Creek Lake,ice,,61.560855,-143.093834,2019-07-07,2019.0,,38.07,,
GLOF-NWNorthAmerica-785,Canada,NW North America,Lake No Lake,ice,,58.878526,-133.862658,2019-07-08,2019.0,,1410.336,,
GLOF-NWNorthAmerica-786,Canada,NW North America,Summit Lake,ice,,56.201261,-130.079713,2019-07-10,2019.0,,620.208,,
GLOF-NWNorthAmerica-787,USA,NW North America,Suicide Lake,ice,,58.45869,-134.495745,2019-07-13,2019.0,,234.18,,
GLOF-NWNorthAmerica-788,Canada,NW North America,Donjek glacier lake,ice,,61.185,-139.484,2019-07-14,2019.0,,,,
GLOF-NWNorthAmerica-789,USA,NW North America,Big Lake,ice,,61.59664,-146.620789,2019-07-19,2019.0,,,,
GLOF-NWNorthAmerica-790,USA,NW North America,,ice,,46.824,-121.805,2019-08-05,2019.0,,,,
GLOF-NWNorthAmerica-791,USA,NW North America,Berg Lake,ice,,60.403511,-143.80331,2019-08-05,2019.0,,,,
GLOF-NWNorthAmerica-792,USA,NW North America,Desolation Lake,ice,subglacial tunneling,58.751,-137.604,2019-08-07,2019.0,,,,
GLOF-NWNorthAmerica-793,USA,NW North America,Snow,ice,,60.482579,-148.924999,2019-08-20,2019.0,,1132.8,,
GLOF-NWNorthAmerica-794,USA,NW North America,Ice Lake,ice,,60.072956,-149.607868,2019-09-05,2019.0,,,,
GLOF-NWNorthAmerica-795,USA,NW North America,Skilak lake,ice,,60.199099,-149.944668,2019-10-15,2019.0,,276.37,,
GLOF-NWNorthAmerica-796,USA,NW North America,Berg Lake,ice,,60.403511,-143.80331,2020-06-06,2020.0,,,,
GLOF-NWNorthAmerica-797,USA,NW North America,Valdez,ice,,61.2204,-146.136,2020-06-11,2020.0,,382.28,,
GLOF-NWNorthAmerica-798,USA,NW North America,Moose,ice,,60.480729,-149.025829,2020-06-23,2020.0,,82.12,,
GLOF-NWNorthAmerica-799,Canada,NW North America,Lake No Lake,ice,,58.878526,-133.862658,2020-07-04,2020.0,,2265.0,,
GLOF-NWNorthAmerica-800,USA,NW North America,Nelchina-north,ice,,61.692803,-146.929436,2020-07-09,2020.0,,,,
GLOF-NWNorthAmerica-801,USA,NW North America,Hidden Creek Lake,ice,,61.560855,-143.093834,2020-07-11,2020.0,,569.17,,
GLOF-NWNorthAmerica-802,USA,NW North America,Van Cleve Lake,ice,,60.695872,-144.408245,,,,,,
GLOF-NWNorthAmerica-803,Canada,NW North America,Summit Lake,ice,,56.201261,-130.079713,2020-07-30,2020.0,,931.62,,
GLOF-NWNorthAmerica-804,USA,NW North America,Suicide Lake,ice,,58.45869,-134.495745,2020-07-30,2020.0,,427.58,,
GLOF-NWNorthAmerica-805,USA,NW North America,Desolation Lake,ice,subglacial tunneling,58.751,-137.604,2020-08-15,2020.0,,,,
GLOF-NWNorthAmerica-806,USA,NW North America,Big Lake,ice,,61.59664,-146.620789,,,,,,
GLOF-NWNorthAmerica-807,USA,NW North America,Suicide Lake,ice,,58.45869,-134.495745,2020-08-20,2020.0,,224.1,,
GLOF-NWNorthAmerica-808,USA,NW North America,Nelchina-south,ice,,61.664544,-146.886649,2020-08-31,2020.0,,,,
GLOF-NWNorthAmerica-809,USA,NW North America,Suicide Lake,ice,,58.45869,-134.495745,2020-09-04,2020.0,,106.75,,
GLOF-NWNorthAmerica-810,USA,NW North America,Suicide Lake,ice,,58.45869,-134.495745,2020-10-11,2020.0,,106.75,,
GLOF-NWNorthAmerica-811,USA,NW North America,Desolation Lake,ice,subglacial tunneling,58.751,-137.604,,,,,,
GLOF-NWNorthAmerica-812,USA,NW North America,Snow,ice,,60.482579,-148.924999,2020-10-27,2020.0,,637.13,,
GLOF-NWNorthAmerica-813,Canada,NW North America,Elliot Lake,moraine,,50.958007,-124.611713,,,,48.0,,
GLOF-NWNorthAmerica-814,USA,NW North America,Ice Lake,ice,,60.072956,-149.607868,2020-11-04,2020.0,,,,
GLOF-NWNorthAmerica-815,Canada,NW North America,Summit Lake,ice,,56.201261,-130.079713,2021-06-07,2021.0,,200.77,,
GLOF-NWNorthAmerica-816,USA,NW North America,Valdez,ice,,61.2204,-146.136,2021-06-11,2021.0,,370.95,,
GLOF-NWNorthAmerica-817,USA,NW North America,Nelchina-north,ice,,61.692803,-146.929436,,,,,,
GLOF-NWNorthAmerica-818,USA,NW North America,Desolation Lake,ice,subglacial tunneling,58.751,-137.604,,,,,,
GLOF-NWNorthAmerica-819,USA,NW North America,Suicide Lake,ice,,58.45869,-134.495745,2021-06-23,2021.0,,159.14,,
GLOF-NWNorthAmerica-820,Canada,NW North America,Lake No Lake,ice,,58.878526,-133.862658,2021-06-29,2021.0,,3879.41,,
GLOF-NWNorthAmerica-821,USA,NW North America,Nelchina-south,ice,,61.664544,-146.886649,2021-07-07,2021.0,,,,
GLOF-NWNorthAmerica-822,USA,NW North America,Hidden Creek Lake,ice,,61.560855,-143.093834,2021-07-14,2021.0,,433.25,,
GLOF-NWNorthAmerica-823,USA,NW North America,Berg Lake,ice,,60.403511,-143.80331,2021-08-21,2021.0,,,,
GLOF-NWNorthAmerica-824,USA,NW North America,Skilak lake,ice,,60.199099,-149.944668,2021-10-01,2021.0,,396.44,,
GLOF-NWNorthAmerica-825,USA,NW North America,Valdez,ice,,61.2204,-146.136,2022-06-07,2022.0,,498.38,,
GLOF-NWNorthAmerica-826,Canada,NW North America,Lake No Lake,ice,,58.878526,-133.862658,2022-06-29,2022.0,,2633.47,,
GLOF-NWNorthAmerica-827,USA,NW North America,Suicide Lake,ice,,58.45869,-134.495745,2022-07-06,2022.0,,218.89,,
GLOF-NWNorthAmerica-828,USA,NW North America,Hidden Creek Lake,ice,,61.560855,-143.093834,2022-07-13,2022.0,,404.93,,
GLOF-NWNorthAmerica-829,USA,NW North America,Desolation Lake,ice,subglacial tunneling,58.751,-137.604,,,,,,
GLOF-NWNorthAmerica-830,Canada,NW North America,Summit Lake,ice,,56.201261,-130.079713,2022-07-26,2022.0,,,,
GLOF-NWNorthAmerica-831,USA,NW North America,Berg Lake,ice,,60.403511,-143.80331,2022-08-13,2022.0,,,,
GLOF-NWNorthAmerica-832,USA,NW North America,Ice Lake,ice,,60.072956,-149.607868,2022-09-04,2022.0,,,,
GLOF-NWNorthAmerica-833,USA,NW North America,Snow,ice,,60.482579,-148.924999,2022-09-02,2022.0,,753.23,,
GLOF-HighMountainAsia-1,India,High Mountain Asia,,ice,,35.180649,77.704625,,,,,,
GLOF-HighMountainAsia-2,Pakistan,High Mountain Asia,,ice,,35.69,75.91,,,,,,
GLOF-HighMountainAsia-3,India,High Mountain Asia,,ice,,35.180649,77.704625,,,,,,
GLOF-HighMountainAsia-4,Pakistan,High Mountain Asia,,ice,,35.69,75.91,,,,,,
GLOF-HighMountainAsia-5,India,High Mountain Asia,,ice,,35.180649,77.704625,,,,,,
GLOF-HighMountainAsia-6,India,High Mountain Asia,,ice,,35.180649,77.704625,,,,,,
GLOF-HighMountainAsia-7,Pakistan,High Mountain Asia,,ice,,36.81,74.36,,,,,,
GLOF-HighMountainAsia-8,India,High Mountain Asia,,ice,,35.180649,77.704625,,,,,,
GLOF-HighMountainAsia-9,India,High Mountain Asia,,ice,,34.856,78.128,,,,,,
GLOF-HighMountainAsia-10,India,High Mountain Asia,,ice,,35.180649,77.704625,,,,,,
GLOF-HighMountainAsia-11,India,High Mountain Asia,,ice,,35.180649,77.704625,,,,,,
GLOF-HighMountainAsia-12,Pakistan,High Mountain Asia,,ice,,36.62,74.07,,,,,,
GLOF-HighMountainAsia-13,India,High Mountain Asia,,ice,,35.180649,77.704625,,,,,,
GLOF-HighMountainAsia-14,Pakistan,High Mountain Asia,,ice,,35.276973325,74.688517478,,,,,,
GLOF-HighMountainAsia-15,Pakistan,High Mountain Asia,,ice,,35.276973325,74.688517478,,,,,,
GLOF-HighMountainAsia-16,India,High Mountain Asia,,ice,,35.180649,77.704625,,,,,,
GLOF-HighMountainAsia-17,India,High Mountain Asia,,ice,,35.180649,77.704625,,,,,,
GLOF-HighMountainAsia-18,Pakistan,High Mountain Asia,,ice,,35.276973325,74.688517478,,,,,,
GLOF-HighMountainAsia-20,Pakistan,High Mountain Asia,,ice,,36.62,74.07,,,,,,
GLOF-HighMountainAsia-22,India,High Mountain Asia,,ice,,35.13,77.76,,,,,,
GLOF-HighMountainAsia-23,Pakistan,High Mountain Asia,,ice,,36.62,74.07,,,,,,
GLOF-HighMountainAsia-24,Pakistan,High Mountain Asia,,ice,,36.8,73.99,,,,,,
GLOF-HighMountainAsia-25,India,High Mountain Asia,,ice,,35.13,77.76,,,,,,
GLOF-HighMountainAsia-26,India,High Mountain Asia,,ice,,35.180649,77.704625,,,,,,
GLOF-HighMountainAsia-27,Pakistan,High Mountain Asia,,ice,breach,36.51,74.85,,,,,,
GLOF-HighMountainAsia-28,Pakistan,High Mountain Asia,,ice,,36.62,74.07,,,,,,
GLOF-HighMountainAsia-30,India,High Mountain Asia,,ice,,35.180649,77.704625,,,,,,
GLOF-HighMountainAsia-31,China,High Mountain Asia,Kyagar lake,ice,,35.677413,77.193246,,,,9140.0,,
GLOF-HighMountainAsia-32,India,High Mountain Asia,,ice,,35.180649,77.704625,,,,21110.21,,
GLOF-HighMountainAsia-33,Pakistan,High Mountain Asia,,ice,,36.342335,75.478606,,,,,,
GLOF-HighMountainAsia-34,Pakistan,High Mountain Asia,,ice,,36.342335,75.478606,,,,15432.68,,
GLOF-HighMountainAsia-35,India,High Mountain Asia,,ice,,35.180649,77.704625,,,,,,
GLOF-HighMountainAsia-37,Pakistan,High Mountain Asia,,ice,,36.155,74.833,,,,,,
GLOF-HighMountainAsia-39,China,High Mountain Asia,Kyagar lake,ice,,35.677413,77.193246,,,,6000.0,,
GLOF-HighMountainAsia-40,Pakistan,High Mountain Asia,,ice,,36.62,74.07,,,,17018.43,,
GLOF-HighMountainAsia-41,Pakistan,High Mountain Asia,,ice,,36.342335,75.478606,,,,,,
GLOF-HighMountainAsia-42,Pakistan,High Mountain Asia,,ice,,36.62,74.07,1893-07-07,1893.0,,16140.6,,
GLOF-HighMountainAsia-43,Pakistan,High Mountain Asia,,ice,,36.35,74.57,,,,,,
GLOF-HighMountainAsia-44,Pakistan,High Mountain Asia,,ice,,35.276973325,74.688517478,,,,,,
GLOF-HighMountainAsia-47,Pakistan,High Mountain Asia,,ice,,36.62,74.07,,,,,,
GLOF-HighMountainAsia-48,China,High Mountain Asia,Kyagar lake,ice,,35.677413,77.193246,,,,5120.0,,
GLOF-HighMountainAsia-49,India,High Mountain Asia,,ice,,35.180649,77.704625,,,,13139.02,,
GLOF-HighMountainAsia-50,Pakistan,High Mountain Asia,,ice,,36.35,74.57,,,,,,
GLOF-HighMountainAsia-52,Pakistan,High Mountain Asia,,ice,,36.342335,75.478606,,,,,,
GLOF-HighMountainAsia-53,India,High Mountain Asia,,ice,,35.180649,77.704625,,,,11185.15,,
GLOF-HighMountainAsia-54,Pakistan,High Mountain Asia,,ice,,36.35,74.57,,,,,,
GLOF-HighMountainAsia-55,Kyrgyzstan,High Mountain Asia,Merzbacher,ice,j kulhlaup,42.206778,79.846401,1902-08-21,1902.0,,,,
GLOF-HighMountainAsia-56,Pakistan,High Mountain Asia,,ice,,36.35,74.57,,,,,,
GLOF-HighMountainAsia-57,India,High Mountain Asia,,ice,breach,35.13,77.76,,,,,,
GLOF-HighMountainAsia-58,Pakistan,High Mountain Asia,,ice,,36.62,74.07,,,,,,
GLOF-HighMountainAsia-59,Pakistan,High Mountain Asia,,ice,,36.35,74.57,,,,,,
GLOF-HighMountainAsia-60,Pakistan,High Mountain Asia,,ice,,36.342335,75.478606,,,,,,
GLOF-HighMountainAsia-61,India,High Mountain Asia,,ice,,35.13,77.76,,,,,,
GLOF-HighMountainAsia-62,Pakistan,High Mountain Asia,,ice,,36.5,75.22,,,,,,
GLOF-HighMountainAsia-63,Pakistan,High Mountain Asia,,ice,,36.8,73.99,,,,,,
GLOF-HighMountainAsia-64,Pakistan,High Mountain Asia,,ice,,36.75,74.01,,,,,,
GLOF-HighMountainAsia-65,Pakistan,High Mountain Asia,,ice,breach,36.62,74.07,1905-06-17,1905.0,,,,
GLOF-HighMountainAsia-66,Pakistan,High Mountain Asia,,ice,,36.342335,75.478606,1905-08-02,1905.0,,10930.3,,
GLOF-HighMountainAsia-67,Pakistan,High Mountain Asia,,ice,,36.342335,75.478606,,,,,,
GLOF-HighMountainAsia-68,Pakistan,High Mountain Asia,,ice,,36.342335,75.478606,1906-08-11,1906.0,,15432.68,,
GLOF-HighMountainAsia-69,Pakistan,High Mountain Asia,,ice,overtopping,36.342335,75.478606,,,,,,
GLOF-HighMountainAsia-70,Pakistan,High Mountain Asia,,ice,,35.276973325,74.688517478,,,,,,
GLOF-HighMountainAsia-71,Pakistan,High Mountain Asia,,ice,,36.342335,75.478606,,,,,,
GLOF-HighMountainAsia-72,Pakistan,High Mountain Asia,,ice,,36.75,74.01,,,,,,
GLOF-HighMountainAsia-73,Pakistan,High Mountain Asia,,ice,,36.51,74.85,,,,,,
GLOF-HighMountainAsia-74,Tajikistan,High Mountain Asia,,moraine,,38.69,72.09,,,70000000.0,,16221864.588945834,
GLOF-HighMountainAsia-75,Pakistan,High Mountain Asia,,ice,tunneling,36.856,73.817,,,,,,
GLOF-HighMountainAsia-77,Pakistan,High Mountain Asia,,ice,,36.35,74.57,,,,,,
GLOF-HighMountainAsia-81,Pakistan,High Mountain Asia,,ice,,36.62,74.07,,,,,,
GLOF-HighMountainAsia-82,China,High Mountain Asia,Kyagar lake,ice,,35.677413,77.193246,,,,3000.0,,
GLOF-HighMountainAsia-83,Nepal,High Mountain Asia,Lhonak glacial lake,moraine,,27.829351,88.037622,,,,,,
GLOF-HighMountainAsia-85,Pakistan,High Mountain Asia,,ice,,36.342335,75.478606,,,,,,
GLOF-HighMountainAsia-86,Pakistan,High Mountain Asia,,ice,,36.342335,75.478606,,,,,,
GLOF-HighMountainAsia-87,Pakistan,High Mountain Asia,,ice,,36.4,75.4,,,,,,
GLOF-HighMountainAsia-88,Pakistan,High Mountain Asia,,ice,,36.342335,75.478606,,,,,,
GLOF-HighMountainAsia-89,China,High Mountain Asia,Kyagar lake,ice,,35.677413,77.193246,,,,,,
GLOF-HighMountainAsia-90,India,High Mountain Asia,,ice,,35.180649,77.704625,,,,8466.74,,
GLOF-HighMountainAsia-91,Pakistan,High Mountain Asia,,ice,,36.82,74.2,,,,,,
GLOF-HighMountainAsia-92,Pakistan,High Mountain Asia,,ice,,36.342335,75.478606,,,,,,
GLOF-HighMountainAsia-93,Kazakhstan,High Mountain Asia,No2,moraine,,43.066034,77.082339,1927-08-08,1927.0,,,,
GLOF-HighMountainAsia-95,China,High Mountain Asia,,ice,,35.873125,76.754479,,,,,,
GLOF-HighMountainAsia-96,China,High Mountain Asia,,ice,,35.74,76.98,,,,,,
GLOF-HighMountainAsia-97,China,High Mountain Asia,Kyagar lake,ice,,35.677413,77.193246,,,,,,
GLOF-HighMountainAsia-98,Pakistan,High Mountain Asia,,ice,,36.62,74.07,,,,,,
GLOF-HighMountainAsia-99,India,High Mountain Asia,,ice,tunneling,35.180649,77.704625,1929-08-15,1929.0,1350000000.0,19793.48,160844990.01971453,
GLOF-HighMountainAsia-100,India,High Mountain Asia,,ice,,35.180649,77.704625,,,,,,
GLOF-HighMountainAsia-102,Kyrgyzstan,High Mountain Asia,Merzbacher,ice,j kulhlaup,42.206778,79.846401,1931-09-18,1931.0,,,,
GLOF-HighMountainAsia-103,India,High Mountain Asia,,ice,,35.180649,77.704625,,,,17386.54,,
GLOF-HighMountainAsia-104,Kyrgyzstan,High Mountain Asia,Merzbacher,ice,j kulhlaup,42.206778,79.846401,1932-09-08,1932.0,,,,
GLOF-HighMountainAsia-105,India,High Mountain Asia,,ice,,35.180649,77.704625,,,,11723.17,,
GLOF-HighMountainAsia-106,Kyrgyzstan,High Mountain Asia,Merzbacher,ice,j kulhlaup,42.206778,79.846401,1933-08-21,1933.0,,,,
GLOF-HighMountainAsia-108,India,High Mountain Asia,,ice,,35.180649,77.704625,,,,,,
GLOF-HighMountainAsia-109,China,High Mountain Asia,Taraco,moraine,tunneling,28.293536,86.131654,1935-08-28,1935.0,,,,
GLOF-HighMountainAsia-110,Kyrgyzstan,High Mountain Asia,Merzbacher,ice,j kulhlaup,42.206778,79.846401,1935-09-01,1935.0,,,,
GLOF-HighMountainAsia-111,Kyrgyzstan,High Mountain Asia,Merzbacher,ice,j kulhlaup,42.206778,79.846401,1936-10-01,1936.0,,,,
GLOF-HighMountainAsia-112,China,High Mountain Asia,Kyagar lake,ice,,35.677413,77.193246,,,,5250.0,,
GLOF-HighMountainAsia-113,Kyrgyzstan,High Mountain Asia,Merzbacher,ice,j kulhlaup,42.206778,79.846401,1937-10-01,1937.0,,,,
GLOF-HighMountainAsia-114,Kazakhstan,High Mountain Asia,,ice,,43.05,77.08,1938-07-20,1938.0,,,,
GLOF-HighMountainAsia-115,Kyrgyzstan,High Mountain Asia,Merzbacher,ice,j kulhlaup,42.206778,79.846401,1938-10-21,1938.0,,,,
GLOF-HighMountainAsia-116,Kyrgyzstan,High Mountain Asia,Merzbacher,ice,j kulhlaup,42.206778,79.846401,1939-08-01,1939.0,,,,
GLOF-HighMountainAsia-117,China,High Mountain Asia,Qunbixiama-Cho,moraine,,27.847121,88.921537,1940-07-10,1940.0,,1200.0,,
GLOF-HighMountainAsia-118,Kyrgyzstan,High Mountain Asia,Merzbacher,ice,j kulhlaup,42.206778,79.846401,1940-10-11,1940.0,,,,
GLOF-HighMountainAsia-119,Pakistan,High Mountain Asia,,ice,,36.342335,75.478606,,,,,,
GLOF-HighMountainAsia-120,Kyrgyzstan,High Mountain Asia,Merzbacher,ice,j kulhlaup,42.206778,79.846401,1941-10-01,1941.0,,,,
GLOF-HighMountainAsia-121,Kyrgyzstan,High Mountain Asia,Merzbacher,ice,j kulhlaup,42.206778,79.846401,1942-10-01,1942.0,,,,
GLOF-HighMountainAsia-122,Kyrgyzstan,High Mountain Asia,Merzbacher,ice,j kulhlaup,42.206778,79.846401,1943-09-22,1943.0,,,,
GLOF-HighMountainAsia-123,Pakistan,High Mountain Asia,,ice,,36.342335,75.478606,,,,,,
GLOF-HighMountainAsia-124,Kazakhstan,High Mountain Asia,,moraine,,43.031608,77.06583,1944-07-30,1944.0,,,,
GLOF-HighMountainAsia-125,Kazakhstan,High Mountain Asia,,moraine,,43.05,77.08,1944-08-18,1944.0,,,,
GLOF-HighMountainAsia-126,Kyrgyzstan,High Mountain Asia,Merzbacher,ice,j kulhlaup,42.206778,79.846401,1949-08-01,1949.0,,,,
GLOF-HighMountainAsia-127,China,High Mountain Asia,Lure Co,moraine,,28.27,90.59,,,,,,
GLOF-HighMountainAsia-128,Kazakhstan,High Mountain Asia,No2,moraine,breach,43.066034,77.082339,1951-08-20,1951.0,20000.0,,29024.263124422218,
GLOF-HighMountainAsia-130,Pakistan,High Mountain Asia,,ice,,35.83,75.01,,,,,,
GLOF-HighMountainAsia-131,China,High Mountain Asia,,ice,,35.873125,76.754479,,,,,,
GLOF-HighMountainAsia-132,China,High Mountain Asia,,ice,,35.85,76.77,,,,,,
GLOF-HighMountainAsia-133,Kyrgyzstan,High Mountain Asia,Teztor-1,moraine,piping,42.537,74.431,1953-06-22,1953.0,,400.0,,
GLOF-HighMountainAsia-134,Kazakhstan,High Mountain Asia,No50,water pocket,breach,43.015885,77.024342,1953-09-04,1953.0,,,,
GLOF-HighMountainAsia-135,Bhutan,High Mountain Asia,Sangwangco,moraine,,28.237632,90.105057,1954-07-16,1954.0,,10000.0,,
GLOF-HighMountainAsia-136,Kyrgyzstan,High Mountain Asia,Merzbacher,ice,j kulhlaup,42.206778,79.846401,1954-08-24,1954.0,,,,
GLOF-HighMountainAsia-137,Pakistan,High Mountain Asia,,ice,,36.62,74.07,,,,,,
GLOF-HighMountainAsia-138,Bhutan,High Mountain Asia,,moraine,,28.059218,90.602188,,,,,,
GLOF-HighMountainAsia-139,China,High Mountain Asia,Hailuogou,moraine,,29.53333,102.0,,,,,,
GLOF-HighMountainAsia-140,Bhutan,High Mountain Asia,Chubda Tsho,unknown,,28.02,90.705,,,,,,
GLOF-HighMountainAsia-141,Bhutan,High Mountain Asia,,moraine,,28.028,90.673,,,,,,
GLOF-HighMountainAsia-142,Kyrgyzstan,High Mountain Asia,Merzbacher,ice,subglacial,42.206778,79.846401,1956-07-02,1956.0,,1740.0,,
GLOF-HighMountainAsia-144,Kazakhstan,High Mountain Asia,,water pocket,,43.066034,77.082339,1956-08-07,1956.0,32000.0,750.0,41782.435099461974,
GLOF-HighMountainAsia-145,Kyrgyzstan,High Mountain Asia,Merzbacher,ice,subglacial,42.206778,79.846401,1956-09-03,1956.0,,1900.0,,
GLOF-HighMountainAsia-146,Bhutan,High Mountain Asia,Tarina Tso,moraine,,28.105847,89.89872,,,,,,
GLOF-HighMountainAsia-148,Kyrgyzstan,High Mountain Asia,Merzbacher,ice,subglacial,42.206778,79.846401,1957-07-25,1957.0,,,,
GLOF-HighMountainAsia-149,Kyrgyzstan,High Mountain Asia,Merzbacher,ice,subglacial,42.206778,79.846401,1957-08-31,1957.0,,,,
GLOF-HighMountainAsia-150,Kyrgyzstan,High Mountain Asia,Merzbacher,ice,subglacial,42.206778,79.846401,1957-09-07,1957.0,,1210.0,,
GLOF-HighMountainAsia-152,India,High Mountain Asia,,ice,,35.1,77.77,,,,,,
GLOF-HighMountainAsia-153,Kazakhstan,High Mountain Asia,No17,moraine,tunnelling,43.16,77.42,1958-07-06,1958.0,250000.0,221.0,205626.48045588663,
GLOF-HighMountainAsia-155,Kyrgyzstan,High Mountain Asia,Merzbacher,ice,subglacial,42.206778,79.846401,1958-09-01,1958.0,,,,
GLOF-HighMountainAsia-156,Kyrgyzstan,High Mountain Asia,Merzbacher,ice,subglacial,42.206778,79.846401,1958-11-24,1958.0,,448.0,,
GLOF-HighMountainAsia-157,Bhutan,High Mountain Asia,Tarina Tso,moraine,,28.105847,89.89872,,,,,,
GLOF-HighMountainAsia-158,Kazakhstan,High Mountain Asia,No51,moraine,breach,43.015885,77.024342,1959-07-16,1959.0,,,,
GLOF-HighMountainAsia-159,Pakistan,High Mountain Asia,,ice,,36.5,75.22,1959-08-21,1959.0,,,,
GLOF-HighMountainAsia-160,Kyrgyzstan,High Mountain Asia,Merzbacher,ice,subglacial,42.206778,79.846401,1959-08-26,1959.0,,,,
GLOF-HighMountainAsia-161,China,High Mountain Asia,Kyagar lake,ice,,35.677413,77.193246,,,,2460.0,,
GLOF-HighMountainAsia-162,Kazakhstan,High Mountain Asia,No51,water pocket,breach,43.015885,77.024342,1959-09-04,1959.0,,10.0,,
GLOF-HighMountainAsia-163,Kyrgyzstan,High Mountain Asia,Merzbacher,ice,subglacial,42.206778,79.846401,1959-09-19,1959.0,,1120.0,,
GLOF-HighMountainAsia-164,Kyrgyzstan,High Mountain Asia,Aksay,moraine,,42.54074,74.5171,1960-07-08,1960.0,,,,
GLOF-HighMountainAsia-165,Pakistan,High Mountain Asia,,ice,,36.342335,75.478606,,,,,,
GLOF-HighMountainAsia-168,Bhutan,High Mountain Asia,Bachamancha Tso,moraine,,28.031304,90.676754,,,,,,
GLOF-HighMountainAsia-169,Kazakhstan,High Mountain Asia,,moraine,,43.1706,77.2952,1960-06-30,1960.0,,,,
GLOF-HighMountainAsia-170,Kyrgyzstan,High Mountain Asia,Merzbacher,ice,subglacial,42.206778,79.846401,1960-07-22,1960.0,,,,
GLOF-HighMountainAsia-171,Kyrgyzstan,High Mountain Asia,Merzbacher,ice,subglacial,42.206778,79.846401,1960-09-04,1960.0,,,,
GLOF-HighMountainAsia-172,Kyrgyzstan,High Mountain Asia,Aksay,moraine,,42.54074,74.5171,,,,,,
GLOF-HighMountainAsia-173,Pakistan,High Mountain Asia,,ice,,36.342335,75.478606,,,,,,
GLOF-HighMountainAsia-174,Kyrgyzstan,High Mountain Asia,Merzbacher,ice,subglacial,42.206778,79.846401,1961-07-16,1961.0,,1230.0,,
GLOF-HighMountainAsia-175,Kazakhstan,High Mountain Asia,No8,moraine,,43.0,77.1,1961-07-26,1961.0,,,,
GLOF-HighMountainAsia-177,Kazakhstan,High Mountain Asia,No8,moraine,,43.0,77.1,1961-08-19,1961.0,,,,
GLOF-HighMountainAsia-178,China,High Mountain Asia,Kyagar lake,ice,,35.677413,77.193246,,,,6270.0,,
GLOF-HighMountainAsia-179,Kyrgyzstan,High Mountain Asia,Merzbacher,ice,subglacial,42.206778,79.846401,1961-09-09,1961.0,,,,
GLOF-HighMountainAsia-181,Pakistan,High Mountain Asia,,ice,,36.342335,75.478606,,,,,,
GLOF-HighMountainAsia-182,Nepal,High Mountain Asia,,unknown,,27.766255,88.026638,,,,,,
GLOF-HighMountainAsia-183,Nepal,High Mountain Asia,,unknown,,27.769867,87.874966,,,,,,
GLOF-HighMountainAsia-185,Kyrgyzstan,High Mountain Asia,Merzbacher,ice,subglacial,42.206778,79.846401,1962-09-15,1962.0,,390.0,,
GLOF-HighMountainAsia-186,Nepal,High Mountain Asia,Tiptola glacial lake,moraine,,27.815292,87.749295,,,,,,
GLOF-HighMountainAsia-187,Pakistan,High Mountain Asia,,ice,,36.342335,75.478606,,,,,,
GLOF-HighMountainAsia-188,Tajikistan,High Mountain Asia,Lake Abdukagor,ice,englacial,38.631723,72.146101,1963-07-03,1963.0,15000000.0,2000.0,4914630.41596396,
GLOF-HighMountainAsia-189,Kyrgyzstan,High Mountain Asia,Merzbacher,ice,subglacial,42.206778,79.846401,1963-06-06,1963.0,,925.0,,
GLOF-HighMountainAsia-190,Tajikistan,High Mountain Asia,Lake Abdukagor,ice,englacial,38.631723,72.146101,1963-06-19,1963.0,22500000.0,2000.0,6729700.180360145,
GLOF-HighMountainAsia-191,China,High Mountain Asia,Kyagar lake,ice,,35.677413,77.193246,,,,1690.0,,
GLOF-HighMountainAsia-192,Kazakhstan,High Mountain Asia,No17,moraine,,43.16,77.42,1963-07-07,1963.0,450000.0,12000.0,324313.25940932985,
GLOF-HighMountainAsia-193,Kyrgyzstan,High Mountain Asia,Merzbacher,ice,subglacial,42.206778,79.846401,1963-09-07,1963.0,,629.0,,
GLOF-HighMountainAsia-194,China,High Mountain Asia,Kyagar lake,ice,,35.677413,77.193246,1963-09-16,1963.0,,1500.0,,
GLOF-HighMountainAsia-195,Pakistan,High Mountain Asia,,ice,,36.342335,75.478606,,,,,,
GLOF-HighMountainAsia-196,China,High Mountain Asia,Taraco,moraine,,28.293536,86.131654,,,,,,
GLOF-HighMountainAsia-197,China,High Mountain Asia,Zhangzangbo,moraine,tunneling,28.066849,86.066122,,,,,,
GLOF-HighMountainAsia-198,Kazakhstan,High Mountain Asia,,moraine,,43.0,77.1,1964-07-25,1964.0,,,,
GLOF-HighMountainAsia-199,China,High Mountain Asia,Longdaco,moraine,,28.620184,85.349693,1964-08-28,1964.0,,3100.0,,
GLOF-HighMountainAsia-200,China,High Mountain Asia,Kyagar lake,ice,,35.677413,77.193246,,,,2450.0,,
GLOF-HighMountainAsia-201,Kyrgyzstan,High Mountain Asia,Merzbacher,ice,j kulhlaup,42.206778,79.846401,1964-09-16,1964.0,,500.0,,
GLOF-HighMountainAsia-202,China,High Mountain Asia,Gelhaipuco,moraine,,27.964347,87.814064,1964-09-21,1964.0,,3260.0,,
GLOF-HighMountainAsia-203,China,High Mountain Asia,Damenlahe-Cho,moraine,,29.83333,93.15,1964-09-26,1964.0,,,,
GLOF-HighMountainAsia-204,Pakistan,High Mountain Asia,,ice,,36.5,75.22,,,,,,
GLOF-HighMountainAsia-205,Kazakhstan,High Mountain Asia,,water pocket,,43.0,77.4,1965-07-15,1965.0,,,,
GLOF-HighMountainAsia-206,Kyrgyzstan,High Mountain Asia,Aksay,moraine,,42.54074,74.5171,1965-07-21,1965.0,,,,
GLOF-HighMountainAsia-207,Kazakhstan,High Mountain Asia,No51,unknown,breach,43.015885,77.024342,1965-07-21,1965.0,,,,
GLOF-HighMountainAsia-208,Kazakhstan,High Mountain Asia,,moraine,,43.015923,77.114213,1965-07-25,1965.0,,,,
GLOF-HighMountainAsia-209,Kazakhstan,High Mountain Asia,Karakia,moraine,,43.0,77.4,1965-07-30,1965.0,,,,
GLOF-HighMountainAsia-210,China,High Mountain Asia,Ayaco,moraine,,28.348126,86.493688,1965-08-15,1965.0,,,,
GLOF-HighMountainAsia-211,Kyrgyzstan,High Mountain Asia,Merzbacher,ice,j kulhlaup,42.206778,79.846401,1965-08-16,1965.0,,,,
GLOF-HighMountainAsia-212,China,High Mountain Asia,Kyagar lake,ice,,35.677413,77.193246,,,,1770.0,,
GLOF-HighMountainAsia-213,Kyrgyzstan,High Mountain Asia,Merzbacher,ice,j kulhlaup,42.206778,79.846401,1965-09-01,1965.0,,1090.0,,
GLOF-HighMountainAsia-214,Kyrgyzstan,High Mountain Asia,Aksay,moraine,,42.54074,74.5171,1966-06-18,1966.0,,,,
GLOF-HighMountainAsia-215,China,High Mountain Asia,Degaco,moraine,,28.3336,90.6738,,,,,,
GLOF-HighMountainAsia-216,Bhutan,High Mountain Asia,Upper Chokham Tscho,moraine,,27.836031,89.369702,,,,,,
GLOF-HighMountainAsia-217,Bhutan,High Mountain Asia,Jhomohari south,moraine,,27.78903,89.267349,,,,,,
GLOF-HighMountainAsia-218,China,High Mountain Asia,Simdong Goi Tsho,moraine,,28.217,89.811,,,,,,
GLOF-HighMountainAsia-219,China,High Mountain Asia,Upper Jiejiu Tsho,moraine,,28.273,90.713,,,,,,
GLOF-HighMountainAsia-220,China,High Mountain Asia,Upper Shegong Tsho,moraine,,28.304,90.741,,,,,,
GLOF-HighMountainAsia-221,China,High Mountain Asia,Jichudrake north 2,moraine,,27.884036,89.351335,,,,,,
GLOF-HighMountainAsia-222,China,High Mountain Asia,Jichudrake north 1,moraine,,27.878384,89.312239,,,,,,
GLOF-HighMountainAsia-223,Bhutan,High Mountain Asia,,moraine,,27.81899,89.350219,,,,,,
GLOF-HighMountainAsia-224,China,High Mountain Asia,Hailuogou,moraine,,29.53333,102.0,,,,,,
GLOF-HighMountainAsia-225,Kyrgyzstan,High Mountain Asia,Merzbacher,ice,j kulhlaup,42.206778,79.846401,1966-07-04,1966.0,,,,
GLOF-HighMountainAsia-226,China,High Mountain Asia,Kyagar lake,ice,,35.677413,77.193246,1966-07-29,1966.0,,1480.0,,
GLOF-HighMountainAsia-227,Kyrgyzstan,High Mountain Asia,Merzbacher,ice,j kulhlaup,42.206778,79.846401,1966-08-03,1966.0,,,,
GLOF-HighMountainAsia-228,Kazakhstan,High Mountain Asia,No51,unknown,breach or overtopping,43.015885,77.024342,1966-08-17,1966.0,,,,
GLOF-HighMountainAsia-229,Kyrgyzstan,High Mountain Asia,Merzbacher,ice,j kulhlaup,42.206778,79.846401,1966-12-13,1966.0,,132.0,,
GLOF-HighMountainAsia-230,Kazakhstan,High Mountain Asia,,water pocket,,43.07,77.4,1967-07-31,1967.0,,,,
GLOF-HighMountainAsia-231,Kyrgyzstan,High Mountain Asia,Merzbacher,ice,j kulhlaup,42.206778,79.846401,1967-09-07,1967.0,,920.0,,
GLOF-HighMountainAsia-232,Nepal,High Mountain Asia,Tiptola glacial lake,moraine,,27.815292,87.749295,,,,,,
GLOF-HighMountainAsia-234,Kazakhstan,High Mountain Asia,,water pocket,,43.02,77.3,1968-07-22,1968.0,,,,
GLOF-HighMountainAsia-235,China,High Mountain Asia,Damenlahe-Cho,moraine,,29.83333,93.15,,,,,,
GLOF-HighMountainAsia-236,China,High Mountain Asia,Longdaco,moraine,,28.620184,85.349693,,,,,,
GLOF-HighMountainAsia-237,Kyrgyzstan,High Mountain Asia,Aksay,moraine,,42.54074,74.5171,1968-08-10,1968.0,,,,
GLOF-HighMountainAsia-238,China,High Mountain Asia,Kyagar lake,ice,,35.677413,77.193246,,,,3150.0,,
GLOF-HighMountainAsia-239,China,High Mountain Asia,Ayaco,moraine,,28.348126,86.493688,1968-08-15,1968.0,,,,
GLOF-HighMountainAsia-240,Kazakhstan,High Mountain Asia,,water pocket,,43.0,77.1,1968-08-17,1968.0,,,,
GLOF-HighMountainAsia-241,Kyrgyzstan,High Mountain Asia,Merzbacher,ice,j kulhlaup,42.206778,79.846401,1968-08-21,1968.0,,1510.0,,
GLOF-HighMountainAsia-242,Kyrgyzstan,High Mountain Asia,Aksay,moraine,,42.54074,74.5171,1969-07-25,1969.0,,,,
GLOF-HighMountainAsia-243,China,High Mountain Asia,Ayaco,moraine,,28.348126,86.493688,1969-08-17,1969.0,,,,
GLOF-HighMountainAsia-244,Kyrgyzstan,High Mountain Asia,Merzbacher,ice,j kulhlaup,42.206778,79.846401,1969-08-20,1969.0,,1540.0,,
GLOF-HighMountainAsia-245,China,High Mountain Asia,Kyagar lake,ice,,35.677413,77.193246,,,,1000.0,,
GLOF-HighMountainAsia-246,China,High Mountain Asia,Qunbixiama-Cho,moraine,,27.847121,88.921537,,,,,,
GLOF-HighMountainAsia-247,China,High Mountain Asia,Ayaco,moraine,,28.348126,86.493688,1970-07-12,1970.0,,,,
GLOF-HighMountainAsia-248,Kazakhstan,High Mountain Asia,No9,moraine,,43.05,77.2,1970-07-14,1970.0,,150.0,,
GLOF-HighMountainAsia-249,Kyrgyzstan,High Mountain Asia,Aksay,moraine,,42.54074,74.5171,1970-07-18,1970.0,,,,
GLOF-HighMountainAsia-250,Kazakhstan,High Mountain Asia,,unknown,,43.1706,77.2952,1970-07-18,1970.0,,,,
GLOF-HighMountainAsia-251,Kyrgyzstan,High Mountain Asia,Merzbacher,ice,j kulhlaup,42.206778,79.846401,1970-07-31,1970.0,,1180.0,,
GLOF-HighMountainAsia-252,Kyrgyzstan,High Mountain Asia,Aksay,moraine,,42.54074,74.5171,1970-08-02,1970.0,,,,
GLOF-HighMountainAsia-254,Kyrgyzstan,High Mountain Asia,Merzbacher,ice,j kulhlaup,42.206778,79.846401,1970-09-01,1970.0,,,,
GLOF-HighMountainAsia-256,Kyrgyzstan,High Mountain Asia,Aksay,ice,,42.54074,74.5171,1971-07-10,1971.0,,,,
GLOF-HighMountainAsia-257,Kazakhstan,High Mountain Asia,No18,moraine,overtopping,43.0,77.1,1971-07-12,1971.0,,125.0,,
GLOF-HighMountainAsia-258,China,High Mountain Asia,Kyagar lake,ice,,35.677413,77.193246,,,,4570.0,,
GLOF-HighMountainAsia-259,Kyrgyzstan,High Mountain Asia,Merzbacher,ice,j kulhlaup,42.206778,79.846401,1971-08-17,1971.0,,1080.0,,
GLOF-HighMountainAsia-260,Pakistan,High Mountain Asia,,ice,,36.51,74.85,,,,,,
GLOF-HighMountainAsia-261,Pakistan,High Mountain Asia,,ice,,36.84,73.92,,,,,,
GLOF-HighMountainAsia-262,China,High Mountain Asia,Bugyai,moraine,,31.77222,94.81,1972-07-23,1972.0,,,,
GLOF-HighMountainAsia-263,China,High Mountain Asia,Pogeco,moraine,,28.31667,90.68333,1972-07-23,1972.0,,,,
GLOF-HighMountainAsia-264,Kyrgyzstan,High Mountain Asia,Merzbacher,ice,j kulhlaup,42.206778,79.846401,1972-10-04,1972.0,,703.0,,
GLOF-HighMountainAsia-265,Pakistan,High Mountain Asia,,ice,,36.51,74.85,,,,,,
GLOF-HighMountainAsia-266,Kazakhstan,High Mountain Asia,"No2, No3",moraine,,43.066034,77.082339,1973-07-15,1973.0,230000.0,10000.0,192755.86020593066,
GLOF-HighMountainAsia-267,Kazakhstan,High Mountain Asia,No6,moraine,,43.061856,77.141874,1973-07-15,1973.0,24000.0,25.0,33430.43390292846,
GLOF-HighMountainAsia-268,Kazakhstan,High Mountain Asia,No7,moraine,tunnelling,42.889,76.345,1973-07-15,1973.0,15000.0,,23222.52658688854,
GLOF-HighMountainAsia-269,Tajikistan,High Mountain Asia,Lake Abdukagor,ice,englacial,38.631723,72.146101,1973-07-20,1973.0,18000000.0,1600.0,5660720.01807197,
GLOF-HighMountainAsia-270,Kyrgyzstan,High Mountain Asia,Merzbacher,ice,j kulhlaup,42.206778,79.846401,1973-09-02,1973.0,,1200.0,,
GLOF-HighMountainAsia-271,Kyrgyzstan,High Mountain Asia,,moraine,,42.50533,74.50522,,,,,,
GLOF-HighMountainAsia-272,Pakistan,High Mountain Asia,,ice,,36.51,74.85,,,,,,
GLOF-HighMountainAsia-273,Pakistan,High Mountain Asia,,ice,,36.34,74.933,1974-04-12,1974.0,,,,
GLOF-HighMountainAsia-274,Kyrgyzstan,High Mountain Asia,Angy-Say Glacier Lake,moraine,piping,41.98227,77.1395,1974-06-14,1974.0,,,,
GLOF-HighMountainAsia-275,China,High Mountain Asia,Bogeco,moraine,,31.86,94.76,1974-07-06,1974.0,,,,
GLOF-HighMountainAsia-277,Kazakhstan,High Mountain Asia,No6,moraine,,43.061856,77.141874,1974-07-15,1974.0,,,,
GLOF-HighMountainAsia-278,Kazakhstan,High Mountain Asia,No6,moraine,,43.061856,77.141874,1974-07-21,1974.0,,225.0,,
GLOF-HighMountainAsia-279,Kazakhstan,High Mountain Asia,No6,moraine,,43.061856,77.141874,1974-08-02,1974.0,,300.0,,
GLOF-HighMountainAsia-280,Kyrgyzstan,High Mountain Asia,Merzbacher,ice,j kulhlaup,42.206778,79.846401,1974-08-08,1974.0,,1300.0,,
GLOF-HighMountainAsia-281,Pakistan,High Mountain Asia,,ice,,36.34,74.933,,,,,,
GLOF-HighMountainAsia-282,Kyrgyzstan,High Mountain Asia,Angy-Say Glacier Lake,moraine,piping,41.98227,77.1395,1975-06-17,1975.0,,,,
GLOF-HighMountainAsia-283,Pakistan,High Mountain Asia,,ice,,35.31,77.33,1975-06-18,1975.0,,,,
GLOF-HighMountainAsia-284,Kazakhstan,High Mountain Asia,,moraine,overtopping,43.015885,77.024342,1975-08-18,1975.0,,,,
GLOF-HighMountainAsia-285,Kazakhstan,High Mountain Asia,,water pocket,breach,43.060202,77.043572,1975-08-19,1975.0,5000.0,300.0,9909.415324643578,
GLOF-HighMountainAsia-286,Kazakhstan,High Mountain Asia,No9,unknown,,42.9,76.4,1975-08-28,1975.0,,,,
GLOF-HighMountainAsia-287,Kyrgyzstan,High Mountain Asia,Merzbacher,ice,j kulhlaup,42.206778,79.846401,1975-09-12,1975.0,,403.0,,
GLOF-HighMountainAsia-290,Pakistan,High Mountain Asia,,ice,,36.75,74.01,,,,,,
GLOF-HighMountainAsia-291,China,High Mountain Asia,,moraine,,30.127795,93.8977,,,,,,
GLOF-HighMountainAsia-292,China,High Mountain Asia,Kyagar lake,ice,,35.677413,77.193246,1976-06-18,1976.0,,,,
GLOF-HighMountainAsia-293,Kazakhstan,High Mountain Asia,No6,moraine,,43.012914,77.054539,1976-06-21,1976.0,,,,
GLOF-HighMountainAsia-294,Kazakhstan,High Mountain Asia,No6,moraine,,43.012914,77.054539,1976-06-24,1976.0,,,,
GLOF-HighMountainAsia-295,Kazakhstan,High Mountain Asia,No5,moraine,tunnelling,43.015923,77.114213,1976-07-10,1976.0,,,,
GLOF-HighMountainAsia-296,Kyrgyzstan,High Mountain Asia,Merzbacher,ice,j kulhlaup,42.206778,79.846401,1976-08-24,1976.0,,1110.0,,
GLOF-HighMountainAsia-297,China,High Mountain Asia,Hailuogou,moraine,,29.53333,102.0,1976-08-30,1976.0,,,,
GLOF-HighMountainAsia-298,India,High Mountain Asia,,ice,,35.337954,77.637377,1976-09-15,1976.0,,,,
GLOF-HighMountainAsia-300,Kazakhstan,High Mountain Asia,No17,moraine,,43.16,77.42,1977-03-07,1977.0,430000.0,630.0,313082.817525717,
GLOF-HighMountainAsia-301,Pakistan,High Mountain Asia,,ice,,36.75,74.01,1977-05-23,1977.0,,,,
GLOF-HighMountainAsia-302,Pakistan,High Mountain Asia,,ice,,36.84,73.92,,,,,,
GLOF-HighMountainAsia-303,Kazakhstan,High Mountain Asia,No51,moraine,,43.015885,77.024342,1977-06-03,1977.0,0.0,,,
GLOF-HighMountainAsia-304,Kazakhstan,High Mountain Asia,No50,unknown,,43.015885,77.024342,1977-07-11,1977.0,,,,
GLOF-HighMountainAsia-305,Kazakhstan,High Mountain Asia,No17,moraine,overtopping,43.16,77.42,1977-06-25,1977.0,,,,
GLOF-HighMountainAsia-306,Kazakhstan,High Mountain Asia,No17,moraine,,43.16,77.42,1977-07-12,1977.0,,,,
GLOF-HighMountainAsia-307,China,High Mountain Asia,Kyagar lake,ice,,35.677413,77.193246,1977-07-16,1977.0,,2670.0,,
GLOF-HighMountainAsia-308,Kazakhstan,High Mountain Asia,No13,moraine,breach,43.044088,77.031527,1977-08-03,1977.0,90000.0,11000.0,93138.12533977685,
GLOF-HighMountainAsia-309,Nepal,High Mountain Asia,Nare,moraine,breach,27.82972,86.83667,1977-09-03,1977.0,,830.0,,
GLOF-HighMountainAsia-310,Pakistan,High Mountain Asia,,ice,,36.342335,75.478606,,,,,,
GLOF-HighMountainAsia-311,Pakistan,High Mountain Asia,,ice,,36.75,74.01,1978-05-21,1978.0,,,,
GLOF-HighMountainAsia-312,Kyrgyzstan,High Mountain Asia,Merzbacher,ice,j kulhlaup,42.206778,79.846401,1978-05-24,1978.0,,1210.0,,
GLOF-HighMountainAsia-313,India,High Mountain Asia,,ice,,35.337954,77.637377,1978-07-16,1978.0,,,,
GLOF-HighMountainAsia-314,China,High Mountain Asia,Kyagar lake,ice,,35.677413,77.193246,1978-07-18,1978.0,,,,
GLOF-HighMountainAsia-317,Kyrgyzstan,High Mountain Asia,Merzbacher,ice,j kulhlaup,42.206778,79.846401,1978-08-08,1978.0,,1490.0,,
GLOF-HighMountainAsia-319,Kyrgyzstan,High Mountain Asia,Merzbacher,ice,j kulhlaup,42.206778,79.846401,1978-09-01,1978.0,,,,
GLOF-HighMountainAsia-320,China,High Mountain Asia,Kyagar lake,ice,,35.677413,77.193246,1978-09-06,1978.0,,4700.0,,
GLOF-HighMountainAsia-321,Kazakhstan,High Mountain Asia,No5,moraine,tunnelling,43.015923,77.114213,1979-06-20,1979.0,,,,
GLOF-HighMountainAsia-322,Kazakhstan,High Mountain Asia,No7,moraine,breach,43.156408,77.32267,1979-06-21,1979.0,82000.0,,86653.76720767874,
GLOF-HighMountainAsia-323,Kazakhstan,High Mountain Asia,"No50, 51",water pocket,,43.015885,77.024342,1979-08-02,1979.0,,,,
GLOF-HighMountainAsia-324,China,High Mountain Asia,Kyagar lake,ice,,35.677413,77.193246,1979-08-30,1979.0,,1960.0,,
GLOF-HighMountainAsia-325,Kyrgyzstan,High Mountain Asia,,moraine,,42.54074,74.5171,,,,,,
GLOF-HighMountainAsia-326,Pakistan,High Mountain Asia,,ice,,36.414,74.879,,,,,,
GLOF-HighMountainAsia-327,Kyrgyzstan,High Mountain Asia,Merzbacher,ice,j kulhlaup,42.206778,79.846401,1980-05-15,1980.0,,700.0,,
GLOF-HighMountainAsia-328,Kazakhstan,High Mountain Asia,"No19, No 20",moraine,,43.16,77.42,1980-06-06,1980.0,,,,
GLOF-HighMountainAsia-329,Nepal,High Mountain Asia,Nagma Pokhari,moraine,breach,27.869051,87.866206,1980-06-23,1980.0,19460000.0,,6013505.955510116,
GLOF-HighMountainAsia-330,Kyrgyzstan,High Mountain Asia,Angy-Say glacier lake,moraine,piping,41.98227,77.1395,1980-06-25,1980.0,,,,
GLOF-HighMountainAsia-331,Pakistan,High Mountain Asia,,ice,,36.342335,75.478606,1980-06-28,1980.0,,,,
GLOF-HighMountainAsia-332,Kyrgyzstan,High Mountain Asia,Angy-Say glacier lake,moraine,piping,41.98227,77.1395,1980-07-14,1980.0,,,,
GLOF-HighMountainAsia-333,Kyrgyzstan,High Mountain Asia,Aksay,moraine,,42.54074,74.5171,1980-07-18,1980.0,,,,
GLOF-HighMountainAsia-334,Kazakhstan,High Mountain Asia,No16,moraine,,42.923032,76.601807,1980-07-23,1980.0,286000.0,510.0,228228.84579451635,
GLOF-HighMountainAsia-336,Kyrgyzstan,High Mountain Asia,Aksay,moraine,,42.54074,74.5171,1980-08-03,1980.0,,,,
GLOF-HighMountainAsia-337,Kyrgyzstan,High Mountain Asia,Merzbacher,ice,j kulhlaup,42.206778,79.846401,1980-09-02,1980.0,,700.0,,
GLOF-HighMountainAsia-338,China,High Mountain Asia,Kyagar lake,ice,,35.677413,77.193246,,,,802.0,,
GLOF-HighMountainAsia-339,Kazakhstan,High Mountain Asia,Bogatyr',moraine,,43.03,77.3,1981-06-19,1981.0,,,,
GLOF-HighMountainAsia-340,China,High Mountain Asia,Zarico,moraine,overtopping / tunneling,28.299809,90.607295,1981-06-24,1981.0,,,,
GLOF-HighMountainAsia-341,Kyrgyzstan,High Mountain Asia,Merzbacher,ice,j kulhlaup,42.206778,79.846401,1981-07-08,1981.0,,700.0,,
GLOF-HighMountainAsia-342,China,High Mountain Asia,Zhangzangbo,moraine,tunneling,28.066849,86.066122,1981-07-11,1981.0,,15920.0,,
GLOF-HighMountainAsia-343,Kyrgyzstan,High Mountain Asia,Merzbacher,ice,j kulhlaup,42.206778,79.846401,1981-08-08,1981.0,,250.0,,
GLOF-HighMountainAsia-344,Tajikistan,High Mountain Asia,,unknown,,38.5,72.5,1982-07-27,1982.0,,,,
GLOF-HighMountainAsia-345,Kazakhstan,High Mountain Asia,,unknown,,43.16,77.42,1982-07-30,1982.0,,200.0,,
GLOF-HighMountainAsia-346,Kyrgyzstan,High Mountain Asia,Merzbacher,ice,j kulhlaup,42.206778,79.846401,1982-08-14,1982.0,,1400.0,,
GLOF-HighMountainAsia-347,China,High Mountain Asia,Yindapu Co,moraine,piping,27.943308,87.895603,1982-08-27,1982.0,,,,
GLOF-HighMountainAsia-348,Kazakhstan,High Mountain Asia,No93 No 92,unknown,,45.07896,79.932532,1982-09-08,1982.0,,250.0,,
GLOF-HighMountainAsia-349,China,High Mountain Asia,Kyagar lake,ice,,35.677413,77.193246,,,,856.0,,
GLOF-HighMountainAsia-350,China,High Mountain Asia,Zhangzangbo/Cirenma Co,moraine,,28.066849,86.066122,,,,,,
GLOF-HighMountainAsia-352,Kazakhstan,High Mountain Asia,xiaga,moraine,tunnelling,43.149611,77.549121,1983-08-05,1983.0,30000.0,10.0,39743.49488188999,
GLOF-HighMountainAsia-353,Kyrgyzstan,High Mountain Asia,Merzbacher,ice,j kulhlaup,42.206778,79.846401,1983-08-22,1983.0,,1890.0,,
GLOF-HighMountainAsia-354,China,High Mountain Asia,Kyagar lake,ice,,35.677413,77.193246,,,,854.0,,
GLOF-HighMountainAsia-356,Kyrgyzstan,High Mountain Asia,Merzbacher,ice,j kulhlaup,42.206778,79.846401,1984-08-20,1984.0,,1920.0,,
GLOF-HighMountainAsia-357,China,High Mountain Asia,Kyagar lake,ice,,35.677413,77.193246,,,,4570.0,,
GLOF-HighMountainAsia-358,Kyrgyzstan,High Mountain Asia,Suuk-Tor Glacier Lake,moraine,,41.975,76.867,,,,,,
GLOF-HighMountainAsia-359,Nepal,High Mountain Asia,Dig Tsho,moraine,breach,27.874362,86.585784,1985-08-04,1985.0,,1975.0,,
GLOF-HighMountainAsia-360,Kyrgyzstan,High Mountain Asia,Merzbacher,ice,j kulhlaup,42.206778,79.846401,1985-08-09,1985.0,,1140.0,,
GLOF-HighMountainAsia-361,Pakistan,High Mountain Asia,,ice,,36.414,74.879,,,,,,
GLOF-HighMountainAsia-362,Nepal,High Mountain Asia,,water pocket,,27.585963,88.027139,,,,,,
GLOF-HighMountainAsia-363,Kazakhstan,High Mountain Asia,No16,moraine,,42.923032,76.601807,1986-07-05,1986.0,140000.0,100.0,131182.51784941726,
GLOF-HighMountainAsia-365,Kyrgyzstan,High Mountain Asia,Merzbacher,ice,j kulhlaup,42.206778,79.846401,1986-08-01,1986.0,,1680.0,,
GLOF-HighMountainAsia-366,China,High Mountain Asia,Kyagar lake,ice,,35.677413,77.193246,,,,1980.0,,
GLOF-HighMountainAsia-367,Kyrgyzstan,High Mountain Asia,Merzbacher,ice,j kulhlaup,42.206778,79.846401,1986-08-26,1986.0,,,,
GLOF-HighMountainAsia-368,China,High Mountain Asia,Kyagar lake,ice,j kulhlaup,35.677413,77.193246,1987-08-05,1987.0,,1500.0,,
GLOF-HighMountainAsia-369,Kyrgyzstan,High Mountain Asia,Merzbacher,ice,j kulhlaup,42.206778,79.846401,1987-08-19,1987.0,,1720.0,,
GLOF-HighMountainAsia-370,China,High Mountain Asia,,moraine,breach,29.28812,83.86815,,,,,,
GLOF-HighMountainAsia-371,Tajikistan,High Mountain Asia,Lake Abdukagor,ice,englacial,38.631723,72.146101,,,8500000.0,,3164258.8326573675,
GLOF-HighMountainAsia-372,Kyrgyzstan,High Mountain Asia,Teztor-1,moraine,piping,42.537,74.431,,,,9.0,,
GLOF-HighMountainAsia-373,Kazakhstan,High Mountain Asia,No16,moraine,,42.923032,76.601807,1988-06-24,1988.0,,22.5,,
GLOF-HighMountainAsia-374,China,High Mountain Asia,Guangxieco,moraine,breach,29.46626,96.501374,1988-07-14,1988.0,,1540.0,,
GLOF-HighMountainAsia-375,China,High Mountain Asia,,moraine/bedrock,,29.553692,92.784755,,,100000.0,,101064.44961712543,
GLOF-HighMountainAsia-376,Kyrgyzstan,High Mountain Asia,Merzbacher,ice,j kulhlaup,42.206778,79.846401,1988-12-12,1988.0,,583.0,,
GLOF-HighMountainAsia-377,Kyrgyzstan,High Mountain Asia,Merzbacher,ice,j kulhlaup,42.206778,79.846401,1989-08-31,1989.0,,750.0,,
GLOF-HighMountainAsia-378,Kyrgyzstan,High Mountain Asia,Merzbacher,ice,j kulhlaup,42.206778,79.846401,1989-10-10,1989.0,,,,
GLOF-HighMountainAsia-379,Pakistan,High Mountain Asia,,ice,,36.75,74.01,,,,,,
GLOF-HighMountainAsia-380,Pakistan,High Mountain Asia,,ice,,35.31,77.33,1990-06-06,1990.0,,,,
GLOF-HighMountainAsia-381,Kazakhstan,High Mountain Asia,,moraine,,43.1706,77.2952,1990-07-07,1990.0,6000.0,110.0,11413.762775200796,
GLOF-HighMountainAsia-382,Kyrgyzstan,High Mountain Asia,Merzbacher,ice,j kulhlaup,42.206778,79.846401,1990-08-05,1990.0,,750.0,,
GLOF-HighMountainAsia-383,China,High Mountain Asia,,moraine,breach,27.965447,88.894715,,,8760000.0,,3239034.335558844,
GLOF-HighMountainAsia-384,Bhutan,High Mountain Asia,,moraine,,28.086823,90.326328,,,1610000.0,,871208.9937872504,
GLOF-HighMountainAsia-385,Nepal,High Mountain Asia,Chubung,moraine,breach,27.87694,86.46056,1991-07-12,1991.0,,,,
GLOF-HighMountainAsia-386,Kyrgyzstan,High Mountain Asia,Merzbacher,ice,j kulhlaup,42.206778,79.846401,1991-07-24,1991.0,,,,
GLOF-HighMountainAsia-387,China,High Mountain Asia,Upper Langbu Tsho,moraine,,27.92929,86.44722,,,,,,
GLOF-HighMountainAsia-388,Kazakhstan,High Mountain Asia,No16,moraine,,42.923032,76.601807,1992-07-10,1992.0,,,,
GLOF-HighMountainAsia-389,Kyrgyzstan,High Mountain Asia,Merzbacher,ice,j kulhlaup,42.206778,79.846401,1992-08-04,1992.0,,,,
GLOF-HighMountainAsia-390,China,High Mountain Asia,,ice,,29.747649,96.537852,,,15320000.0,,4995712.742037898,
GLOF-HighMountainAsia-391,India,High Mountain Asia,,moraine,,27.556735,88.111382,,,960000.0,,583510.9139595508,
GLOF-HighMountainAsia-392,Kyrgyzstan,High Mountain Asia,,moraine,,42.50533,74.50522,,,,,,
GLOF-HighMountainAsia-393,Pakistan,High Mountain Asia,,ice,,36.84,73.92,,,,,,
GLOF-HighMountainAsia-394,Pakistan,High Mountain Asia,,ice,,35.494534,76.243465,,,,,,
GLOF-HighMountainAsia-395,Pakistan,High Mountain Asia,,ice,,35.31,77.33,1993-05-04,1993.0,,,,
GLOF-HighMountainAsia-396,Kazakhstan,High Mountain Asia,No9,moraine,,43.14588,77.270543,1993-07-06,1993.0,100000.0,2000.0,101064.44961712543,
GLOF-HighMountainAsia-397,Pakistan,High Mountain Asia,,moraine,,36.032737,73.197345,,,70000.0,,76651.27381339653,
GLOF-HighMountainAsia-398,Kyrgyzstan,High Mountain Asia,Merzbacher,ice,j kulhlaup,42.206778,79.846401,1993-08-22,1993.0,,,,
GLOF-HighMountainAsia-399,China,High Mountain Asia,Zangla Tsho,moraine,,30.35557,82.1181,,,,,,
GLOF-HighMountainAsia-400,Pakistan,High Mountain Asia,,ice,,36.62,74.07,,,,,,
GLOF-HighMountainAsia-401,Kazakhstan,High Mountain Asia,No3,moraine,,42.97,77.03,1994-07-03,1994.0,,800.0,,
GLOF-HighMountainAsia-402,Kyrgyzstan,High Mountain Asia,Merzbacher,ice,j kulhlaup,42.206778,79.846401,1994-07-24,1994.0,,,,
GLOF-HighMountainAsia-403,Bhutan,High Mountain Asia,Luggye Tso,moraine,breach,28.092048,90.300322,1994-10-07,1994.0,,,,
GLOF-HighMountainAsia-404,China,High Mountain Asia,Xiaga,moraine,,28.802,91.937,1995-05-26,1995.0,,,,
GLOF-HighMountainAsia-405,China,High Mountain Asia,Zanaco,moraine,breach,28.662208,85.370497,1995-06-07,1995.0,,,,
GLOF-HighMountainAsia-406,Kazakhstan,High Mountain Asia,No9,moraine,,43.0,77.1,1995-06-21,1995.0,,,,
GLOF-HighMountainAsia-407,Kyrgyzstan,High Mountain Asia,Merzbacher,ice,j kulhlaup,42.206778,79.846401,1995-07-18,1995.0,,600.0,,
GLOF-HighMountainAsia-409,China,High Mountain Asia,,moraine,breach,28.662763,85.47771,,,1650000.0,,887941.6314223277,
GLOF-HighMountainAsia-410,Pakistan,High Mountain Asia,,ice,,36.5,75.22,,,,,,
GLOF-HighMountainAsia-411,Kazakhstan,High Mountain Asia,,unknown,,43.08,77.15,1996-08-11,1996.0,,,,
GLOF-HighMountainAsia-412,India,High Mountain Asia,,moraine,,27.705206,92.387402,,,1120000.0,,657575.6450115265,
GLOF-HighMountainAsia-413,Kyrgyzstan,High Mountain Asia,Merzbacher,ice,j kulhlaup,42.206778,79.846401,1996-12-05,1996.0,,800.0,,
GLOF-HighMountainAsia-414,India,High Mountain Asia,Kongyangmi La Tsho,moraine,,27.90125,88.78208,,,,,,
GLOF-HighMountainAsia-415,Kazakhstan,High Mountain Asia,,unknown,,43.08,77.15,1997-06-15,1997.0,,,,
GLOF-HighMountainAsia-416,Kazakhstan,High Mountain Asia,,ice,,43.04,77.04,1997-07-16,1997.0,,,,
GLOF-HighMountainAsia-417,Kazakhstan,High Mountain Asia,,ice,,43.015885,77.024342,1997-07-17,1997.0,,,,
GLOF-HighMountainAsia-418,Kyrgyzstan,High Mountain Asia,Merzbacher,ice,j kulhlaup,42.206778,79.846401,1997-07-31,1997.0,,,,
GLOF-HighMountainAsia-419,China,High Mountain Asia,Kyagar lake,ice,,35.677413,77.193246,1997-08-03,1997.0,,4040.0,,
GLOF-HighMountainAsia-420,Kazakhstan,High Mountain Asia,,ice,,43.005964,76.565787,1997-08-20,1997.0,,,,
GLOF-HighMountainAsia-421,Bhutan,High Mountain Asia,,moraine,,27.902953,90.418146,,,460000.0,,329886.22124665783,
GLOF-HighMountainAsia-422,Bhutan,High Mountain Asia,Gangri Tsho III,moraine,,27.899492,90.806916,,,,,,
GLOF-HighMountainAsia-423,Kazakhstan,High Mountain Asia,No16,moraine,,42.923032,76.601807,1998-06-21,1998.0,70000.0,25.0,76651.27381339653,
GLOF-HighMountainAsia-424,Kyrgyzstan,High Mountain Asia,Archa-Bashy glacier lake,moraine,,39.75037,71.56817,1998-07-07,1998.0,,,,
GLOF-HighMountainAsia-425,Kyrgyzstan,High Mountain Asia,Merzbacher,ice,j kulhlaup,42.206778,79.846401,1998-07-27,1998.0,,1100.0,,
GLOF-HighMountainAsia-426,Nepal,High Mountain Asia,Tam Pokhari,moraine,breach,27.742834,86.845057,1998-09-03,1998.0,,10000.0,,
GLOF-HighMountainAsia-427,Nepal,High Mountain Asia,,moraine,,27.955288,86.775641,,,100000.0,,101064.44961712543,
GLOF-HighMountainAsia-428,China,High Mountain Asia,Kyagar lake,ice,,35.677413,77.193246,1998-11-05,1998.0,,1850.0,,
GLOF-HighMountainAsia-429,Kyrgyzstan,High Mountain Asia,,moraine,,42.54074,74.5171,,,,,,
GLOF-HighMountainAsia-430,Pakistan,High Mountain Asia,,ice,,36.342335,75.478606,,,,,,
GLOF-HighMountainAsia-431,Kyrgyzstan,High Mountain Asia,Merzbacher,ice,j kulhlaup,42.206778,79.846401,1999-07-19,1999.0,,1090.0,,
GLOF-HighMountainAsia-432,China,High Mountain Asia,Kyagar lake,ice,,35.677413,77.193246,1999-08-05,1999.0,,6070.0,,
GLOF-HighMountainAsia-433,Pakistan,High Mountain Asia,Khalti Lake,,,36.249433,73.363798,1999-08-06,1999.0,,,,
GLOF-HighMountainAsia-434,Pakistan,High Mountain Asia,,ice,,36.342335,75.478606,,,,,,
GLOF-HighMountainAsia-435,Pakistan,High Mountain Asia,,ice,,36.342335,75.478606,,,,,,
GLOF-HighMountainAsia-436,Pakistan,High Mountain Asia,,ice,,36.342335,75.478606,,,,,,
GLOF-HighMountainAsia-437,Pakistan,High Mountain Asia,,ice,,35.31,77.33,2000-04-21,2000.0,,,,
GLOF-HighMountainAsia-438,Pakistan,High Mountain Asia,,ice,,36.84,73.92,2000-05-21,2000.0,,,,
GLOF-HighMountainAsia-439,Pakistan,High Mountain Asia,,ice,,36.342335,75.478606,2000-06-11,2000.0,,,,
GLOF-HighMountainAsia-440,Kyrgyzstan,High Mountain Asia,Merzbacher,ice,j kulhlaup,42.206778,79.846401,2000-07-27,2000.0,,680.0,,
GLOF-HighMountainAsia-441,Pakistan,High Mountain Asia,,ice,,36.342335,75.478606,,,,,,
GLOF-HighMountainAsia-442,Kyrgyzstan,High Mountain Asia,Merzbacher,ice,j kulhlaup,42.206778,79.846401,2001-07-27,2001.0,,1050.0,,
GLOF-HighMountainAsia-444,China,High Mountain Asia,Chongbaxia Tsho/ Longjiu Co,moraine,breach,28.211277,89.745233,2001-08-06,2001.0,,6625.0,,
GLOF-HighMountainAsia-445,China,High Mountain Asia,,moraine,,28.139286,85.919781,,,,,,
GLOF-HighMountainAsia-446,Pakistan,High Mountain Asia,,ice,,36.35,74.57,,,,,,
GLOF-HighMountainAsia-447,China,High Mountain Asia,Jialongco,,,28.2113,85.8481,2002-05-23,2002.0,,,,
GLOF-HighMountainAsia-448,Pakistan,High Mountain Asia,,ice,breach,35.31,77.33,2002-06-06,2002.0,,,,
GLOF-HighMountainAsia-449,China,High Mountain Asia,Jialongco,,,28.2113,85.8481,2002-06-29,2002.0,,,,
GLOF-HighMountainAsia-450,Pakistan,High Mountain Asia,,ice,,36.342335,75.478606,2002-07-15,2002.0,,,,
GLOF-HighMountainAsia-451,Kyrgyzstan,High Mountain Asia,Merzbacher,ice,j kulhlaup,42.206778,79.846401,2002-08-01,2002.0,,800.0,,
GLOF-HighMountainAsia-452,Tajikistan,High Mountain Asia,,supraglacial,,37.220393,71.733867,2002-08-07,2002.0,,,,
GLOF-HighMountainAsia-453,China,High Mountain Asia,Kyagar lake,ice,,35.677413,77.193246,2002-08-13,2002.0,,4610.0,,
GLOF-HighMountainAsia-454,Pakistan,High Mountain Asia,,ice,,36.342335,75.478606,,,,,,
GLOF-HighMountainAsia-455,Pakistan,High Mountain Asia,,moraine,,36.612892,73.896146,,,2029999.9999999998,,1042704.4699654478,
GLOF-HighMountainAsia-456,China,High Mountain Asia,,moraine,,30.684186,94.323506,,,2290000.0,,1144812.7248366047,
GLOF-HighMountainAsia-457,China,High Mountain Asia,,moraine,,29.632487,93.546202,,,650000.0,,431284.4580215037,
GLOF-HighMountainAsia-459,India,High Mountain Asia,,moraine,,34.477429,76.971202,,,16900.0,,25471.878644039203,
GLOF-HighMountainAsia-460,Pakistan,High Mountain Asia,,ice,,36.342335,75.478606,2003-05-31,2003.0,,,,
GLOF-HighMountainAsia-461,Kyrgyzstan,High Mountain Asia,Merzbacher,ice,j kulhlaup,42.206778,79.846401,2003-07-22,2003.0,,,,
GLOF-HighMountainAsia-462,Pakistan,High Mountain Asia,,ice,,36.84,73.92,,,,,,
GLOF-HighMountainAsia-463,Nepal,High Mountain Asia,,supraglacial,tunneling,30.267,81.47408,,,,,,
GLOF-HighMountainAsia-464,Kyrgyzstan,High Mountain Asia,Merzbacher,ice,j kulhlaup,42.206778,79.846401,2004-08-06,2004.0,,,,
GLOF-HighMountainAsia-465,China,High Mountain Asia,Kyagar lake,ice,,35.677413,77.193246,2004-09-20,2004.0,,1500.0,,
GLOF-HighMountainAsia-467,China,High Mountain Asia,,moraine,,29.47,96.75,,,2020000.0,,1038720.4970397098,
GLOF-HighMountainAsia-468,Kyrgyzstan,High Mountain Asia,Teztor-3,moraine,piping,42.53652,74.427288,,,50000.0,17.5,59052.98150546904,
GLOF-HighMountainAsia-469,Kyrgyzstan,High Mountain Asia,Merzbacher,ice,j kulhlaup,42.206778,79.846401,2005-07-13,2005.0,,1800.0,,
GLOF-HighMountainAsia-470,Kazakhstan,High Mountain Asia,,water pocket,,43.128,77.509,2005-07-21,2005.0,,,,
GLOF-HighMountainAsia-471,China,High Mountain Asia,Kyagar lake,ice,,35.677413,77.193246,2005-09-02,2005.0,,1880.0,,
GLOF-HighMountainAsia-472,Kyrgyzstan,High Mountain Asia,Kashkasuu glacial lake,moraine,tunneling,41.85897,76.99497,,,,,,
GLOF-HighMountainAsia-473,Nepal,High Mountain Asia,,supraglacial,tunneling,30.267,81.47408,,,,,,
GLOF-HighMountainAsia-474,Kyrgyzstan,High Mountain Asia,Merzbacher,ice,j kulhlaup,42.206778,79.846401,2006-07-30,2006.0,,,,
GLOF-HighMountainAsia-475,China,High Mountain Asia,Kyagar lake,ice,,35.677413,77.193246,2006-08-02,2006.0,,2500.0,,
GLOF-HighMountainAsia-476,Nepal,High Mountain Asia,,supraglacial,tunneling,30.267,81.47408,,,,,,
GLOF-HighMountainAsia-478,Pakistan,High Mountain Asia,Ghulkin Lake,supraglacial,,36.4285,74.8062,2007-04-05,2007.0,,,,
GLOF-HighMountainAsia-479,Kyrgyzstan,High Mountain Asia,Merzbacher,ice,j kulhlaup,42.206778,79.846401,2007-07-11,2007.0,,,,
GLOF-HighMountainAsia-480,Bhutan,High Mountain Asia,,moraine,,28.278268,90.224919,,,28760000.0,,8140223.104160298,
GLOF-HighMountainAsia-481,Pakistan,High Mountain Asia,Passu Lake,,,36.457205,74.879298,2008-01-06,2008.0,,,,
GLOF-HighMountainAsia-482,Nepal,High Mountain Asia,,supraglacial,tunneling,30.267,81.47408,,,,,,
GLOF-HighMountainAsia-483,Pakistan,High Mountain Asia,Ghulkin Lake,supraglacial,breach,36.4285,74.8062,2008-04-06,2008.0,,,,
GLOF-HighMountainAsia-484,Pakistan,High Mountain Asia,Ghulkin Lake,supraglacial,breach,36.4285,74.8062,2008-05-21,2008.0,,,,
GLOF-HighMountainAsia-485,Pakistan,High Mountain Asia,Ghulkin Lake,supraglacial,breach,36.4285,74.8062,2008-05-25,2008.0,,50.0,,
GLOF-HighMountainAsia-486,China,High Mountain Asia,Kyagar lake,ice,,35.677413,77.193246,,,,,,
GLOF-HighMountainAsia-487,Pakistan,High Mountain Asia,Ghulkin Lake,supraglacial,breach,36.4285,74.8062,2008-06-14,2008.0,,50.0,,
GLOF-HighMountainAsia-489,Kyrgyzstan,High Mountain Asia,Merzbacher,ice,j kulhlaup,42.206778,79.846401,2008-07-15,2008.0,99000000.0,1600.0,21222485.25439809,
GLOF-HighMountainAsia-490,Kyrgyzstan,High Mountain Asia,western Zyndan glacier lake,moraine,,41.94117,77.017164,2008-07-24,2008.0,,27.0,,
GLOF-HighMountainAsia-491,Myanmar (Burma),High Mountain Asia,,bedrock,,28.323073,97.835172,,,1080000.0,,639296.1686119508,
GLOF-HighMountainAsia-492,Kyrgyzstan,High Mountain Asia,Merzbacher,ice,j kulhlaup,42.206778,79.846401,,,92000000.0,,20049722.167851713,
GLOF-HighMountainAsia-493,Tajikistan,High Mountain Asia,Garm-chasam,unknown,,37.094258,71.636755,,,,,,
GLOF-HighMountainAsia-494,Pakistan,High Mountain Asia,Ghulkin Lake,supraglacial,,36.4285,74.8062,2009-03-26,2009.0,,,,
GLOF-HighMountainAsia-495,Bhutan,High Mountain Asia,,supraglacial,,28.100736,90.164108,2009-04-29,2009.0,,,,
GLOF-HighMountainAsia-496,Nepal,High Mountain Asia,,supraglacial,tunneling,30.267,81.47408,2009-06-23,2009.0,,,,
GLOF-HighMountainAsia-497,Pakistan,High Mountain Asia,,ice,,36.783588,74.004089,2009-07-01,2009.0,,,,
GLOF-HighMountainAsia-498,China,High Mountain Asia,Kyagar lake,ice,,35.677413,77.193246,,,50700000.0,1480.0,12632921.866178878,
GLOF-HighMountainAsia-499,China,High Mountain Asia,Tsho Ga / Cuoga,moraine,,30.83,94.0,2009-07-29,2009.0,10460000.0,,3716437.6648307997,
GLOF-HighMountainAsia-500,Bhutan,High Mountain Asia,,moraine,,28.086823,90.326328,,,1280000.0,,729290.7702943987,
GLOF-HighMountainAsia-501,China,High Mountain Asia,Geiqu,moraine,breach,27.950928,87.985425,,,410000.0,,301734.28529613704,
GLOF-HighMountainAsia-502,Kyrgyzstan,High Mountain Asia,Merzbacher,ice,j kulhlaup,42.206778,79.846401,,,112000000.0,,23352496.546572786,
GLOF-HighMountainAsia-503,Pakistan,High Mountain Asia,,ice,,36.342335,75.478606,,,,,,
GLOF-HighMountainAsia-505,India,High Mountain Asia,Nidder lake,moraine,,33.01901,78.487766,2010-10-08,2010.0,,,,
GLOF-HighMountainAsia-506,Kyrgyzstan,High Mountain Asia,Merzbacher,ice,j kulhlaup,42.206778,79.846401,,,87000000.0,,19199747.192498185,
GLOF-HighMountainAsia-508,India,High Mountain Asia,,ice,,35.337954,77.637377,2011-06-24,2011.0,,,,
GLOF-HighMountainAsia-509,Nepal,High Mountain Asia,,supraglacial,tunneling,30.267,81.47408,2011-06-30,2011.0,,,,
GLOF-HighMountainAsia-511,Kyrgyzstan,High Mountain Asia,Merzbacher,ice,j kulhlaup,42.206778,79.846401,,,57000000.0,,13833609.517670373,
GLOF-HighMountainAsia-512,Kyrgyzstan,High Mountain Asia,Teztor-2,moraine,,42.53652,74.427288,2012-07-31,2012.0,74000.0,,80025.3634655619,
GLOF-HighMountainAsia-513,India,High Mountain Asia,,ice,,35.337954,77.637377,2013-05-13,2013.0,,,,
GLOF-HighMountainAsia-514,India,High Mountain Asia,Chorabari,moraine,breach,30.748364,79.081478,2013-06-17,2013.0,290000.0,,230699.40563290386,
GLOF-HighMountainAsia-515,China,High Mountain Asia,Ranzeria Co,moraine,breach,30.473421,93.534207,2013-07-05,2013.0,13220000.0,,4456191.894415559,
GLOF-HighMountainAsia-517,Pakistan,High Mountain Asia,,ice,,36.783588,74.004089,2013-07-28,2013.0,,,,
GLOF-HighMountainAsia-518,Kyrgyzstan,High Mountain Asia,Jeruy lake,moraine,,41.987,76.81425,2013-08-15,2013.0,,,,
GLOF-HighMountainAsia-519,Afghanistan,High Mountain Asia,,moraine,,36.474514,71.129061,2013-09-09,2013.0,,,,
GLOF-HighMountainAsia-520,China,High Mountain Asia,,moraine,,30.530845,94.944277,,,780000.0,,496757.71286390646,
GLOF-HighMountainAsia-521,India,High Mountain Asia,,ice,,35.337954,77.637377,2014-07-10,2014.0,,,,
GLOF-HighMountainAsia-522,Kazakhstan,High Mountain Asia,No9,moraine,,43.14449,77.276701,2014-07-17,2014.0,50000.0,300.0,59052.98150546904,
GLOF-HighMountainAsia-523,Kyrgyzstan,High Mountain Asia,Karateke lake,moraine,,41.97345,76.828337,2014-07-17,2014.0,,,,
GLOF-HighMountainAsia-524,India,High Mountain Asia,Gya lake,moraine,tunnelling,33.617,77.613,2014-08-06,2014.0,1459250.0,29.5,807280.6461936111,
GLOF-HighMountainAsia-525,China,High Mountain Asia,Kyagar lake,ice,,35.677413,77.193246,,,49800000.0,2230.0,12458732.887071596,
GLOF-HighMountainAsia-526,Kyrgyzstan,High Mountain Asia,,moraine,,42.54074,74.5171,,,,,,
GLOF-HighMountainAsia-527,Kyrgyzstan,High Mountain Asia,Merzbacher,ice,j kulhlaup,42.206778,79.846401,,,79000000.0,,17816441.51782716,
GLOF-HighMountainAsia-528,Nepal,High Mountain Asia,Dig Tsho,moraine,overtopping,27.874362,86.585784,2015-04-25,2015.0,61700000.0,,14709915.240348523,
GLOF-HighMountainAsia-529,Nepal,High Mountain Asia,,supraglacial,,27.90556,86.89083,2015-05-25,2015.0,,,,
GLOF-HighMountainAsia-530,Bhutan,High Mountain Asia,Lemthang Tsho,moraine,breach,28.0695,89.579816,2015-06-28,2015.0,720000.0,,466871.3777530244,
GLOF-HighMountainAsia-533,Kazakhstan,High Mountain Asia,No1,moraine,,43.00693,76.847391,2015-07-23,2015.0,80000.0,,85010.85304404628,
GLOF-HighMountainAsia-534,China,High Mountain Asia,,moraine,,30.31,82.2,,,4980000.0,,2090643.9514041196,
GLOF-HighMountainAsia-535,China,High Mountain Asia,,moraine,,27.943308,87.895603,,,1730000.0,,921136.680336986,
GLOF-HighMountainAsia-537,Pakistan,High Mountain Asia,,ice,,36.783588,74.004089,2016-06-18,2016.0,,,,
GLOF-HighMountainAsia-538,Nepal,High Mountain Asia,,supraglacial,breach,27.90556,86.89083,2016-06-12,2016.0,,210.0,,
GLOF-HighMountainAsia-539,China,High Mountain Asia,Kyagar lake,ice,,35.677413,77.193246,2016-06-17,2016.0,49200000.0,1930.0,12342213.892653238,
GLOF-HighMountainAsia-540,China,High Mountain Asia,Gongbatongsha Tsho,moraine,,28.078171,86.063869,2016-07-07,2016.0,90000.0,,93138.12533977685,
GLOF-HighMountainAsia-541,China,High Mountain Asia,Kyagar lake,ice,,35.677413,77.193246,2016-08-11,2016.0,34900000.0,2120.0,9457599.450051462,
GLOF-HighMountainAsia-542,Nepal,High Mountain Asia,Langmale Lake,moraine,overtopping,27.81306,87.13917,2017-04-20,2017.0,,4400.0,,
GLOF-HighMountainAsia-543,Nepal,High Mountain Asia,,supraglacial,,27.988793,86.811476,2017-07-16,2017.0,1360000.0,56.0,764382.5205439983,
GLOF-HighMountainAsia-544,Pakistan,High Mountain Asia,,ice,,36.342335,75.478606,,,2000000.0,,1030739.2153613124,
GLOF-HighMountainAsia-545,Pakistan,High Mountain Asia,,ice,subglacial drainage,36.342335,75.478606,2017-07-28,2017.0,,,,
GLOF-HighMountainAsia-546,Kyrgyzstan,High Mountain Asia,Chelektor,moraine,overtopping,42.4,74.7,2017-08-08,2017.0,,,,
GLOF-HighMountainAsia-547,China,High Mountain Asia,Kyagar lake,ice,,35.677413,77.193246,,,,,,
GLOF-HighMountainAsia-548,Pakistan,High Mountain Asia,,ice,subglacial drainage,36.342335,75.478606,2018-03-25,2018.0,,,,
GLOF-HighMountainAsia-549,Pakistan,High Mountain Asia,,ice,,36.342335,75.478606,,,7000000.0,,2722118.163281992,
GLOF-HighMountainAsia-550,Pakistan,High Mountain Asia,,ice,subglacial drainage,36.342335,75.478606,2018-05-10,2018.0,,,,
GLOF-HighMountainAsia-551,Afghanistan,High Mountain Asia,,moraine,,35.470142,69.628236,2018-07-12,2018.0,,,,
GLOF-HighMountainAsia-552,Pakistan,High Mountain Asia,,subglacial,englacial,36.5,74.06,2018-07-17,2018.0,,,,
GLOF-HighMountainAsia-553,Pakistan,High Mountain Asia,,ice,,36.5458,74.0339,2018-07-18,2018.0,,,,
GLOF-HighMountainAsia-554,China,High Mountain Asia,Kyagar lake,ice,breach / overtopping,35.677413,77.193246,2018-08-10,2018.0,,1570.0,,
GLOF-HighMountainAsia-555,Pakistan,High Mountain Asia,,ice,,36.342335,75.478606,,,,,,
GLOF-HighMountainAsia-556,Pakistan,High Mountain Asia,,ice,,36.342335,75.478606,,,,,,
GLOF-HighMountainAsia-557,Pakistan,High Mountain Asia,,ice,tunneling,36.360999,74.562535,2019-06-22,2019.0,16600000.000000002,142.0,5316336.193430956,
GLOF-HighMountainAsia-558,Pakistan,High Mountain Asia,,unknown,,35.8856,72.0052,2019-07-07,2019.0,,,,
GLOF-HighMountainAsia-559,China,High Mountain Asia,Kyagar lake,ice,breach / overtopping,35.677413,77.193246,2019-07-25,2019.0,,,,
GLOF-HighMountainAsia-560,Kyrgyzstan,High Mountain Asia,Toguz-Bulak glacial lake,moraine,breach,41.977646,77.266932,2019-08-08,2019.0,130000.0,183.0,123858.72221648962,
GLOF-HighMountainAsia-561,Kazakhstan,High Mountain Asia,No1,ice,tunneling,43.00693,76.847391,2019-08-14,2019.0,20000.0,10.0,29024.263124422218,
GLOF-HighMountainAsia-562,Pakistan,High Mountain Asia,,ice,,36.360999,74.562535,,,,,,
GLOF-HighMountainAsia-563,Pakistan,High Mountain Asia,,ice,,36.360999,74.562535,2020-05-29,2020.0,,85.0,,
GLOF-HighMountainAsia-564,China,High Mountain Asia,Jinwuco,moraine,breach,30.356,93.631,2020-06-26,2020.0,,5390.0,,
GLOF-HighMountainAsia-565,China,High Mountain Asia,,moraine,breach,30.436168,94.543576,2020-08-01,2020.0,,,,
GLOF-HighMountainAsia-566,Pakistan,High Mountain Asia,,ice,subglacial drainage,36.342335,75.478606,,,,,,
GLOF-HighMountainAsia-567,Pakistan,High Mountain Asia,,ice,tunneling,36.360999,74.562535,,,,,,
GLOF-HighMountainAsia-568,Pakistan,High Mountain Asia,,supraglacial,,36.33,73.68,2021-06-08,2021.0,,,,
GLOF-HighMountainAsia-569,Pakistan,High Mountain Asia,,ice,,36.360999,74.562535,2022-05-07,2022.0,,,,
GLOF-Scandinavia-1,Norway,Scandinavia,Flatbreen lake,moraine,,61.475309,6.799722,,,,,,
GLOF-Scandinavia-2,Norway,Scandinavia,Skadevatn,unknown,,61.401485,6.554375,1741-08-14,1741.0,,,,
GLOF-Scandinavia-3,Norway,Scandinavia,Jostefonni,ice,,61.421439,6.608862,,,,,,
GLOF-Scandinavia-4,Norway,Scandinavia,Demmevatn,ice,,60.545041,7.315178,,,,,,
GLOF-Scandinavia-5,Norway,Scandinavia,Skadevatn,ice,,61.401485,6.554375,,,,,,
GLOF-Scandinavia-6,Norway,Scandinavia,Demmevatn,ice,,60.545041,7.315178,,,,,,
GLOF-Scandinavia-7,Norway,Scandinavia,Skadevatn,ice,,61.401485,6.554375,,,,,,
GLOF-Scandinavia-8,Norway,Scandinavia,Lausvatn,ice,,60.16484,6.50328,1849-02-19,1849.0,,,,
GLOF-Scandinavia-9,Norway,Scandinavia,vre Mjolkedalsvatn,ice,,61.436018,8.205242,1855-08-11,1855.0,,,,
GLOF-Scandinavia-10,Norway,Scandinavia,Demmevatn,ice,j kulhlaup,60.545041,7.315178,1861-09-17,1861.0,,,,
GLOF-Scandinavia-11,Norway,Scandinavia,vre Mjolkedalsvatn,ice,,61.436018,8.205242,,,,,,
GLOF-Scandinavia-12,Norway,Scandinavia,vre Mjolkedalsvatn,ice,,61.436018,8.205242,,,,,,
GLOF-Scandinavia-13,Norway,Scandinavia,vre Mjolkedalsvatn,ice,,61.436018,8.205242,,,,,,
GLOF-Scandinavia-14,Norway,Scandinavia,Demmevatn,ice,j kulhlaup,60.545041,7.315178,,,,400.0,,
GLOF-Scandinavia-15,Norway,Scandinavia,vre Mjolkedalsvatn,ice,,61.436018,8.205242,,,,,,
GLOF-Scandinavia-16,Norway,Scandinavia,Brimkjelen,ice,jo kulhlaup,61.554355,7.115536,,,,,,
GLOF-Scandinavia-17,Norway,Scandinavia,Brimkjelen,ice,jo kulhlaup,61.554355,7.115536,,,,,,
GLOF-Scandinavia-18,Norway,Scandinavia,Demmevatn,ice,j kulhlaup,60.545041,7.315178,1897-08-17,1897.0,,15.0,,
GLOF-Scandinavia-19,Norway,Scandinavia,Strupvatnet,ice,,69.719416,20.210724,,,,,,
GLOF-Scandinavia-20,Norway,Scandinavia,Brimkjelen,ice,jo kulhlaup,61.554355,7.115536,,,,,,
GLOF-Scandinavia-21,Norway,Scandinavia,Brimkjelen,ice,jo kulhlaup,61.554355,7.115536,,,,,,
GLOF-Scandinavia-22,Norway,Scandinavia,vre Mjolkedalsvatn,ice,,61.436018,8.205242,1899-08-02,1899.0,,,,
GLOF-Scandinavia-23,Norway,Scandinavia,Brimkjelen,ice,,61.554355,7.115536,1900-08-06,1900.0,,,,
GLOF-Scandinavia-24,Norway,Scandinavia,Brimkjelen,ice,,61.554355,7.115536,1903-08-22,1903.0,,,,
GLOF-Scandinavia-25,Norway,Scandinavia,,ice,,61.686697,6.87212,1904-09-15,1904.0,,,,
GLOF-Scandinavia-26,Norway,Scandinavia,,ice,,61.686697,6.87212,1904-10-08,1904.0,,,,
GLOF-Scandinavia-27,Norway,Scandinavia,Strupvatnet,ice,,69.719416,20.210724,1905-05-10,1905.0,,45.0,,
GLOF-Scandinavia-28,Norway,Scandinavia,vre Mjolkedalsvatn,ice,,61.436018,8.205242,1916-08-02,1916.0,,,,
GLOF-Scandinavia-29,Norway,Scandinavia,vre Mjolkedalsvatn,ice,,61.436018,8.205242,1921-08-03,1921.0,,,,
GLOF-Scandinavia-30,Norway,Scandinavia,Flatbreen lake,moraine,,61.475309,6.799722,,,,,,
GLOF-Scandinavia-31,Norway,Scandinavia,vre Mjolkedalsvatn,ice,,61.436018,8.205242,1925-03-30,1925.0,,,,
GLOF-Scandinavia-32,Norway,Scandinavia,Brimkjelen,ice,,61.554355,7.115536,1926-08-14,1926.0,,,,
GLOF-Scandinavia-33,Norway,Scandinavia,vre Mjolkedalsvatn,ice,,61.436018,8.205242,1927-08-18,1927.0,,,,
GLOF-Scandinavia-34,Norway,Scandinavia,vre Mjolkedalsvatn,ice,,61.436018,8.205242,1929-08-13,1929.0,,,,
GLOF-Scandinavia-35,Norway,Scandinavia,vre Mjolkedalsvatn,ice,,61.436018,8.205242,1931-11-14,1931.0,,,,
GLOF-Scandinavia-36,Norway,Scandinavia,Koldevatn,ice,,62.249704,7.633953,,,,28.0,,
GLOF-Scandinavia-37,Norway,Scandinavia,vre Mjolkedalsvatn,ice,,61.436018,8.205242,1932-07-15,1932.0,,,,
GLOF-Scandinavia-38,Norway,Scandinavia,Koldevatn,ice,,62.249704,7.633953,,,,,,
GLOF-Scandinavia-39,Norway,Scandinavia,vre Mjolkedalsvatn,ice,,61.436018,8.205242,1936-01-04,1936.0,,,,
GLOF-Scandinavia-40,Norway,Scandinavia,vre Mjolkedalsvatn,ice,,61.436018,8.205242,1937-01-30,1937.0,,,,
GLOF-Scandinavia-41,Norway,Scandinavia,Demmevatn,ice,j kulhlaup,60.545041,7.315178,1937-08-10,1937.0,,900.0,,
GLOF-Scandinavia-42,Svalbard / Norway,Scandinavia,Go svatnet,ice,,76.921901,15.873484,,,38480000.0,926.0,10201325.471790792,
GLOF-Scandinavia-43,Norway,Scandinavia,Sauanutvatnet,ice,,59.98,6.41,1938-07-30,1938.0,,,,
GLOF-Scandinavia-44,Norway,Scandinavia,Demmevatn,ice,j kulhlaup,60.545041,7.315178,1938-08-23,1938.0,,,,
GLOF-Scandinavia-45,Norway,Scandinavia,Austerdalsvatnet,ice,,66.518323,14.053917,,,,,,
GLOF-Scandinavia-46,Norway,Scandinavia,Austerdalsvatnet,ice,,66.518323,14.053917,,,,,,
GLOF-Scandinavia-47,Norway,Scandinavia,Lausvatn,ice,,60.16484,6.50328,1943-02-19,1943.0,,,,
GLOF-Scandinavia-48,Norway,Scandinavia,Austerdalsvatnet,ice,,66.518323,14.053917,,,,,,
GLOF-Scandinavia-49,Norway,Scandinavia,Sauanutvatnet,ice,,59.98,6.41,1944-08-19,1944.0,,,,
GLOF-Scandinavia-50,Norway,Scandinavia,Austerdalsvatnet,ice,,66.518323,14.053917,,,71000000.0,,16401221.91917247,
GLOF-Scandinavia-51,Norway,Scandinavia,Austerdalsvatnet,ice,,66.518323,14.053917,,,,,,
GLOF-Scandinavia-52,Norway,Scandinavia,Austerdalsvatnet,ice,,66.518323,14.053917,,,,,,
GLOF-Scandinavia-53,Norway,Scandinavia,Flatbreen lake,moraine,,61.475309,6.799722,,,,,,
GLOF-Scandinavia-54,Norway,Scandinavia,Austerdalsvatnet,ice,,66.518323,14.053917,,,,,,
GLOF-Scandinavia-55,Norway,Scandinavia,Sauanutvatnet,ice,,59.98,6.41,1948-09-27,1948.0,,,,
GLOF-Scandinavia-56,Norway,Scandinavia,Austerdalsvatnet,ice,,66.518323,14.053917,,,93000000.0,,20218456.023735058,
GLOF-Scandinavia-57,Norway,Scandinavia,Austerdalsvatnet,ice,,66.518323,14.053917,,,,,,
GLOF-Scandinavia-58,Norway,Scandinavia,Austerdalsvatnet,ice,,66.518323,14.053917,,,,,,
GLOF-Scandinavia-59,Sweden,Scandinavia,,ice,jo kulhlaup,67.92214,18.168898,,,,,,
GLOF-Scandinavia-60,Norway,Scandinavia,Austerdalsvatnet,ice,,66.518323,14.053917,,,120000000.0,,24635456.90958945,
GLOF-Scandinavia-61,Norway,Scandinavia,Austerdalsvatnet,ice,,66.518323,14.053917,,,,155.0,,
GLOF-Scandinavia-62,Norway,Scandinavia,Austerdalsvatnet,ice,,66.518323,14.053917,,,145000000.0,,28527997.329820108,
GLOF-Scandinavia-63,Sweden,Scandinavia,,ice,jo kulhlaup,67.92214,18.168898,,,,,,
GLOF-Scandinavia-64,Svalbard / Norway,Scandinavia,Go svatnet,ice,,76.921901,15.873484,,,23880000.0,664.0,7047512.819029414,
GLOF-Scandinavia-65,Norway,Scandinavia,Sauanutvatnet,ice,,59.98,6.41,1962-10-18,1962.0,,,,
GLOF-Scandinavia-66,Sweden,Scandinavia,,ice,jo kulhlaup,67.92214,18.168898,,,,,,
GLOF-Scandinavia-67,Sweden,Scandinavia,,ice,jo kulhlaup,67.92214,18.168898,,,,,,
GLOF-Scandinavia-68,Sweden,Scandinavia,,ice,jo kulhlaup,67.92214,18.168898,,,,,,
GLOF-Scandinavia-69,Norway,Scandinavia,,ice,,60.010196,6.434469,1966-09-07,1966.0,,,,
GLOF-Scandinavia-70,Sweden,Scandinavia,,ice,jo kulhlaup,67.92214,18.168898,,,,,,
GLOF-Scandinavia-71,Sweden,Scandinavia,,ice,jo kulhlaup,67.92214,18.168898,,,,,,
GLOF-Scandinavia-72,Sweden,Scandinavia,,ice,jo kulhlaup,67.92214,18.168898,,,,,,
GLOF-Scandinavia-73,Norway,Scandinavia,Strupvatnet,ice,englacial and subglacial seepage,69.719416,20.210724,1969-07-19,1969.0,,150.0,,
GLOF-Scandinavia-74,Sweden,Scandinavia,,ice,jo kulhlaup,67.92214,18.168898,,,,,,
GLOF-Scandinavia-75,Norway,Scandinavia,Brimkjelen,ice,,61.554355,7.115536,1970-06-21,1970.0,,,,
GLOF-Scandinavia-76,Sweden,Scandinavia,,ice,jo kulhlaup,67.92214,18.168898,,,,,,
GLOF-Scandinavia-77,Norway,Scandinavia,,ice,j kulhlaup,66.752372,13.976498,1971-08-26,1971.0,,,,
GLOF-Scandinavia-78,Sweden,Scandinavia,,ice,jo kulhlaup,67.92214,18.168898,,,,,,
GLOF-Scandinavia-79,Sweden,Scandinavia,,ice,jo kulhlaup,67.92214,18.168898,,,,,,
GLOF-Scandinavia-80,Norway,Scandinavia,Brimkjelen,ice,,61.554355,7.115536,1973-08-11,1973.0,,,,
GLOF-Scandinavia-81,Sweden,Scandinavia,,ice,jo kulhlaup,67.92214,18.168898,,,,,,
GLOF-Scandinavia-82,Sweden,Scandinavia,,ice,jo kulhlaup,67.92214,18.168898,,,,,,
GLOF-Scandinavia-83,Sweden,Scandinavia,,ice,jo kulhlaup,67.92214,18.168898,,,,,,
GLOF-Scandinavia-84,Norway,Scandinavia,Leirskardsvatnet/Kalvtj nna,ice,,66.01,14.3,1976-07-31,1976.0,,,,
GLOF-Scandinavia-85,Sweden,Scandinavia,,ice,jo kulhlaup,67.92214,18.168898,,,,,,
GLOF-Scandinavia-86,Norway,Scandinavia,Leirskardsvatnet/Kalvtj nna,ice,,66.01,14.3,1977-08-05,1977.0,,,,
GLOF-Scandinavia-87,Sweden,Scandinavia,,ice,jo kulhlaup,67.92214,18.168898,,,,,,
GLOF-Scandinavia-88,Norway,Scandinavia,Leirskardsvatnet/Kalvtj nna,ice,,66.01,14.3,,,,,,
GLOF-Scandinavia-89,Sweden,Scandinavia,,ice,jo kulhlaup,67.92214,18.168898,,,,,,
GLOF-Scandinavia-90,Norway,Scandinavia,Leirskardsvatnet/Kalvtj nna,ice,,66.01,14.3,,,,,,
GLOF-Scandinavia-91,Norway,Scandinavia,Leirskardsvatnet/Kalvtj nna,ice,,66.01,14.3,1979-06-30,1979.0,,,,
GLOF-Scandinavia-92,Sweden,Scandinavia,,ice,jo kulhlaup,67.92214,18.168898,,,,,,
GLOF-Scandinavia-93,Sweden,Scandinavia,,ice,jo kulhlaup,67.92214,18.168898,,,,,,
GLOF-Scandinavia-94,Sweden,Scandinavia,,ice,jo kulhlaup,67.92214,18.168898,,,,,,
GLOF-Scandinavia-95,Norway,Scandinavia,Leirskardsvatnet/Kalvtj nna,ice,,66.01,14.3,1982-07-19,1982.0,,,,
GLOF-Scandinavia-96,Sweden,Scandinavia,,ice,jo kulhlaup,67.92214,18.168898,,,,,,
GLOF-Scandinavia-97,Sweden,Scandinavia,,ice,jo kulhlaup,67.92214,18.168898,,,,,,
GLOF-Scandinavia-98,Norway,Scandinavia,Leirskardsvatnet/Kalvtj nna,ice,englacial and subglacial seepage,66.01,14.3,1984-07-29,1984.0,,32.0,,
GLOF-Scandinavia-99,Sweden,Scandinavia,,ice,jo kulhlaup,67.92214,18.168898,,,,,,
GLOF-Scandinavia-100,Norway,Scandinavia,Leirskardsvatnet/Kalvtj nna,ice,,66.01,14.3,,,,,,
GLOF-Scandinavia-101,Norway,Scandinavia,Leirskardsvatnet/Kalvtj nna,ice,,66.01,14.3,,,,,,
GLOF-Scandinavia-102,Sweden,Scandinavia,,ice,jo kulhlaup,67.92214,18.168898,,,,,,
GLOF-Scandinavia-103,Sweden,Scandinavia,,ice,jo kulhlaup,67.92214,18.168898,,,,,,
GLOF-Scandinavia-104,Norway,Scandinavia,Leirskardsvatnet/Kalvtj nna,ice,,66.01,14.3,1987-07-16,1987.0,,,,
GLOF-Scandinavia-105,Sweden,Scandinavia,,ice,jo kulhlaup,67.92214,18.168898,,,,,,
GLOF-Scandinavia-106,Sweden,Scandinavia,,ice,jo kulhlaup,67.92214,18.168898,,,,,,
GLOF-Scandinavia-107,Norway,Scandinavia,Heiavatnet,ice,,66.54881,13.73188,,,,,,
GLOF-Scandinavia-108,Sweden,Scandinavia,,ice,jo kulhlaup,67.92214,18.168898,1990-08-11,1990.0,,40.0,,
GLOF-Scandinavia-109,Norway,Scandinavia,Heiavatnet,ice,,66.54881,13.73188,,,,,,
GLOF-Scandinavia-110,Svalbard / Norway,Scandinavia,Go svatnet,ice,,76.921901,15.873484,1991-07-24,1991.0,7117500.0,284.0,2757472.4823937253,
GLOF-Scandinavia-111,Sweden,Scandinavia,,ice,jo kulhlaup,67.92214,18.168898,,,,,,
GLOF-Scandinavia-112,Sweden,Scandinavia,,ice,jo kulhlaup,67.92214,18.168898,,,,,,
GLOF-Scandinavia-113,Sweden,Scandinavia,,ice,jo kulhlaup,67.92214,18.168898,1993-07-25,1993.0,,,,
GLOF-Scandinavia-114,Sweden,Scandinavia,,ice,jo kulhlaup,67.92214,18.168898,1994-07-27,1994.0,,,,
GLOF-Scandinavia-115,Norway,Scandinavia,,ice,,61.700983,7.666783,,,,,,
GLOF-Scandinavia-116,Norway,Scandinavia,,ice,,61.700983,7.666783,,,,,,
GLOF-Scandinavia-117,Norway,Scandinavia,,ice,,61.700983,7.666783,,,,,,
GLOF-Scandinavia-118,Norway,Scandinavia,Heiavatnet,ice,,66.54881,13.73188,,,,,,
GLOF-Scandinavia-119,Norway,Scandinavia,Brimkjelen,ice,,61.554355,7.115536,,,,,,
GLOF-Scandinavia-120,Sweden,Scandinavia,,ice,jo kulhlaup,67.92214,18.168898,,,,,,
GLOF-Scandinavia-121,Norway,Scandinavia,,ice,,61.700983,7.666783,,,,,,
GLOF-Scandinavia-122,Norway,Scandinavia,vre Messingmalmvatn,ice,,67.311671,16.095657,2001-09-05,2001.0,,850.0,,
GLOF-Scandinavia-123,Norway,Scandinavia,,ice,,61.700983,7.666783,,,,,,
GLOF-Scandinavia-124,Sweden,Scandinavia,,ice,jo kulhlaup,67.92214,18.168898,,,,,,
GLOF-Scandinavia-125,Norway,Scandinavia,,ice,,60.113409,6.446758,,,,,,
GLOF-Scandinavia-126,Norway,Scandinavia,vre Svartanutvatnet,ice,,60.04,6.39,,,,,,
GLOF-Scandinavia-127,Norway,Scandinavia,,ice,,60.010196,6.434469,,,,,,
GLOF-Scandinavia-128,Sweden,Scandinavia,,ice,jo kulhlaup,67.92214,18.168898,2003-07-14,2003.0,,9.5,,
GLOF-Scandinavia-129,Norway,Scandinavia,,ice,,61.505358,6.690159,,,,,,
GLOF-Scandinavia-130,Norway,Scandinavia,Flatbreen lake,moraine,breach,61.475309,6.799722,2004-05-08,2004.0,,,,
GLOF-Scandinavia-131,Norway,Scandinavia,vre Messingmalmvatn,ice,,67.311671,16.095657,2005-08-29,2005.0,,,,
GLOF-Scandinavia-132,Norway,Scandinavia,vre Messingmalmvatn,ice,,67.311671,16.095657,2007-08-29,2007.0,,,,
GLOF-Scandinavia-133,Norway,Scandinavia,vre Messingmalmvatn,ice,,67.311671,16.095657,2009-09-06,2009.0,,,,
GLOF-Scandinavia-134,Norway,Scandinavia,,ice,,60.225311,6.437441,2009-09-12,2009.0,,,,
GLOF-Scandinavia-135,Norway,Scandinavia,,ice,,61.929824,7.372169,,,,,,
GLOF-Scandinavia-136,Norway,Scandinavia,,ice,,61.700983,7.666783,2010-08-04,2010.0,1600000.0,,867011.3011625025,
GLOF-Scandinavia-137,Norway,Scandinavia,,ice,jo kulhlaup,69.687142,20.17725,2010-09-06,2010.0,,,,
GLOF-Scandinavia-138,Norway,Scandinavia,vre Messingmalmvatn,ice,,67.311671,16.095657,2010-09-08,2010.0,,,,
GLOF-Scandinavia-139,Norway,Scandinavia,,ice,jo kulhlaup,69.687142,20.17725,,,,,,
GLOF-Scandinavia-140,Norway,Scandinavia,vre Messingmalmvatn,ice,,67.311671,16.095657,2011-09-22,2011.0,,,,
GLOF-Scandinavia-141,Norway,Scandinavia,,ice,jo kulhlaup,69.687142,20.17725,,,,,,
GLOF-Scandinavia-142,Norway,Scandinavia,,ice,,61.700983,7.666783,,,,,,
GLOF-Scandinavia-143,Norway,Scandinavia,,ice,jo kulhlaup,69.687142,20.17725,,,,,,
GLOF-Scandinavia-144,Norway,Scandinavia,,ice,jo kulhlaup,69.687142,20.17725,2013-06-04,2013.0,,,,
GLOF-Scandinavia-145,Norway,Scandinavia,,ice,,69.687142,20.17725,2013-06-09,2013.0,,,,
GLOF-Scandinavia-146,Norway,Scandinavia,,ice,,69.687142,20.17725,2013-06-19,2013.0,,,,
GLOF-Scandinavia-147,Norway,Scandinavia,,ice,,69.687142,20.17725,2013-06-23,2013.0,,,,
GLOF-Scandinavia-148,Norway,Scandinavia,,ice,,69.687142,20.17725,2013-06-26,2013.0,,,,
GLOF-Scandinavia-149,Norway,Scandinavia,,ice,,69.687142,20.17725,2013-06-30,2013.0,,,,
GLOF-Scandinavia-150,Norway,Scandinavia,,ice,,69.687142,20.17725,2013-07-03,2013.0,,,,
GLOF-Scandinavia-151,Norway,Scandinavia,,ice,,69.687142,20.17725,2013-08-12,2013.0,,,,
GLOF-Scandinavia-152,Norway,Scandinavia,,ice,,69.687142,20.17725,2013-09-03,2013.0,,,,
GLOF-Scandinavia-153,Norway,Scandinavia,Heiavatnet,ice,,66.54881,13.73188,,,,,,
GLOF-Scandinavia-154,Norway,Scandinavia,,ice,,69.687142,20.17725,2014-06-17,2014.0,,,,
GLOF-Scandinavia-155,Norway,Scandinavia,vre Messingmalmvatn,ice,,67.311671,16.095657,2014-08-11,2014.0,,,,
GLOF-Scandinavia-156,Norway,Scandinavia,,ice,,61.927239,7.376032,2014-08-16,2014.0,,,,
GLOF-Scandinavia-157,Norway,Scandinavia,Demmevatn,ice,j kulhlaup,60.545041,7.315178,2014-08-25,2014.0,,,,
GLOF-Scandinavia-158,Norway,Scandinavia,,ice,,61.700983,7.666783,2015-08-21,2015.0,2600000.0,,1263214.1434177086,
GLOF-Scandinavia-159,Norway,Scandinavia,,ice,,61.505358,6.690159,,,,,,
GLOF-Scandinavia-160,Norway,Scandinavia,Demmevatn,ice,j kulhlaup,60.545041,7.315178,2016-01-25,2016.0,,,,
GLOF-Scandinavia-161,Norway,Scandinavia,Heiavatnet,ice,,66.54881,13.73188,,,,,,
GLOF-Scandinavia-162,Norway,Scandinavia,Demmevatn,ice,j kulhlaup,60.545041,7.315178,2016-09-06,2016.0,,,,
GLOF-Scandinavia-163,Norway,Scandinavia,Sauanutvatnet,ice,,59.98,6.41,2016-09-13,2016.0,,,,
GLOF-Scandinavia-164,Norway,Scandinavia,vre Messingmalmvatn,ice,,67.311671,16.095657,2016-09-28,2016.0,,,,
GLOF-Scandinavia-165,Norway,Scandinavia,,ice,,61.777615,7.310349,2017-08-27,2017.0,,,,
GLOF-Scandinavia-166,Norway,Scandinavia,Demmevatn,ice,j kulhlaup,60.545041,7.315178,2017-10-27,2017.0,,,,
GLOF-Scandinavia-167,Norway,Scandinavia,,ice,,61.916877,7.352986,2018-06-15,2018.0,,,,
GLOF-Scandinavia-168,Norway,Scandinavia,,ice,,68.205457,17.26103,2018-08-05,2018.0,,,,
GLOF-Scandinavia-169,Norway,Scandinavia,Demmevatn,ice,j kulhlaup,60.545041,7.315178,2018-08-11,2018.0,,,,
GLOF-Scandinavia-170,Norway,Scandinavia,,ice,,61.505358,6.690159,2018-08-23,2018.0,,,,
GLOF-Scandinavia-171,Norway,Scandinavia,vre Messingmalmvatn,ice,,67.311671,16.095657,2018-08-25,2018.0,,,,
GLOF-Scandinavia-172,Norway,Scandinavia,,ice,,59.895395,7.1315,2019-08-24,2019.0,,,,
GLOF-Scandinavia-173,Norway,Scandinavia,Demmevatn,ice,j kulhlaup,60.545041,7.315178,2019-08-24,2019.0,,,,
GLOF-Scandinavia-174,Norway,Scandinavia,vre Messingmalmvatn,ice,,67.311671,16.095657,2019-09-09,2019.0,,,,
GLOF-Scandinavia-175,Norway,Scandinavia,,ice,,61.520321,8.451044,,,,,,
GLOF-Scandinavia-176,Norway,Scandinavia,,ice,,61.520321,8.451044,2018-07-20,2018.0,,,,
GLOF-Scandinavia-177,Norway,Scandinavia,Heksegryta,ice,,61.740508,7.720964,,,,,,
GLOF-Scandinavia-178,Norway,Scandinavia,Heksegryta,ice,,61.740508,7.720964,2018-06-20,2018.0,,,,
GLOF-Scandinavia-179,Norway,Scandinavia,,ice,,61.939808,7.583957,2018-07-23,2018.0,,,,
GLOF-Scandinavia-180,Norway,Scandinavia,,ice,,61.939808,7.583957,2019-08-03,2019.0,,,,
GLOF-Scandinavia-181,Norway,Scandinavia,Heksegryta,ice,,61.740508,7.720964,,,,,,
GLOF-Scandinavia-182,Norway,Scandinavia,,ice,,61.700983,7.666783,2020-06-24,2020.0,2300000.0,,1148686.1610799443,
GLOF-Scandinavia-183,Norway,Scandinavia,Heiavatnet,ice,,66.54881,13.73188,,,,,,
GLOF-Scandinavia-184,Norway,Scandinavia,,unknown,,61.574994,8.138294,,,,,,
GLOF-Scandinavia-185,Norway,Scandinavia,vre Messingmalmvatn,ice,,67.311671,16.095657,2020-09-04,2020.0,,,,
GLOF-Scandinavia-186,Norway,Scandinavia,Demmevatn,ice,,60.545041,7.315178,2020-09-06,2020.0,,,,
GLOF-Scandinavia-187,Norway,Scandinavia,,ice,,61.700983,7.666783,2011-07-21,2011.0,1500000.0,,824702.0339591553,
GLOF-Scandinavia-188,Norway,Scandinavia,,ice,,61.700983,7.666783,2013-06-26,2013.0,400000.0,,296013.54692617717,
GLOF-Scandinavia-189,Norway,Scandinavia,,ice,,61.700983,7.666783,2014-06-20,2014.0,700000.0,,456786.41035624954,
GLOF-Scandinavia-190,Norway,Scandinavia,,ice,,61.700983,7.666783,2017-06-11,2017.0,700000.0,,456786.41035624954,
GLOF-Scandinavia-191,Norway,Scandinavia,,ice,,61.700983,7.666783,2018-05-23,2018.0,1400000.0,,781753.3675409991,
GLOF-Scandinavia-192,Norway,Scandinavia,,ice,,61.700983,7.666783,2019-06-10,2019.0,700000.0,,456786.41035624954,
GLOF-Other-1,Russia,Other,,unknown,unknown,43.394,42.53,1909-08-02,1909.0,425000.0,,310257.02001310285,
GLOF-Other-2,Russia,Other,,moraine,overtopping,43.3721,42.531,,,,,,
GLOF-Other-3,Russia,Other,,ice,overtopping,43.3721,42.531,,,,,,
GLOF-Other-4,Russia,Other,,ice,overtopping,43.3721,42.531,2006-08-11,2006.0,550000.0,150.0,378898.58267073083,
GLOF-Other-5,Russia,Other,Bashkara,moraine,"overtopping, tunneling",43.2091,42.7248,,,,,,
GLOF-Other-6,Russia,Other,Bashkara,moraine,"overtopping, tunneling",43.2091,42.7248,,,,,,
GLOF-Other-7,Russia,Other,Bashkara,water pocket,"overtopping, breach",43.2091,42.7248,2017-09-01,2017.0,1000000.0,650.0,602271.362999429,
GLOF-Other-8,Russia,Other,Malyi Azau,moraine,overtopping,43.2836,42.4471,1978-07-19,1978.0,,,,
GLOF-Other-9,Russia,Other,Malyi Azau,moraine,overtopping,43.2836,42.4471,2011-11-08,2011.0,,,,
GLOF-Other-10,Russia,Other,,water pocket,englacial,43.18,43.159,2007-08-02,2007.0,,,,
GLOF-Other-11,Russia,Other,,water pocket,englacial,42.764,43.9029,2007-08-02,2007.0,,,,
GLOF-Other-12,Russia,Other,Kakhab-Rosona,water pocket,englacial,42.22,46.554,1969-08-28,1969.0,,,,
GLOF-Other-13,Russia,Other,Kakhab-Rosona,water pocket,englacial,42.22,46.554,,,,,,
GLOF-Other-14,Russia,Other,Kakhab-Rosona,water pocket,englacial,42.22,46.554,1974-08-02,1974.0,,,,
GLOF-Other-15,Russia,Other,Kakhab-Rosona,water pocket,englacial,42.22,46.554,1974-08-06,1974.0,,,,
GLOF-Other-16,Russia,Other,Kakhab-Rosona,water pocket,englacial,42.22,46.554,1975-07-14,1975.0,,,,
GLOF-Other-17,Russia,Other,Kakhab-Rosona,water pocket,englacial,42.22,46.554,1975-07-24,1975.0,,,,
GLOF-Other-18,New Zealand,Other,,ice,breach,-43.4427,170.1721,,,,,,
GLOF-Other-19,New Zealand,Other,,unknown,unknown,-43.4427,170.1721,,,,,,
GLOF-Other-20,New Zealand,Other,Mount Ruapehu crater lake,ice/sediment volc,breach,-39.281022,175.564026,1953-12-24,1953.0,,,,
GLOF-Other-21,New Zealand,Other,,unknown,unknown,-43.4427,170.1721,1965-12-19,1965.0,,,,
GLOF-Other-22,New Zealand,Other,,ice,breach,-43.4427,170.1721,,,,,,
GLOF-Other-23,New Zealand,Other,,water pocket,sub-/englacial,-43.4427,170.1721,,,,,,
GLOF-Other-24,New Zealand,Other,,supraglacial,overtopping,-43.4427,170.1721,1981-06-02,1981.0,,,,
GLOF-Other-25,New Zealand,Other,unknown,moraine,unknown,-43.476378,170.499883,1992-05-03,1992.0,,,,
GLOF-Other-26,New Zealand,Other,unknown,moraine,unknown,-43.476378,170.499883,1992-09-16,1992.0,,,,
GLOF-Other-27,New Zealand,Other,,water pocket,sub-/englacial,-43.4427,170.1721,,,,,,
GLOF-Other-28,New Zealand,Other,,unknown,unknown,-43.4427,170.1721,,,,,,
GLOF-Other-29,New Zealand,Other,,water pocket,sub-/englacial,-43.4427,170.1721,1995-12-13,1995.0,,,,
GLOF-Other-30,New Zealand,Other,,water pocket,sub-/englacial,-43.4427,170.1721,,,,,,
GLOF-Other-31,New Zealand,Other,,water pocket,sub-/englacial,-43.4427,170.1721,,,,,,
GLOF-Other-32,New Zealand,Other,,unknown,unknown,-43.4427,170.1721,,,,,,
GLOF-Other-33,New Zealand,Other,,supraglacial,unknown,-43.4427,170.1721,2003-02-14,2003.0,,10.0,,
GLOF-Other-34,New Zealand,Other,,supraglacial,unknown,-43.501247,170.087313,2007-01-12,2007.0,,,,
GLOF-Iceland-1,Iceland,Iceland,K tluaskjan,ice volc,subglacial,63.63,-19.15,,,,,,
GLOF-Iceland-2,Iceland,Iceland,K tluaskjan,ice volc,subglacial,63.63,-19.15,,,,,,
GLOF-Iceland-3,Iceland,Iceland,K tluaskjan,ice volc,subglacial,63.63,-19.15,,,,,,
GLOF-Iceland-4,Iceland,Iceland,K tluaskjan,ice volc,subglacial,63.63,-19.15,,,,,,
GLOF-Iceland-5,Iceland,Iceland,Gr nal n,ice,,64.1622,-17.34175,,,,,,
GLOF-Iceland-6,Iceland,Iceland,K tluaskjan,ice volc,subglacial,63.63,-19.15,,,,,,
GLOF-Iceland-7,Iceland,Iceland,K tluaskjan,ice volc,subglacial,63.63,-19.15,,,,,,
GLOF-Iceland-8,Iceland,Iceland,K tluaskjan,ice volc,subglacial,63.63,-19.15,,,,,,
GLOF-Iceland-9,Iceland,Iceland,K tluaskjan,ice volc,subglacial,63.63,-19.15,,,,,,
GLOF-Iceland-10,Iceland,Iceland,r faj kull,volc,instant,64.0,-16.63333,,,,100000.0,,
GLOF-Iceland-11,Iceland,Iceland,K tluaskjan,ice volc,subglacial,63.63,-19.15,,,,,,
GLOF-Iceland-12,Iceland,Iceland,K tluaskjan,ice volc,subglacial,63.63,-19.15,,,,,,
GLOF-Iceland-13,Iceland,Iceland,K tluaskjan,ice volc,subglacial,63.63,-19.15,,,,,,
GLOF-Iceland-14,Iceland,Iceland,B r arbunga,volc,unknown,64.63333,-17.53333,,,,,,
GLOF-Iceland-15,Iceland,Iceland,K tluaskjan,ice volc,subglacial,63.63,-19.15,,,,,,
GLOF-Iceland-16,Iceland,Iceland,K tluaskjan,ice volc,subglacial,63.63,-19.15,1580-08-11,1580.0,,,,
GLOF-Iceland-17,Iceland,Iceland,unknown,volc,instant,63.63333,-19.61667,,,,,,
GLOF-Iceland-18,Iceland,Iceland,K tluaskjan,ice volc,subglacial,63.63,-19.15,,,,,,
GLOF-Iceland-19,Iceland,Iceland,K tluaskjan,ice volc,subglacial,63.63,-19.15,1612-10-12,1612.0,,,,
GLOF-Iceland-20,Iceland,Iceland,K tluaskjan,ice volc,subglacial,63.63,-19.15,1625-09-02,1625.0,,,,
GLOF-Iceland-21,Iceland,Iceland,Gr msv tn,ice volc,subglacial,64.41522,-17.28979,,,,,,
GLOF-Iceland-22,Iceland,Iceland,Gr msv tn,ice volc,subglacial,64.41522,-17.28979,,,,,,
GLOF-Iceland-23,Iceland,Iceland,unknow,unknown,unknown,64.751075,-16.877665,,,,,,
GLOF-Iceland-24,Iceland,Iceland,unknow,unknown,unknown,64.751075,-16.877665,,,,,,
GLOF-Iceland-25,Iceland,Iceland,Gr msv tn,ice volc,subglacial,64.41522,-17.28979,,,,,,
GLOF-Iceland-26,Iceland,Iceland,K tluaskjan,ice volc,subglacial,63.63,-19.15,1660-11-03,1660.0,,,,
GLOF-Iceland-27,Iceland,Iceland,K tluaskjan,ice volc,subglacial,63.63,-19.15,,,,,,
GLOF-Iceland-28,Iceland,Iceland,Gr msv tn,ice volc,subglacial,64.41522,-17.28979,,,,,,
GLOF-Iceland-29,Iceland,Iceland,Vatnaj kull,volc,unknown,64.751075,-16.877665,,,,,,
GLOF-Iceland-30,Iceland,Iceland,unknow,unknown,unknown,64.751075,-16.877665,,,,,,
GLOF-Iceland-31,Iceland,Iceland,Hagavatn,unknown,unknown,64.479227,-20.287224,,,,,,
GLOF-Iceland-32,Iceland,Iceland,B r arbunga,volc,unknown,64.751075,-16.877665,,,,,,
GLOF-Iceland-33,Iceland,Iceland,B r arbunga / Vatnaj kull,volc,unknown,64.751075,-16.877665,,,,,,
GLOF-Iceland-34,Iceland,Iceland,Vatnaj kull,volc,unknown,64.751075,-16.877665,,,,,,
GLOF-Iceland-35,Iceland,Iceland,unknow,unknown,unknown,64.751075,-16.877665,,,,,,
GLOF-Iceland-36,Iceland,Iceland,unknow,unknown,unknown,64.751075,-16.877665,,,,,,
GLOF-Iceland-37,Iceland,Iceland,K tluaskjan,ice volc,subglacial,63.63,-19.15,1721-05-11,1721.0,,250000.0,,
GLOF-Iceland-38,Iceland,Iceland,Gr msv tn,ice volc,subglacial,64.41522,-17.28979,,,,,,
GLOF-Iceland-39,Iceland,Iceland,unknown,unknown,unknown,64.751075,-16.877665,1725-11-10,1725.0,,,,
GLOF-Iceland-40,Iceland,Iceland,unknown,unknown,unknown,64.751075,-16.877665,1726-03-18,1726.0,,,,
GLOF-Iceland-41,Iceland,Iceland,unknown,unknown,unknown,64.751075,-16.877665,1726-03-24,1726.0,,,,
GLOF-Iceland-42,Iceland,Iceland,unknown,unknown,unknown,64.751075,-16.877665,1726-04-05,1726.0,,,,
GLOF-Iceland-43,Iceland,Iceland,unknown,volc,instant,64.0,-16.63333,1727-08-04,1727.0,,40000.0,,
GLOF-Iceland-44,Iceland,Iceland,unknow,unknown,unknown,64.751075,-16.877665,,,,,,
GLOF-Iceland-45,Iceland,Iceland,unknow,unknown,unknown,64.751075,-16.877665,,,,,,
GLOF-Iceland-46,Iceland,Iceland,unknown,volc,unknown,64.140187,-17.867161,,,,,,
GLOF-Iceland-47,Iceland,Iceland,K tluaskjan,ice volc,subglacial,63.63,-19.15,1755-10-17,1755.0,,300000.0,,
GLOF-Iceland-48,Iceland,Iceland,B r arbunga,volc,unknown,64.63333,-17.53333,,,,,,
GLOF-Iceland-49,Iceland,Iceland,Gr msv tn,ice volc,subglacial,64.41522,-17.28979,,,,,,
GLOF-Iceland-50,Iceland,Iceland,Gr msv tn,ice volc,subglacial,64.41522,-17.28979,1784-04-08,1784.0,,,,
GLOF-Iceland-51,Iceland,Iceland,Laki,volc,unknown,64.07021,-18.236779,,,,,,
GLOF-Iceland-52,Iceland,Iceland,Gr nal n,ice,subglacial,64.1622,-17.34175,,,,,,
GLOF-Iceland-53,Iceland,Iceland,Gr msv tn,ice,unknown,64.41522,-17.28979,,,,,,
GLOF-Iceland-54,Iceland,Iceland,Gr msv tn,ice,unknown,64.41522,-17.28979,,,,,,
GLOF-Iceland-58,Iceland,Iceland,Gr msv tn,ice volc,subglacial,64.41522,-17.28979,,,,,,
GLOF-Iceland-59,Iceland,Iceland,Eyjafjallaj kull,volc,instant,63.62942,-19.63634,,,,,,
GLOF-Iceland-60,Iceland,Iceland,K tluaskjan,ice volc,subglacial,63.63,-19.15,1823-06-26,1823.0,,,,
GLOF-Iceland-61,Iceland,Iceland,Gr msv tn,ice volc,subglacial,64.41522,-17.28979,,,,,,
GLOF-Iceland-62,Iceland,Iceland,Hekla,volc,unknown,63.98333,-19.68333,,,,,,
GLOF-Iceland-64,Iceland,Iceland,K tluaskjan,ice volc,subglacial,63.63,-19.15,1860-05-08,1860.0,,,,
GLOF-Iceland-65,Iceland,Iceland,Gr msv tn,ice volc,subglacial,64.41522,-17.28979,1861-05-23,1861.0,,25000.0,,
GLOF-Iceland-67,Iceland,Iceland,Gr msv tn,ice volc,subglacial,64.41522,-17.28979,1867-08-27,1867.0,,,,
GLOF-Iceland-68,Iceland,Iceland,Lake in front part of Ve ur rdalur,ice,subglacial,64.138214,-16.212945,,,,,,
GLOF-Iceland-69,Iceland,Iceland,Gr msv tn,ice volc,subglacial,64.41522,-17.28979,1873-01-06,1873.0,,,,
GLOF-Iceland-71,Iceland,Iceland,Vatnsdalur,ice,subglacial,64.255184,-16.131769,,,,,,
GLOF-Iceland-72,Iceland,Iceland,unknow,unknown,unknown,64.261492,-16.433359,,,,,,
GLOF-Iceland-73,Iceland,Iceland,Dalur J kuls r L ni,unknown,unknown,64.600717,-15.240006,,,,,,
GLOF-Iceland-74,Iceland,Iceland,Vatn NE hluta Skyndidals,unknown,unknown,64.5,-15.28,,,,,,
GLOF-Iceland-75,Iceland,Iceland,Gr msv tn,ice volc,subglacial,64.41522,-17.28979,,,,,,
GLOF-Iceland-76,Iceland,Iceland,Hagavatn,ice,subglacial or flotation,64.479227,-20.287224,,,,,,
GLOF-Iceland-77,Iceland,Iceland,Gr nal n,ice,subglacial,64.1622,-17.34175,,,,,,
GLOF-Iceland-78,Iceland,Iceland,Gr msv tn,ice volc,subglacial,64.41522,-17.28979,1892-03-12,1892.0,,30000.0,,
GLOF-Iceland-80,Iceland,Iceland,Gr msv tn,ice volc,subglacial,64.41522,-17.28979,1897-01-13,1897.0,,,,
GLOF-Iceland-81,Iceland,Iceland,Vatnsdalsl n,ice,subglacial,64.33715,-15.806308,,,,3000.0,,
GLOF-Iceland-82,Iceland,Iceland,Gr nal n,ice,subglacial,64.1622,-17.34175,,,,5000.0,,
GLOF-Iceland-83,Iceland,Iceland,Vatnsdalsl n,ice,subglacial,64.33715,-15.806308,,,,,,
GLOF-Iceland-84,Iceland,Iceland,Lake at Brei armerkurfjall,ice,subglacial,64.055585,-16.463584,,,,,,
GLOF-Iceland-85,Iceland,Iceland,Vatnsdalsl n,ice,subglacial,64.33715,-15.806308,,,,,,
GLOF-Iceland-86,Iceland,Iceland,Vatnsdalsl n,ice,subglacial,64.33715,-15.806308,,,,,,
GLOF-Iceland-87,Iceland,Iceland,Vatnsdalsl n,ice,subglacial,64.33715,-15.806308,,,,,,
GLOF-Iceland-88,Iceland,Iceland,Hagavatn,ice,subglacial or flotation,64.479227,-20.287224,,,,,,
GLOF-Iceland-89,Iceland,Iceland,Dynjuh ls,unknown,unknown,65.165544,-15.929998,,,,,,
GLOF-Iceland-90,Iceland,Iceland,Gr msv tn,ice volc,subglacial,64.41522,-17.28979,,,,,,
GLOF-Iceland-91,Iceland,Iceland,Gr msv tn,ice volc,subglacial,64.41522,-17.28979,,,,,,
GLOF-Iceland-92,Iceland,Iceland,B r arbunga,volc,unknown,64.63333,-17.53333,,,,,,
GLOF-Iceland-94,Iceland,Iceland,Vatnsdalsl n,ice,subglacial,64.33715,-15.806308,,,,,,
GLOF-Iceland-95,Iceland,Iceland,r arhyrna,ice volc,unknown,64.27,-17.62,,,,,,
GLOF-Iceland-96,Iceland,Iceland,Gr msv tn,ice volc,subglacial,64.41522,-17.28979,1903-05-27,1903.0,,,,
GLOF-Iceland-97,Iceland,Iceland,Vatnsdalsl n,ice,subglacial,64.33715,-15.806308,,,,,,
GLOF-Iceland-98,Iceland,Iceland,Vatnsdalsl n,ice,subglacial,64.33715,-15.806308,,,,,,
GLOF-Iceland-99,Iceland,Iceland,Vatnsdalsl n,ice,subglacial,64.33715,-15.806308,,,,,,
GLOF-Iceland-100,Iceland,Iceland,Vatnsdalsl n,ice,subglacial,64.33715,-15.806308,,,,,,
GLOF-Iceland-101,Iceland,Iceland,Vatnsdalsl n,ice,subglacial,64.33715,-15.806308,,,,,,
GLOF-Iceland-102,Iceland,Iceland,Vatnsdalsl n,ice,subglacial,64.33715,-15.806308,,,,,,
GLOF-Iceland-103,Iceland,Iceland,Vatnsdalsl n,ice,subglacial,64.33715,-15.806308,,,,,,
GLOF-Iceland-104,Iceland,Iceland,Vatnsdalsl n,ice,subglacial,64.33715,-15.806308,,,,,,
GLOF-Iceland-105,Iceland,Iceland,Vatnsdalsl n,ice,subglacial,64.33715,-15.806308,,,,,,
GLOF-Iceland-106,Iceland,Iceland,Vatnsdalsl n,ice,subglacial,64.33715,-15.806308,,,,,,
GLOF-Iceland-107,Iceland,Iceland,Gr nal n,ice,subglacial,64.1622,-17.34175,,,,,,
GLOF-Iceland-108,Iceland,Iceland,Gr msv tn,ice volc,subglacial,64.41522,-17.28979,1913-04-14,1913.0,,,,
GLOF-Iceland-109,Iceland,Iceland,Vatnsdalsl n,ice,subglacial,64.33715,-15.806308,,,,,,
GLOF-Iceland-110,Iceland,Iceland,Vatnsdalsl n,ice,subglacial,64.33715,-15.806308,,,,,,
GLOF-Iceland-111,Iceland,Iceland,Vatnsdalsl n,ice,subglacial,64.33715,-15.806308,,,,,,
GLOF-Iceland-112,Iceland,Iceland,Vatnsdalsl n,ice,subglacial,64.33715,-15.806308,,,,,,
GLOF-Iceland-113,Iceland,Iceland,Vatnsdalsl n,ice,subglacial,64.33715,-15.806308,,,,,,
GLOF-Iceland-114,Iceland,Iceland,K tluaskjan,ice volc,unknown,63.63,-19.15,1918-10-12,1918.0,,200000.0,,
GLOF-Iceland-115,Iceland,Iceland,Vatnsdalsl n,ice,subglacial,64.33715,-15.806308,,,,,,
GLOF-Iceland-116,Iceland,Iceland,Vatnsdalsl n,ice,subglacial,64.33715,-15.806308,,,,,,
GLOF-Iceland-117,Iceland,Iceland,Vatnsdalsl n,ice,subglacial,64.33715,-15.806308,,,,,,
GLOF-Iceland-118,Iceland,Iceland,Vatnsdalsl n,ice,subglacial,64.33715,-15.806308,,,,,,
GLOF-Iceland-119,Iceland,Iceland,Gr msv tn,ice volc,subglacial,64.41522,-17.28979,1922-09-22,1922.0,,50000.0,,
GLOF-Iceland-120,Iceland,Iceland,Vatnsdalsl n,ice,subglacial,64.33715,-15.806308,,,,,,
GLOF-Iceland-121,Iceland,Iceland,Vatnsdalsl n,ice,subglacial,64.33715,-15.806308,,,,,,
GLOF-Iceland-122,Iceland,Iceland,Vatnsdalsl n,ice,subglacial,64.33715,-15.806308,,,,,,
GLOF-Iceland-123,Iceland,Iceland,Vatnsdalsl n,ice,subglacial,64.33715,-15.806308,,,,,,
GLOF-Iceland-124,Iceland,Iceland,Vatnsdalsl n,ice,subglacial,64.33715,-15.806308,,,,,,
GLOF-Iceland-125,Iceland,Iceland,Langavatn,unknown,unknown,64.490062,-20.526323,,,,,,
GLOF-Iceland-126,Iceland,Iceland,Esjufjoll,unknown,unknown,64.27,-16.65,,,,,,
GLOF-Iceland-127,Iceland,Iceland,Vatnsdalsl n,ice,subglacial,64.33715,-15.806308,,,,,,
GLOF-Iceland-128,Iceland,Iceland,Vatnsdalsl n,ice,subglacial,64.33715,-15.806308,,,,,,
GLOF-Iceland-129,Iceland,Iceland,Hagavatn,ice,subglacial or flotation,64.479227,-20.287224,1929-08-16,1929.0,,,,
GLOF-Iceland-130,Iceland,Iceland,Vatnsdalsl n,ice,subglacial,64.33715,-15.806308,,,,,,
GLOF-Iceland-131,Iceland,Iceland,Vatnsdalsl n,ice,subglacial,64.33715,-15.806308,,,,,,
GLOF-Iceland-132,Iceland,Iceland,Vatnsdalsl n,ice,subglacial,64.33715,-15.806308,,,,,,
GLOF-Iceland-133,Iceland,Iceland,Lake at Brei armerkurfjall,ice,subglacial,64.055585,-16.463584,1932-05-29,1932.0,,,,
GLOF-Iceland-134,Iceland,Iceland,Gr msv tn,ice volc,subglacial,64.41522,-17.28979,,,,,,
GLOF-Iceland-135,Iceland,Iceland,B r arbunga,volc,unknown,64.63333,-17.53333,,,,,,
GLOF-Iceland-136,Iceland,Iceland,Vatnsdalsl n,ice,subglacial,64.33715,-15.806308,,,,,,
GLOF-Iceland-137,Iceland,Iceland,unknow,unknown,unknown,63.541707,-19.325689,1933-09-10,1933.0,,,,
GLOF-Iceland-138,Iceland,Iceland,unknow,unknown,unknown,63.541707,-19.325689,1933-12-10,1933.0,,,,
GLOF-Iceland-139,Iceland,Iceland,Vatnsdalsl n,ice,subglacial,64.33715,-15.806308,,,,,,
GLOF-Iceland-140,Iceland,Iceland,Gr msv tn,ice volc,subglacial,64.41522,-17.28979,,,,,,
GLOF-Iceland-141,Iceland,Iceland,B r arbunga,volc,unknown,64.63333,-17.53333,,,,,,
GLOF-Iceland-142,Iceland,Iceland,Gr msv tn,ice volc,subglacial,64.41522,-17.28979,,,,,,
GLOF-Iceland-143,Iceland,Iceland,Gr msv tn,ice volc,subglacial,64.41522,-17.28979,1934-03-23,1934.0,4900000000.0,27500.0,436927449.83185315,
GLOF-Iceland-144,Iceland,Iceland,Vatnsdalsl n,ice,subglacial,64.33715,-15.806308,,,,,,
GLOF-Iceland-145,Iceland,Iceland,Gr nal n,ice,subglacial,64.1622,-17.34175,1935-09-05,1935.0,,4500.0,,
GLOF-Iceland-146,Iceland,Iceland,Vatnsdalsl n,ice,subglacial,64.33715,-15.806308,,,,,,
GLOF-Iceland-147,Iceland,Iceland,Lake at Brei armerkurfjall,ice,unknown,64.055585,-16.463584,1936-02-18,1936.0,,,,
GLOF-Iceland-148,Iceland,Iceland,Lake at Brei armerkurfjall,ice,unknown,64.055585,-16.463584,1936-07-09,1936.0,,,,
GLOF-Iceland-149,Iceland,Iceland,Vatnsdalsl n,ice,subglacial,64.33715,-15.806308,,,,,,
GLOF-Iceland-150,Iceland,Iceland,Lake at Brei armerkurfjall,ice,subglacial,64.055585,-16.463584,1937-06-13,1937.0,,,,
GLOF-Iceland-151,Iceland,Iceland,Gr msv tn,ice volc,subglacial,64.41522,-17.28979,1938-05-23,1938.0,5400000000.0,27500.0,471108250.04654586,
GLOF-Iceland-152,Iceland,Iceland,Vatnsdalsl n,ice,subglacial,64.33715,-15.806308,1938-07-05,1938.0,,100.0,,
GLOF-Iceland-153,Iceland,Iceland,Lake at Brei armerkurfjall,ice,subglacial,64.055585,-16.463584,,,,,,
GLOF-Iceland-154,Iceland,Iceland,unknow,unknown,unknown,64.235704,-18.015001,,,,,,
GLOF-Iceland-155,Iceland,Iceland,L n J kuls r gili,ice,subglacial,63.540267,-19.326755,,,,,,
GLOF-Iceland-156,Iceland,Iceland,Vatnsdalsl n,ice,subglacial,64.33715,-15.806308,,,,,,
GLOF-Iceland-157,Iceland,Iceland,Gr nal n,ice,subglacial,64.1622,-17.34175,1939-07-23,1939.0,,4500.0,,
GLOF-Iceland-158,Iceland,Iceland,Gr msv tn,ice volc,subglacial,64.41522,-17.28979,1939-07-05,1939.0,1900000000.0,3000.0,209633976.180733,
GLOF-Iceland-159,Iceland,Iceland,Lake at Brei armerkurfjall,ice,subglacial,64.055585,-16.463584,1939-06-26,1939.0,,,,
GLOF-Iceland-160,Iceland,Iceland,Hagavatn,ice,subglacial or flotation,64.479227,-20.287224,1939-08-13,1939.0,,,,
GLOF-Iceland-161,Iceland,Iceland,Vatnsdalsl n,ice,subglacial,64.33715,-15.806308,,,,,,
GLOF-Iceland-162,Iceland,Iceland,Lake at Brei armerkurfjall,ice,subglacial,64.055585,-16.463584,1940-04-27,1940.0,,,,
GLOF-Iceland-163,Iceland,Iceland,Lake at Brei armerkurfjall,ice,subglacial,64.055585,-16.463584,1940-06-26,1940.0,,,,
GLOF-Iceland-164,Iceland,Iceland,Vatnsdalsl n,ice,subglacial,64.33715,-15.806308,,,,,,
GLOF-Iceland-165,Iceland,Iceland,Gr msv tn,ice volc,subglacial,64.41522,-17.28979,1941-05-01,1941.0,2300000000.0,,243098782.7494942,
GLOF-Iceland-166,Iceland,Iceland,Lake at Brei armerkurfjall,ice,subglacial,64.055585,-16.463584,1941-07-06,1941.0,,,,
GLOF-Iceland-167,Iceland,Iceland,unknow,unknown,unknown,64.14451,-16.385911,,,,,,
GLOF-Iceland-168,Iceland,Iceland,Vatnsdalsl n,ice,subglacial,64.33715,-15.806308,,,,,,
GLOF-Iceland-169,Iceland,Iceland,Lake at Brei armerkurfjall,ice,subglacial,64.055585,-16.463584,1942-05-14,1942.0,,,,
GLOF-Iceland-170,Iceland,Iceland,Vatnsdalsl n,ice,subglacial,64.33715,-15.806308,,,,,,
GLOF-Iceland-171,Iceland,Iceland,Gr nal n,ice,subglacial,64.1622,-17.34175,,,,,,
GLOF-Iceland-172,Iceland,Iceland,Lake at Brei armerkurfjall,ice,subglacial,64.055585,-16.463584,1943-01-15,1943.0,,,,
GLOF-Iceland-173,Iceland,Iceland,Lake at Brei armerkurfjall,ice,subglacial,64.055585,-16.463584,1943-10-06,1943.0,,,,
GLOF-Iceland-174,Iceland,Iceland,Vatnsdalsl n,ice,subglacial,64.33715,-15.806308,,,,,,
GLOF-Iceland-175,Iceland,Iceland,Lake at Brei armerkurfjall,ice,subglacial,64.055585,-16.463584,1944-06-24,1944.0,,,,
GLOF-Iceland-176,Iceland,Iceland,Vatnsdalsl n,ice,subglacial,64.33715,-15.806308,,,,,,
GLOF-Iceland-177,Iceland,Iceland,Gr msv tn,ice volc,subglacial,64.41522,-17.28979,1945-09-16,1945.0,3700000000.0,9000.0,351430994.7362558,
GLOF-Iceland-178,Iceland,Iceland,unknow,unknown,unknown,63.541707,-19.325689,,,,,,
GLOF-Iceland-179,Iceland,Iceland,unknow,unknown,unknown,63.545302,-19.212685,1945-09-12,1945.0,,,,
GLOF-Iceland-180,Iceland,Iceland,unknow,unknown,unknown,64.14451,-16.385911,,,,,,
GLOF-Iceland-181,Iceland,Iceland,Vatnsdalsl n,ice,unknown,64.33715,-15.806308,,,,,,
GLOF-Iceland-182,Iceland,Iceland,Gr nal n,ice,subglacial,64.1622,-17.34175,,,,,,
GLOF-Iceland-183,Iceland,Iceland,Vatnsdalsl n,ice,subglacial,64.33715,-15.806308,,,,,,
GLOF-Iceland-184,Iceland,Iceland,Hekla,volc,unknown,63.98333,-19.68333,,,,,,
GLOF-Iceland-185,Iceland,Iceland,unknow,unknown,unknown,64.14451,-16.385911,,,,,,
GLOF-Iceland-186,Iceland,Iceland,Vatnsdalsl n,ice,subglacial,64.33715,-15.806308,,,,,,
GLOF-Iceland-187,Iceland,Iceland,Gr msv tn,ice volc,subglacial,64.41522,-17.28979,1948-02-11,1948.0,3000000000.0,5000.0,298699879.0836863,
GLOF-Iceland-188,Iceland,Iceland,Gr nal n,ice,subglacial,64.1622,-17.34175,,,,,,
GLOF-Iceland-189,Iceland,Iceland,Vatnsdalsl n,ice,subglacial,64.33715,-15.806308,,,,,,
GLOF-Iceland-190,Iceland,Iceland,Vatnsdalsl n,ice,subglacial,64.33715,-15.806308,,,,,,
GLOF-Iceland-191,Iceland,Iceland,Vatnsdalsl n,ice,subglacial,64.33715,-15.806308,,,,,,
GLOF-Iceland-192,Iceland,Iceland,Gj n psvatn,ice,subglacial,64.45494,-15.45695,1951-06-15,1951.0,,222.0,,
GLOF-Iceland-193,Iceland,Iceland,Gj n psvatn,ice,subglacial,64.45494,-15.45695,1951-10-11,1951.0,,220.0,,
GLOF-Iceland-194,Iceland,Iceland,Gr nal n,ice,subglacial,64.1622,-17.34175,1951-10-15,1951.0,,2000.0,,
GLOF-Iceland-195,Iceland,Iceland,Vatnsdalsl n,ice,subglacial,64.33715,-15.806308,,,,,,
GLOF-Iceland-196,Iceland,Iceland,Gj n psvatn,ice,subglacial,64.45494,-15.45695,,,,37.0,,
GLOF-Iceland-197,Iceland,Iceland,Gj n psvatn,ice,subglacial,64.45494,-15.45695,,,,44.0,,
GLOF-Iceland-198,Iceland,Iceland,Gj n psvatn,ice,subglacial,64.45494,-15.45695,,,,42.0,,
GLOF-Iceland-199,Iceland,Iceland,Gj n psvatn,ice,subglacial,64.45494,-15.45695,,,,85.0,,
GLOF-Iceland-200,Iceland,Iceland,Vatnsdalsl n,ice,subglacial,64.33715,-15.806308,,,,,,
GLOF-Iceland-201,Iceland,Iceland,Gr msv tn,ice volc,subglacial,64.41522,-17.28979,1954-07-08,1954.0,3800000000.0,10000.0,358771765.3475841,
GLOF-Iceland-202,Iceland,Iceland,K tlukvos,ice volc,subglacial,63.63,-19.15,,,,3000.0,,
GLOF-Iceland-203,Iceland,Iceland,K tluaskjan,ice volc,subglacial,63.63,-19.15,1955-06-25,1955.0,,,,
GLOF-Iceland-204,Iceland,Iceland,Eastern Skaft r cauldron,ice volc,subglacial,64.486,-17.51142,,,,755.0,,
GLOF-Iceland-205,Iceland,Iceland,Eastern Skaft r cauldron,ice volc,subglacial,64.486,-17.51142,,,,650.0,,
GLOF-Iceland-206,Iceland,Iceland,Gr msv tn,ice volc,subglacial,64.41522,-17.28979,1960-01-16,1960.0,3400000000.0,5500.0,329134016.4401342,
GLOF-Iceland-207,Iceland,Iceland,Eastern Skaft r cauldron,ice volc,subglacial,64.486,-17.51142,,,,,,
GLOF-Iceland-208,Iceland,Iceland,unknow,unknown,unknown,64.14451,-16.385911,,,,,,
GLOF-Iceland-209,Iceland,Iceland,Eastern Skaft r cauldron,ice volc,subglacial,64.486,-17.51142,,,,885.0,,
GLOF-Iceland-211,Iceland,Iceland,unknow,unknown,unknown,64.14451,-16.385911,,,,,,
GLOF-Iceland-214,Iceland,Iceland,Gr msv tn,ice volc,subglacial,64.41522,-17.28979,1965-08-31,1965.0,3100000000.0,6000.0,306389689.7680141,
GLOF-Iceland-215,Iceland,Iceland,unknow,unknown,unknown,64.14451,-16.385911,,,,,,
GLOF-Iceland-216,Iceland,Iceland,Eastern Skaft r cauldron,ice volc,subglacial,64.486,-17.51142,,,,1040.0,,
GLOF-Iceland-217,Iceland,Iceland,Steinsholtsl n,moraine/bedrock,overtopping,63.669065,-19.566996,1967-01-15,1967.0,,2100.0,,
GLOF-Iceland-219,Iceland,Iceland,unknow,unknown,unknown,64.14451,-16.385911,,,,,,
GLOF-Iceland-220,Iceland,Iceland,Western Skaft r cauldron,ice volc,subglacial,64.49656,-17.61414,,,,,,
GLOF-Iceland-221,Iceland,Iceland,Gr nal n,ice,subglacial,64.1622,-17.34175,1969-08-12,1969.0,,,,
GLOF-Iceland-222,Iceland,Iceland,Eastern Skaft r cauldron,ice volc,subglacial,64.486,-17.51142,1970-01-25,1970.0,,1226.0,,
GLOF-Iceland-223,Iceland,Iceland,Vatnsdalsl n,ice,subglacial,64.33715,-15.806308,1970-10-08,1970.0,,,,
GLOF-Iceland-224,Iceland,Iceland,Gr nal n,ice,subglacial,64.1622,-17.34175,1970-10-18,1970.0,,500.0,,
GLOF-Iceland-225,Iceland,Iceland,Western Skaft r cauldron,ice volc,subglacial,64.49656,-17.61414,,,,532.0,,
GLOF-Iceland-226,Iceland,Iceland,Gr nal n,ice,subglacial,64.1622,-17.34175,,,,1700.0,,
GLOF-Iceland-227,Iceland,Iceland,unknow,unknown,unknown,64.14451,-16.385911,,,,,,
GLOF-Iceland-228,Iceland,Iceland,Vatnsdalsl n,ice,subglacial,64.33715,-15.806308,1971-08-11,1971.0,,,,
GLOF-Iceland-229,Iceland,Iceland,Vatnsdalsl n,ice,subglacial,64.33715,-15.806308,1971-12-07,1971.0,,,,
GLOF-Iceland-230,Iceland,Iceland,Gr msv tn,ice volc,subglacial,64.41522,-17.28979,1972-03-13,1972.0,2600000000.0,5000.0,267336572.0085644,
GLOF-Iceland-231,Iceland,Iceland,Gr nal n,ice,subglacial,64.1622,-17.34175,,,,1300.0,,
GLOF-Iceland-232,Iceland,Iceland,Eastern Skaft r cauldron,ice volc,subglacial,64.486,-17.51142,,,,922.0,,
GLOF-Iceland-233,Iceland,Iceland,Vatnsdalsl n,ice,subglacial,64.33715,-15.806308,1972-07-11,1972.0,,,,
GLOF-Iceland-234,Iceland,Iceland,Hamarsl n,ice,subglacial,64.492954,-17.859686,1972-08-01,1972.0,,270.0,,
GLOF-Iceland-235,Iceland,Iceland,H ldul n,ice,subglacial,64.66871,-15.64954,1972-12-25,1972.0,,327.0,,
GLOF-Iceland-236,Iceland,Iceland,Gj n psvatn,ice,subglacial,64.45494,-15.45695,,,,,,
GLOF-Iceland-237,Iceland,Iceland,Vatnsdalsl n,ice,subglacial,64.33715,-15.806308,1973-05-03,1973.0,,,,
GLOF-Iceland-238,Iceland,Iceland,Vatnsdalsl n,ice,subglacial,64.33715,-15.806308,1973-07-11,1973.0,,,,
GLOF-Iceland-239,Iceland,Iceland,Gr nal n,ice,subglacial,64.1622,-17.34175,1973-08-06,1973.0,,2000.0,,
GLOF-Iceland-240,Iceland,Iceland,Western Skvompa or southwestern Gvendarfell,unknown,unknown,63.534704,-19.094747,1973-10-09,1973.0,,,,
GLOF-Iceland-241,Iceland,Iceland,Western Skaft r cauldron,ice volc,subglacial,64.49656,-17.61414,,,,191.0,,
GLOF-Iceland-242,Iceland,Iceland,Vatnsdalsl n,ice,subglacial,64.33715,-15.806308,1974-05-17,1974.0,,,,
GLOF-Iceland-244,Iceland,Iceland,Vatnsdalsl n,ice,subglacial,64.33715,-15.806308,1974-06-24,1974.0,,,,
GLOF-Iceland-245,Iceland,Iceland,H ldul n,ice,subglacial,64.66871,-15.64954,1974-06-30,1974.0,,198.0,,
GLOF-Iceland-246,Iceland,Iceland,Gr nal n,ice,subglacial,64.1622,-17.34175,,,,650.0,,
GLOF-Iceland-247,Iceland,Iceland,Eastern Skaft r cauldron,ice volc,subglacial,64.486,-17.51142,1974-12-29,1974.0,,1224.0,,
GLOF-Iceland-248,Iceland,Iceland,Hamarsl n,ice,subglacial,64.492954,-17.859686,,,,,,
GLOF-Iceland-249,Iceland,Iceland,H ldul n,ice,subglacial,64.66871,-15.64954,1975-07-13,1975.0,,428.0,,
GLOF-Iceland-250,Iceland,Iceland,Vatnsdalsl n,ice,subglacial,64.33715,-15.806308,1975-07-21,1975.0,,,,
GLOF-Iceland-251,Iceland,Iceland,Vatnsdalsl n,ice,subglacial,64.33715,-15.806308,1975-08-06,1975.0,,,,
GLOF-Iceland-252,Iceland,Iceland,Western Skaft r cauldron,ice volc,subglacial,64.49656,-17.61414,,,,210.0,,
GLOF-Iceland-253,Iceland,Iceland,Gr nal n,ice,subglacial,64.1622,-17.34175,1975-10-22,1975.0,,1000.0,,
GLOF-Iceland-254,Iceland,Iceland,Gj n psvatn,ice,subglacial,64.45494,-15.45695,,,,,,
GLOF-Iceland-255,Iceland,Iceland,Vatnsdalsl n,ice,subglacial,64.33715,-15.806308,1976-05-24,1976.0,,,,
GLOF-Iceland-256,Iceland,Iceland,Vatnsdalsl n,ice,subglacial,64.33715,-15.806308,1976-06-04,1976.0,,,,
GLOF-Iceland-257,Iceland,Iceland,Vatnsdalsl n,ice,subglacial,64.33715,-15.806308,1976-06-24,1976.0,,,,
GLOF-Iceland-258,Iceland,Iceland,H ldul n,ice,subglacial,64.66871,-15.64954,1976-06-25,1976.0,,285.0,,
GLOF-Iceland-259,Iceland,Iceland,Gr nal n,ice,subglacial,64.1622,-17.34175,1976-08-01,1976.0,,3000.0,,
GLOF-Iceland-260,Iceland,Iceland,Gr msv tn,ice volc,subglacial,64.41522,-17.28979,1976-09-07,1976.0,2300000000.0,3750.0,243098782.7494942,
GLOF-Iceland-261,Iceland,Iceland,Hn tul n,ice,subglacial,64.77991,-16.221377,1976-09-27,1976.0,,340.0,,
GLOF-Iceland-262,Iceland,Iceland,Eastern Skaft r cauldron,ice volc,subglacial,64.486,-17.51142,1977-02-06,1977.0,,1108.0,,
GLOF-Iceland-263,Iceland,Iceland,Vatnsdalsl n,ice,subglacial,64.33715,-15.806308,1977-07-27,1977.0,,624.0,,
GLOF-Iceland-264,Iceland,Iceland,Western Skaft r cauldron,ice volc,subglacial,64.49656,-17.61414,,,,390.0,,
GLOF-Iceland-265,Iceland,Iceland,H ldul n,ice,subglacial,64.66871,-15.64954,1977-08-16,1977.0,,297.0,,
GLOF-Iceland-266,Iceland,Iceland,Gr nal n,ice,subglacial,64.1622,-17.34175,1977-08-24,1977.0,,,,
GLOF-Iceland-267,Iceland,Iceland,Gr nal n,ice,subglacial,64.1622,-17.34175,1977-09-15,1977.0,,,,
GLOF-Iceland-268,Iceland,Iceland,Gr nal n,ice,subglacial,64.1622,-17.34175,,,,,,
GLOF-Iceland-269,Iceland,Iceland,Gengissig,ice volc,subglacial,64.667917,-16.685572,,,,,,
GLOF-Iceland-270,Iceland,Iceland,Vatnsdalsl n,ice,subglacial,64.33715,-15.806308,1977-11-15,1977.0,,,,
GLOF-Iceland-271,Iceland,Iceland,H ldul n,ice,subglacial,64.66871,-15.64954,1978-06-21,1978.0,,157.0,,
GLOF-Iceland-272,Iceland,Iceland,Vatnsdalsl n,ice,subglacial,64.33715,-15.806308,1978-07-18,1978.0,,,,
GLOF-Iceland-273,Iceland,Iceland,Gr nal n,ice,subglacial,64.1622,-17.34175,1978-07-20,1978.0,,3000.0,,
GLOF-Iceland-274,Iceland,Iceland,Gr nal n,ice,subglacial,64.1622,-17.34175,1979-07-31,1979.0,,,,
GLOF-Iceland-275,Iceland,Iceland,Vatnsdalsl n,ice,subglacial,64.33715,-15.806308,1979-09-02,1979.0,,,,
GLOF-Iceland-276,Iceland,Iceland,Hn tul n,ice,subglacial,64.77991,-16.221377,1979-09-03,1979.0,,800.0,,
GLOF-Iceland-277,Iceland,Iceland,Eastern Skaft r cauldron,ice volc,subglacial,64.486,-17.51142,1979-09-17,1979.0,,1140.0,,
GLOF-Iceland-278,Iceland,Iceland,Western Skaft r cauldron,ice volc,subglacial,64.49656,-17.61414,,,,351.0,,
GLOF-Iceland-279,Iceland,Iceland,Vatnsdalsl n,ice,subglacial,64.33715,-15.806308,1980-07-21,1980.0,,,,
GLOF-Iceland-280,Iceland,Iceland,H ldul n,ice,subglacial,64.66871,-15.64954,1980-07-25,1980.0,,176.0,,
GLOF-Iceland-281,Iceland,Iceland,Gr nal n,ice,subglacial,64.1622,-17.34175,1980-08-05,1980.0,,250.0,,
GLOF-Iceland-282,Iceland,Iceland,Hn tul n,ice,subglacial,64.77991,-16.221377,1980-09-11,1980.0,,240.0,,
GLOF-Iceland-283,Iceland,Iceland,Gr nal n,ice,subglacial,64.1622,-17.34175,1981-07-11,1981.0,,750.0,,
GLOF-Iceland-284,Iceland,Iceland,Western Skaft r cauldron,ice volc,subglacial,64.49656,-17.61414,,,,250.0,,
GLOF-Iceland-285,Iceland,Iceland,Eastern Skaft r cauldron,ice volc,subglacial,64.486,-17.51142,1982-01-05,1982.0,,1077.0,,
GLOF-Iceland-286,Iceland,Iceland,Gr msv tn,ice volc,subglacial,64.41522,-17.28979,1982-01-28,1982.0,1900000000.0,2000.0,209633976.180733,
GLOF-Iceland-287,Iceland,Iceland,Hn tul n,ice,subglacial,64.77991,-16.221377,1982-08-27,1982.0,,500.0,,
GLOF-Iceland-288,Iceland,Iceland,H ldul n,ice,subglacial,64.66871,-15.64954,1983-07-12,1983.0,,300.0,,
GLOF-Iceland-289,Iceland,Iceland,Gr nal n,ice,subglacial,64.1622,-17.34175,1983-08-16,1983.0,,2200.0,,
GLOF-Iceland-290,Iceland,Iceland,Western Skaft r cauldron,ice volc,subglacial,64.49656,-17.61414,,,,138.0,,
GLOF-Iceland-291,Iceland,Iceland,Gr msv tn,ice volc,subglacial,64.41522,-17.28979,1983-12-06,1983.0,1200000000.0,600.0,146809588.01301342,
GLOF-Iceland-292,Iceland,Iceland,J kulgil,ice,subglacial,63.536495,-19.360725,,,,,,
GLOF-Iceland-293,Iceland,Iceland,Vatsdalsl n,ice,subglacial,64.33715,-15.806308,,,,,,
GLOF-Iceland-294,Iceland,Iceland,Lake in front part of Ve ur rdalur,ice,subglacial,64.138214,-16.212945,,,,,,
GLOF-Iceland-295,Iceland,Iceland,unknow,volc,unknown,64.63333,-17.53333,,,,,,
GLOF-Iceland-296,Iceland,Iceland,H ldul n,ice,subglacial,64.66871,-15.64954,1984-06-13,1984.0,,238.0,,
GLOF-Iceland-297,Iceland,Iceland,unkown,ice volc,subglacial,63.771883,-18.933489,1984-07-01,1984.0,,,,
GLOF-Iceland-298,Iceland,Iceland,Hn tul n,ice,subglacial,64.77991,-16.221377,1984-07-07,1984.0,,600.0,,
GLOF-Iceland-299,Iceland,Iceland,Eastern Skaft r cauldron,ice volc,subglacial,64.486,-17.51142,1984-08-18,1984.0,,1426.0,,
GLOF-Iceland-300,Iceland,Iceland,Gr nal n,ice,subglacial,64.1622,-17.34175,1984-08-15,1984.0,,2000.0,,
GLOF-Iceland-301,Iceland,Iceland,J kulgil,ice,subglacial,63.536495,-19.360725,,,,,,
GLOF-Iceland-302,Iceland,Iceland,Vatsdalsl n,ice,subglacial,64.33715,-15.806308,,,,,,
GLOF-Iceland-303,Iceland,Iceland,Lake in front part of Ve ur rdalur,ice,subglacial,64.138214,-16.212945,,,,,,
GLOF-Iceland-304,Iceland,Iceland,unknow,volc,unknown,64.63333,-17.53333,,,,,,
GLOF-Iceland-305,Iceland,Iceland,Gengissig,ice volc,subglacial,64.667917,-16.685572,1985-01-30,1985.0,,175.0,,
GLOF-Iceland-306,Iceland,Iceland,H ldul n,ice,subglacial,64.66871,-15.64954,1985-07-01,1985.0,,180.0,,
GLOF-Iceland-307,Iceland,Iceland,Lagoon above Hjartafell,ice,subglacail,64.657403,-18.74465,,,,,,
GLOF-Iceland-308,Iceland,Iceland,Inner Ve ur rdalsl n,ice,subglacail,64.170096,-16.218831,,,,,,
GLOF-Iceland-309,Iceland,Iceland,J kulgil,ice,subglacail,63.536495,-19.360725,,,,,,
GLOF-Iceland-310,Iceland,Iceland,Vatsdalsl n,ice,subglacial,64.33715,-15.806308,,,,,,
GLOF-Iceland-311,Iceland,Iceland,Lake in front part of Ve ur rdalur,ice,subglacial,64.138214,-16.212945,,,,,,
GLOF-Iceland-312,Iceland,Iceland,unknow,volc,unknown,64.63333,-17.53333,,,,,,
GLOF-Iceland-313,Iceland,Iceland,H ldul n,ice,subglacial,64.66871,-15.64954,1986-06-12,1986.0,,325.0,,
GLOF-Iceland-314,Iceland,Iceland,Western Skaft r cauldron,ice volc,subglacial,64.49656,-17.61414,,,,275.0,,
GLOF-Iceland-315,Iceland,Iceland,Gr msv tn,ice volc,subglacial,64.41522,-17.28979,1986-08-14,1986.0,1400000000.0,2000.0,165444051.21139833,
GLOF-Iceland-316,Iceland,Iceland,Hn tul n,ice,subglacial,64.77991,-16.221377,1986-08-24,1986.0,,680.0,,
GLOF-Iceland-317,Iceland,Iceland,Gr nal n,ice,subglacial,64.1622,-17.34175,1986-08-29,1986.0,,,,
GLOF-Iceland-318,Iceland,Iceland,unknown,ice volc,subglacial,63.736527,-19.280466,1986-09-01,1986.0,,,,
GLOF-Iceland-319,Iceland,Iceland,Eastern Skaft r cauldron,ice volc,subglacial,64.486,-17.51142,1986-11-28,1986.0,,1290.0,,
GLOF-Iceland-320,Iceland,Iceland,J kulgil,ice,subglacail,63.536495,-19.360725,,,,,,
GLOF-Iceland-321,Iceland,Iceland,Vatsdalsl n,ice,subglacial,64.33715,-15.806308,,,,,,
GLOF-Iceland-322,Iceland,Iceland,Lake in front part of Ve ur rdalur,ice,subglacial,64.138214,-16.212945,,,,,,
GLOF-Iceland-323,Iceland,Iceland,unknow,volc,unknown,64.63333,-17.53333,,,,,,
GLOF-Iceland-324,Iceland,Iceland,Inner Ve ur rdalsl n,ice,subglacial,64.170096,-16.218831,1987-07-04,1987.0,,,,
GLOF-Iceland-325,Iceland,Iceland,Hn tul n,ice,subglacial,64.77991,-16.221377,1987-07-22,1987.0,,380.0,,
GLOF-Iceland-326,Iceland,Iceland,Gr nal n,ice,subglacial,64.1622,-17.34175,1987-08-10,1987.0,,,,
GLOF-Iceland-327,Iceland,Iceland,Gengissig,ice volc,unknown,64.667917,-16.685572,1987-11-14,1987.0,,520.0,,
GLOF-Iceland-328,Iceland,Iceland,J kulgil,ice,subglacail,63.536495,-19.360725,,,,,,
GLOF-Iceland-329,Iceland,Iceland,Vatsdalsl n,ice,subglacial,64.33715,-15.806308,,,,,,
GLOF-Iceland-330,Iceland,Iceland,Lake in front part of Ve ur rdalur,ice,subglacial,64.138214,-16.212945,,,,,,
GLOF-Iceland-331,Iceland,Iceland,unknow,volc,unknown,64.63333,-17.53333,,,,,,
GLOF-Iceland-332,Iceland,Iceland,H ldul n,ice,subglacial,64.66871,-15.64954,1988-06-22,1988.0,,275.0,,
GLOF-Iceland-333,Iceland,Iceland,Western Skaft r cauldron,ice volc,subglacial,64.49656,-17.61414,,,,301.0,,
GLOF-Iceland-334,Iceland,Iceland,Hamarsl n,ice,unknown,64.492954,-17.859686,1988-08-07,1988.0,,,,
GLOF-Iceland-336,Iceland,Iceland,unknow,unknown,unknown,63.576103,-18.859958,1988-08-12,1988.0,,,,
GLOF-Iceland-337,Iceland,Iceland,Gr nal n,ice,subglacial,64.1622,-17.34175,1988-08-20,1988.0,,,,
GLOF-Iceland-338,Iceland,Iceland,unknown,ice volc,subglacial,63.736527,-19.280466,1988-08-25,1988.0,,,,
GLOF-Iceland-339,Iceland,Iceland,Hv tal n,unknown,unknown,64.516428,-17.963871,,,,,,
GLOF-Iceland-340,Iceland,Iceland,Lake north of lafsfell,ice,subglacial,64.8,-18.783593,,,,,,
GLOF-Iceland-341,Iceland,Iceland,unknow,unknown,unknown,64.681909,-15.578247,1989-01-03,1989.0,,228.0,,
GLOF-Iceland-342,Iceland,Iceland,Vatsdalsl n,ice,subglacial,64.33715,-15.806308,1989-06-22,1989.0,,,,
GLOF-Iceland-343,Iceland,Iceland,Eastern Skaft r cauldron,ice volc,subglacial,64.486,-17.51142,1989-07-17,1989.0,,1159.0,,
GLOF-Iceland-345,Iceland,Iceland,Vatsdalsl n,ice,subglacial,64.33715,-15.806308,,,,,,
GLOF-Iceland-346,Iceland,Iceland,Gr nal n,ice,subglacial,64.1622,-17.34175,1989-08-01,1989.0,,,,
GLOF-Iceland-347,Iceland,Iceland,unknow,unknown,unknown,63.541707,-19.325689,1989-12-16,1989.0,,,,
GLOF-Iceland-349,Iceland,Iceland,Lake in front part of Ve ur rdalur,ice,subglacial,64.138214,-16.212945,,,,,,
GLOF-Iceland-350,Iceland,Iceland,H ldul n,ice,subglacial,64.66871,-15.64954,1990-06-22,1990.0,,146.0,,
GLOF-Iceland-351,Iceland,Iceland,Gr nal n,ice,subglacial,64.1622,-17.34175,1990-07-11,1990.0,,,,
GLOF-Iceland-352,Iceland,Iceland,Inner Ve ur rdalsl n,ice,unknown,64.170096,-16.218831,1990-07-11,1990.0,,,,
GLOF-Iceland-353,Iceland,Iceland,Western Skaft r cauldron,ice volc,subglacial,64.49656,-17.61414,,,,101.0,,
GLOF-Iceland-354,Iceland,Iceland,Lake north of lafsfell,ice,subglacial,64.8,-18.783593,,,,,,
GLOF-Iceland-355,Iceland,Iceland,Hn tul n,ice,subglacial,64.77991,-16.221377,1991-07-11,1991.0,,770.0,,
GLOF-Iceland-356,Iceland,Iceland,Thorbergsvatn,ice,subglacial,64.646849,-16.535632,1991-07-13,1991.0,,530.0,,
GLOF-Iceland-358,Iceland,Iceland,Eastern Skaft r cauldron,ice volc,subglacial,64.486,-17.51142,,,,928.0,,
GLOF-Iceland-359,Iceland,Iceland,unknow,unknown,unknown,64.04684,-17.284609,1991-08-16,1991.0,,,,
GLOF-Iceland-360,Iceland,Iceland,unknow,unknown,unknown,64.04684,-17.284609,1991-09-15,1991.0,,,,
GLOF-Iceland-361,Iceland,Iceland,Gr msv tn,ice volc,subglacial,64.41522,-17.28979,1991-09-21,1991.0,,2200.0,,
GLOF-Iceland-362,Iceland,Iceland,unknow,unknown,unknown,64.04684,-17.284609,1991-09-30,1991.0,,,,
GLOF-Iceland-363,Iceland,Iceland,Gr msv tn,ice volc,subglacial,64.41522,-17.28979,,,,320.0,,
GLOF-Iceland-364,Iceland,Iceland,Gr msv tn,ice volc,subglacial,64.41522,-17.28979,1991-11-06,1991.0,1850000000.0,2000.0,205344689.56423315,
GLOF-Iceland-365,Iceland,Iceland,Lake in front part of Ve ur rdalur,ice,subglacial,64.138214,-16.212945,,,,,,
GLOF-Iceland-366,Iceland,Iceland,H ldul n,ice,subglacial,64.66871,-15.64954,1992-06-12,1992.0,,191.0,,
GLOF-Iceland-367,Iceland,Iceland,Eastern Skaft r cauldron,ice volc,subglacial,64.486,-17.51142,,,,124.0,,
GLOF-Iceland-368,Iceland,Iceland,Ne radalsvatn,ice,subglacial,64.445886,-15.541384,1992-09-20,1992.0,,,,
GLOF-Iceland-369,Iceland,Iceland,Gr nal n,ice,subglacial,64.1622,-17.34175,1992-10-03,1992.0,,,,
GLOF-Iceland-371,Iceland,Iceland,Gr nal n,ice,subglacial,64.1622,-17.34175,,,,,,
GLOF-Iceland-372,Iceland,Iceland,Western Skaft r cauldron,ice volc,subglacial,64.49656,-17.61414,,,,726.0,,
GLOF-Iceland-373,Iceland,Iceland,Western Skaft r cauldron,ice volc,subglacial,64.49656,-17.61414,1994-08-13,1994.0,,197.0,,
GLOF-Iceland-374,Iceland,Iceland,Thorbergsvatn,ice,subglacial,64.646849,-16.535632,1994-08-15,1994.0,,330.0,,
GLOF-Iceland-375,Iceland,Iceland,H ldul n,ice,subglacial,64.66871,-15.64954,1995-07-01,1995.0,,159.0,,
GLOF-Iceland-376,Iceland,Iceland,Eastern Skaft r cauldron,ice volc,subglacial,64.486,-17.51142,1995-07-25,1995.0,,1759.0,,
GLOF-Iceland-377,Iceland,Iceland,Lake south of L nstidnur,ice,subglacial,64.8,-18.783593,,,,,,
GLOF-Iceland-378,Iceland,Iceland,unknown,ice volc,subglacial,63.736527,-19.280466,,,,,,
GLOF-Iceland-380,Iceland,Iceland,Gr nal n,ice,subglacial,64.1622,-17.34175,1995-08-10,1995.0,,,,
GLOF-Iceland-381,Iceland,Iceland,Eastern Skaft r cauldron,ice volc,subglacial,64.486,-17.51142,,,,45.0,,
GLOF-Iceland-382,Iceland,Iceland,unknow,unknown,unknown,64.072003,-17.254449,,,,,,
GLOF-Iceland-383,Iceland,Iceland,Gr msv tn,ice volc,subglacial,64.41522,-17.28979,1996-03-21,1996.0,,3000.0,,
GLOF-Iceland-384,Iceland,Iceland,H ldul n,ice,subglacial,64.66871,-15.64954,1996-06-29,1996.0,,96.0,,
GLOF-Iceland-386,Iceland,Iceland,Western Skaft r cauldron,ice volc,subglacial,64.49656,-17.61414,,,,521.0,,
GLOF-Iceland-387,Iceland,Iceland,Hn tul n,ice,subglacial,64.77991,-16.221377,1996-08-10,1996.0,,1000.0,,
GLOF-Iceland-388,Iceland,Iceland,Gr msv tn/Gj lp,ice volc,subglacial,64.41522,-17.28979,1996-11-05,1996.0,,50000.0,,
GLOF-Iceland-390,Iceland,Iceland,Upper lagoon,ice,subglacial,64.73,-16.33,,,,,,
GLOF-Iceland-391,Iceland,Iceland,Eastern Skaft r cauldron,ice volc,subglacial,64.486,-17.51142,,,,728.0,,
GLOF-Iceland-392,Iceland,Iceland,Western Skaft r cauldron,ice volc,subglacial,64.49656,-17.61414,,,,169.0,,
GLOF-Iceland-395,Iceland,Iceland,unknow,unknown,unknown,64.651054,-16.698146,1997-09-28,1997.0,,66.0,,
GLOF-Iceland-396,Iceland,Iceland,Gr msv tn,ice volc,subglacial,64.41522,-17.28979,1998-02-16,1998.0,510000000.0,,75628210.27954483,
GLOF-Iceland-398,Iceland,Iceland,unknow,volc,unknown,64.651054,-16.698146,,,,,,
GLOF-Iceland-399,Iceland,Iceland,unknown,ice volc,subglacial,63.736527,-19.280466,1998-07-13,1998.0,,,,
GLOF-Iceland-402,Iceland,Iceland,Hv tal n,unknown,unknown,64.516428,-17.963871,1998-08-23,1998.0,,,,
GLOF-Iceland-403,Iceland,Iceland,Ice cauldron in Kaldal nsj kull,ice,subglacial,66.161,-22.296,1998-09-01,1998.0,,,,
GLOF-Iceland-404,Iceland,Iceland,unknow,unknown,unknown,64.499693,-20.342279,1998-09-04,1998.0,,30.0,,
GLOF-Iceland-405,Iceland,Iceland,Western Skaft r cauldron,ice volc,subglacial,64.49656,-17.61414,1998-09-13,1998.0,,149.0,,
GLOF-Iceland-406,Iceland,Iceland,Gr msv tn,ice volc,subglacial,64.41522,-17.28979,1999-01-27,1999.0,300000000.0,1800.0,50123483.75647955,
GLOF-Iceland-407,Iceland,Iceland,Hagavatn,bedrock,"surge into a proglacial lake, overtopping",64.48,-20.273706,,,,,,
GLOF-Iceland-408,Iceland,Iceland,"Katla, ponding in J kulsargil",ice volc,subglacial,63.556731,-19.314995,1999-07-17,1999.0,20000000.0,4400.0,6142463.6900949115,
GLOF-Iceland-409,Iceland,Iceland,Hn tul n or Efral n,ice,unknown,64.745104,-16.318988,1999-07-30,1999.0,,1400.0,,
GLOF-Iceland-410,Iceland,Iceland,Lake in Nor urdal at Skaftafellsfj ll,unknown,unknown,64.087675,-17.089449,1999-08-06,1999.0,,,,
GLOF-Iceland-411,Iceland,Iceland,unknown,ice volc,subglacial,63.736527,-19.280466,1999-08-15,1999.0,,,,
GLOF-Iceland-412,Iceland,Iceland,unknow,unknown,unknown,63.541707,-19.325689,1999-09-17,1999.0,,,,
GLOF-Iceland-414,Iceland,Iceland,unknow,unknown,unknown,63.541707,-19.325689,1999-09-22,1999.0,,,,
GLOF-Iceland-415,Iceland,Iceland,unknow,unknown,unknown,63.541707,-19.325689,1999-09-25,1999.0,,,,
GLOF-Iceland-416,Iceland,Iceland,Ne radalsvatn,ice,subglacial,64.445886,-15.541384,1999-10-15,1999.0,,,,
GLOF-Iceland-417,Iceland,Iceland,Gr msv tn,ice volc,subglacial,64.41522,-17.28979,1999-11-04,1999.0,270000000.0,1400.0,46192378.52937553,
GLOF-Iceland-418,Iceland,Iceland,Eastern Skaft r cauldron,ice volc,subglacial,64.486,-17.51142,,,,1083.0,,
GLOF-Iceland-419,Iceland,Iceland,Hamarsl n,ice,unknown,64.492954,-17.859686,,,,,,
GLOF-Iceland-420,Iceland,Iceland,Gr msv tn,ice volc,subglacial,64.41522,-17.28979,2000-02-13,2000.0,,,,
GLOF-Iceland-421,Iceland,Iceland,unknown,ice volc,subglacial,63.736527,-19.280466,2000-07-25,2000.0,,,,
GLOF-Iceland-423,Iceland,Iceland,Gr msv tn,ice volc,subglacial,64.41522,-17.28979,2000-08-04,2000.0,120000000.0,,24635456.90958945,
GLOF-Iceland-424,Iceland,Iceland,Western Skaft r cauldron,ice volc,subglacial,64.49656,-17.61414,2000-08-05,2000.0,,561.0,,
GLOF-Iceland-425,Iceland,Iceland,Lake south of L nstidnur,ice,subglacial,64.8,-18.783593,2000-08-08,2000.0,,115.0,,
GLOF-Iceland-426,Iceland,Iceland,Eastern Skaft r cauldron,ice volc,subglacial,64.486,-17.51142,2000-08-11,2000.0,,1083.0,,
GLOF-Iceland-427,Iceland,Iceland,Gr msv tn,ice volc,subglacial,64.41522,-17.28979,2000-09-22,2000.0,,,,
GLOF-Iceland-428,Iceland,Iceland,unknow,unknown,unknown,63.953528,-16.736642,2000-09-27,2000.0,,,,
GLOF-Iceland-429,Iceland,Iceland,Lake north of lafsfell,ice,subglacial,64.8,-18.783593,,,,,,
GLOF-Iceland-430,Iceland,Iceland,Gr nal n,ice,subglacial,64.1622,-17.34175,2001-09-25,2001.0,,,,
GLOF-Iceland-431,Iceland,Iceland,Gr msv tn,ice volc,subglacial,64.41522,-17.28979,2001-12-11,2001.0,380000000.0,,60203876.90764643,
GLOF-Iceland-432,Iceland,Iceland,Gengissig,ice volc,unknown,64.667917,-16.685572,,,,490.0,,
GLOF-Iceland-433,Iceland,Iceland,Gr msv tn,ice volc,subglacial,64.41522,-17.28979,,,,,,
GLOF-Iceland-434,Iceland,Iceland,unknow,volc,unknown,64.651054,-16.698146,2002-01-08,2002.0,,480.0,,
GLOF-Iceland-435,Iceland,Iceland,Gr nal n,ice,subglacial,64.1622,-17.34175,2002-01-12,2002.0,,,,
GLOF-Iceland-436,Iceland,Iceland,Gr msv tn,ice volc,subglacial,64.41522,-17.28979,2002-04-11,2002.0,410000000.0,630.0,63856638.96248034,
GLOF-Iceland-437,Iceland,Iceland,Hn tul n,ice,unknown,64.77991,-16.221377,2002-05-24,2002.0,,,,
GLOF-Iceland-438,Iceland,Iceland,Gr nal n,ice,subglacial,64.1622,-17.34175,2002-06-24,2002.0,,,,
GLOF-Iceland-439,Iceland,Iceland,Western Skaft r cauldron,ice volc,subglacial,64.49656,-17.61414,2002-07-08,2002.0,,620.0,,
GLOF-Iceland-440,Iceland,Iceland,Lake north of lafsfell,ice,subglacial,64.8,-18.783593,2002-07-17,2002.0,,159.0,,
GLOF-Iceland-441,Iceland,Iceland,Efral n,ice,unknown,64.716718,-16.427921,2002-08-04,2002.0,,63.0,,
GLOF-Iceland-442,Iceland,Iceland,Gr nal n,ice,subglacial,64.1622,-17.34175,2002-08-13,2002.0,,,,
GLOF-Iceland-443,Iceland,Iceland,Gr nal n,ice,subglacial,64.1622,-17.34175,2002-09-14,2002.0,,,,
GLOF-Iceland-444,Iceland,Iceland,Eastern Skaft r cauldron,ice volc,subglacial,64.486,-17.51142,2002-09-17,2002.0,,582.0,,
GLOF-Iceland-445,Iceland,Iceland,Lake north of lafsfell,ice,subglacial,64.8,-18.783593,,,,,,
GLOF-Iceland-446,Iceland,Iceland,unknow,unknown,unknown,64.072003,-17.254449,2003-01-11,2003.0,,,,
GLOF-Iceland-447,Iceland,Iceland,Gr nal n,ice,subglacial,64.1622,-17.34175,2003-04-19,2003.0,,,,
GLOF-Iceland-448,Iceland,Iceland,unknown,unknown,unknown,65.845185,-18.512698,2003-07-31,2003.0,,,,
GLOF-Iceland-449,Iceland,Iceland,Gr nal n,ice,subglacial,64.1622,-17.34175,2003-09-03,2003.0,,,,
GLOF-Iceland-450,Iceland,Iceland,Western Skaft r cauldron,ice volc,subglacial,64.49656,-17.61414,2003-09-06,2003.0,,211.0,,
GLOF-Iceland-451,Iceland,Iceland,Eastern Skaft r cauldron,ice volc,subglacial,64.486,-17.51142,2003-10-05,2003.0,,207.0,,
GLOF-Iceland-452,Iceland,Iceland,Lake in Nor urdal at Skaftafellsf llum,unknown,unknown,64.087675,-17.089449,2003-10-13,2003.0,,,,
GLOF-Iceland-453,Iceland,Iceland,Lake north of lafsfell,ice,subglacial,64.8,-18.783593,,,,,,
GLOF-Iceland-454,Iceland,Iceland,Gr msv tn,ice volc,subglacial,64.41522,-17.28979,2004-01-21,2004.0,,,,
GLOF-Iceland-455,Iceland,Iceland,Innri Ve ur rdalur,ice,unknown,64.148806,-16.215967,2004-07-26,2004.0,,,,
GLOF-Iceland-456,Iceland,Iceland,Gr msv tn,ice volc,subglacial,64.41522,-17.28979,2004-10-29,2004.0,730000000.0,3300.0,99867076.78567751,
GLOF-Iceland-457,Iceland,Iceland,Gr msv tn,ice volc,subglacial,64.41522,-17.28979,2005-03-04,2005.0,260000000.0,,44860548.20541119,
GLOF-Iceland-458,Iceland,Iceland,H ldul n,ice,subglacial,64.66871,-15.64954,2005-04-08,2005.0,,,,
GLOF-Iceland-460,Iceland,Iceland,K tlukatlar,ice volc,subglacial,63.63,-19.15,2005-07-06,2005.0,,,,
GLOF-Iceland-461,Iceland,Iceland,Western Skaft r cauldron,ice volc,subglacial,64.49656,-17.61414,2005-07-30,2005.0,,720.0,,
GLOF-Iceland-462,Iceland,Iceland,Gr nal n,ice,subglacial,64.1622,-17.34175,2005-08-10,2005.0,,,,
GLOF-Iceland-463,Iceland,Iceland,Marginal lakes in Nor urdalur valley in Skaftafellsfj ll mountains,ice,subglacial,64.109328,-17.11421,,,,,,
GLOF-Iceland-464,Iceland,Iceland,Gr nal n,ice,subglacial,64.1622,-17.34175,,,,,,
GLOF-Iceland-465,Iceland,Iceland,Eastern Skaft r cauldron,ice volc,subglacial,64.486,-17.51142,2006-04-20,2006.0,,1340.0,,
GLOF-Iceland-466,Iceland,Iceland,Western Skaft r cauldron,ice volc,subglacial,64.49656,-17.61414,2006-10-30,2006.0,,100.0,,
GLOF-Iceland-468,Iceland,Iceland,unknown,unknown,unknown,64.140187,-17.867161,2007-08-26,2007.0,,,,
GLOF-Iceland-469,Iceland,Iceland,K tlukatlar,ice volc,subglacial,63.63,-19.15,2007-09-13,2007.0,,,,
GLOF-Iceland-470,Iceland,Iceland,unknow,unknown,unknown,63.62942,-19.63634,2007-09-24,2007.0,,,,
GLOF-Iceland-471,Iceland,Iceland,Gr nal n,ice,subglacial,64.1622,-17.34175,2007-10-13,2007.0,,,,
GLOF-Iceland-472,Iceland,Iceland,Gr msv tn,ice volc,subglacial,64.41522,-17.28979,2007-12-08,2007.0,,800.0,,
GLOF-Iceland-473,Iceland,Iceland,"Marginal lake by Kerling mountain, western Vatnaj kull",ice,unknown,64.39451,-18.02321,,,,,,
GLOF-Iceland-475,Iceland,Iceland,Gr nal n,ice,subglacial,64.1622,-17.34175,2008-07-09,2008.0,,,,
GLOF-Iceland-476,Iceland,Iceland,unknown,unknown,unknown,66.13458,-22.267515,2008-07-27,2008.0,,,,
GLOF-Iceland-477,Iceland,Iceland,Western Skaft r cauldron,ice volc,subglacial,64.49656,-17.61414,2008-08-10,2008.0,,240.0,,
GLOF-Iceland-478,Iceland,Iceland,Gr nal n,ice,subglacial,64.1622,-17.34175,2008-09-15,2008.0,,,,
GLOF-Iceland-479,Iceland,Iceland,Gr msv tn,ice volc,subglacial,64.41522,-17.28979,,,320000000.0,,52694943.241349146,
GLOF-Iceland-480,Iceland,Iceland,Eastern Skaft r cauldron,ice volc,subglacial,64.486,-17.51142,,,,1290.0,,
GLOF-Iceland-481,Iceland,Iceland,Marginal lakes in Nor urdalur valley in Skaftafellsfj ll mountains,ice,subglacial,64.109328,-17.11421,2009-07-21,2009.0,,,,
GLOF-Iceland-482,Iceland,Iceland,K tlukatlar,ice volc,subglacial,63.63,-19.15,2009-08-12,2009.0,,,,
GLOF-Iceland-483,Iceland,Iceland,K tlukatlar,ice volc,subglacial,63.63,-19.15,,,,,,
GLOF-Iceland-485,Iceland,Iceland,Eyjafjallaj kull,"ice volc, supraglacial",overtopping and subglacial flow,63.62942,-19.63634,2010-04-14,2010.0,,2700.0,,
GLOF-Iceland-486,Iceland,Iceland,Eyjafjallaj kull,"ice volc, supraglacial",overtopping and subglacial flow,63.62543,-19.63402,2010-04-14,2010.0,,,,
GLOF-Iceland-487,Iceland,Iceland,Eyjafjallaj kull,"ice volc, supraglacial",overtopping and subglacial flow,63.62942,-19.63634,2010-04-15,2010.0,,1400.0,,
GLOF-Iceland-488,Iceland,Iceland,Eyjafjallaj kull,"ice volc, supraglacial",overtopping and subglacial flow,63.62942,-19.63634,2010-04-16,2010.0,,,,
GLOF-Iceland-489,Iceland,Iceland,Eyjafjallaj kull,"ice volc, supraglacial",overtopping and subglacial flow,63.62942,-19.63634,2010-04-28,2010.0,,,,
GLOF-Iceland-490,Iceland,Iceland,Eyjafjallaj kull,"ice volc, supraglacial",overtopping and subglacial flow,63.62943,-19.63635,2010-05-03,2010.0,,,,
GLOF-Iceland-491,Iceland,Iceland,K tlukatlar,ice volc,subglacial,63.63,-19.15,,,,,,
GLOF-Iceland-492,Iceland,Iceland,K tlukatlar,ice volc,subglacial,63.63,-19.15,,,,,,
GLOF-Iceland-493,Iceland,Iceland,Western Skaft r cauldron,ice volc,subglacial,64.49656,-17.61414,2010-06-20,2010.0,,600.0,,
GLOF-Iceland-494,Iceland,Iceland,Eastern Skaft r cauldron,ice volc,subglacial,64.486,-17.51142,2010-06-27,2010.0,,1283.0,,
GLOF-Iceland-495,Iceland,Iceland,Cauldrons 1 and 2 in M rdalsj kull,ice volc,subglacial,63.66222,-19.2476,2010-08-17,2010.0,,,,
GLOF-Iceland-496,Iceland,Iceland,K tlukatlar,ice volc,subglacial,63.63,-19.15,2010-09-06,2010.0,,,,
GLOF-Iceland-497,Iceland,Iceland,unknown,unknown,unknown,64.584462,-17.864972,2010-10-23,2010.0,,,,
GLOF-Iceland-498,Iceland,Iceland,Gr msv tn,ice volc,subglacial,64.41522,-17.28979,2010-10-31,2010.0,680000000.0,2600.0,94522577.74664241,
GLOF-Iceland-499,Iceland,Iceland,K tlukatlar,ice volc,subglacial,63.63,-19.15,,,,,,
GLOF-Iceland-500,Iceland,Iceland,K tlukatlar,ice volc,subglacial,63.63,-19.15,,,,,,
GLOF-Iceland-501,Iceland,Iceland,Western Skaft r cauldron,ice volc,subglacial,64.49656,-17.61414,,,,220.0,,
GLOF-Iceland-502,Iceland,Iceland,"Katlar: 16,9,10 og 11 M rdalsj kli.",ice volc,subglacial,63.63525,-19.05598,2011-07-09,2011.0,,3000.0,,
GLOF-Iceland-503,Iceland,Iceland,Subglacial lake east of the Hamarinn nunnatak,ice,subglacial,64.49417,-17.73882,2011-07-12,2011.0,,,,
GLOF-Iceland-504,Iceland,Iceland,Cauldrons 1 and 2 in M rdalsj kull,ice volc,subglacial,63.66222,-19.2476,2011-07-20,2011.0,,,,
GLOF-Iceland-505,Iceland,Iceland,K tlukatlar,ice volc,subglacial,63.63,-19.15,2011-07-25,2011.0,,,,
GLOF-Iceland-506,Iceland,Iceland,Western Skaft r cauldron,ice volc,subglacial,64.49656,-17.61414,2011-07-29,2011.0,,220.0,,
GLOF-Iceland-507,Iceland,Iceland,Cauldron 11 in M rdalsj kull,ice volc,subglacial,63.6381,-19.05741,,,,,,
GLOF-Iceland-508,Iceland,Iceland,K tlukatlar,ice volc,subglacial,63.63,-19.15,,,,,,
GLOF-Iceland-509,Iceland,Iceland,K tlukatlar,ice volc,subglacial,63.63,-19.15,2011-09-05,2011.0,,,,
GLOF-Iceland-510,Iceland,Iceland,Gr nal n,ice,subglacial,64.1622,-17.34175,2011-09-05,2011.0,,,,
GLOF-Iceland-511,Iceland,Iceland,K tlukatlar,ice volc,subglacial,63.63,-19.15,2011-10-05,2011.0,,,,
GLOF-Iceland-512,Iceland,Iceland,K tlukatlar,ice volc,subglacial,63.63,-19.15,,,,,,
GLOF-Iceland-513,Iceland,Iceland,unknown/Most likely Gr nal n,unknown,unknown,64.1622,-17.34175,2012-01-28,2012.0,,,,
GLOF-Iceland-514,Iceland,Iceland,Gr msv tn,ice volc,subglacial,64.41522,-17.28979,2012-01-31,2012.0,500000000.0,,74476116.6087039,
GLOF-Iceland-515,Iceland,Iceland,K tlukatlar,ice volc,subglacial,63.63,-19.15,,,,,,
GLOF-Iceland-516,Iceland,Iceland,K tlukatlar,ice volc,subglacial,63.63,-19.15,,,,,,
GLOF-Iceland-517,Iceland,Iceland,K tlukatlar,ice volc,subglacial,63.63,-19.15,2012-06-06,2012.0,,,,
GLOF-Iceland-518,Iceland,Iceland,Cauldron 11 in M rdalsj kull,ice volc,subglacial,63.6381,-19.05741,,,,,,
GLOF-Iceland-519,Iceland,Iceland,Cauldron 12 in M rdalsj kull,ice volc,subglacial,63.64963,-19.04813,2012-07-12,2012.0,,,,
GLOF-Iceland-520,Iceland,Iceland,Cauldrons 1 and 2 in M rdalsj kull,ice volc,subglacial,63.66222,-19.2476,2012-07-18,2012.0,,,,
GLOF-Iceland-521,Iceland,Iceland,K tlukatlar,ice volc,subglacial,63.63,-19.15,2012-08-11,2012.0,,,,
GLOF-Iceland-522,Iceland,Iceland,Western Skaft r cauldron,ice volc,subglacial,64.49656,-17.61414,,,,,,
GLOF-Iceland-523,Iceland,Iceland,K tlukatlar,ice volc,subglacial,63.63,-19.15,2012-11-21,2012.0,,,,
GLOF-Iceland-524,Iceland,Iceland,Gr msv tn,ice volc,subglacial,64.41522,-17.28979,2012-11-22,2012.0,320000000.0,680.0,52694943.241349146,
GLOF-Iceland-525,Iceland,Iceland,Cauldron close to the glacier edger,ice volc,subglacial,64.72396,-19.12248,,,,,,
GLOF-Iceland-526,Iceland,Iceland,K tlukatlar,ice volc,subglacial,63.63,-19.15,,,,,,
GLOF-Iceland-527,Iceland,Iceland,Cauldron 10 in M rdalsj kull,ice volc,subglacial,63.63264,-19.05516,,,,,,
GLOF-Iceland-528,Iceland,Iceland,Cauldrons 1 and 2 in M rdalsj kull,ice volc,subglacial,63.66222,-19.2476,2013-08-12,2013.0,,,,
GLOF-Iceland-529,Iceland,Iceland,Gengissig,ice volc,subglacial,64.667917,-16.685572,2013-08-15,2013.0,6000000.0,150.0,2415517.7726126495,
GLOF-Iceland-530,Iceland,Iceland,Cauldron in the northern rim of the Hofsj kull caldera,ice volc,subglacial,64.8272,-18.86376,2013-08-21,2013.0,,,,
GLOF-Iceland-531,Iceland,Iceland,unknown,unknown,unknown,64.004116,-16.86112,2013-08-24,2013.0,,,,
GLOF-Iceland-532,Iceland,Iceland,K tlukatlar,ice volc,subglacial,63.63,-19.15,,,,,,
GLOF-Iceland-534,Iceland,Iceland,K tlukatlar,ice volc,subglacial,63.63,-19.15,,,,,,
GLOF-Iceland-535,Iceland,Iceland,Western Skaft r cauldron,ice volc,subglacial,64.49656,-17.61414,2014-01-16,2014.0,,380.0,,
GLOF-Iceland-536,Iceland,Iceland,Gr msv tn,ice volc,subglacial,64.41522,-17.28979,,,,,,
GLOF-Iceland-537,Iceland,Iceland,K tlukatlar,ice volc,subglacial,63.63,-19.15,,,,,,
GLOF-Iceland-538,Iceland,Iceland,K tlukatlar,ice volc,subglacial,63.63,-19.15,2014-07-06,2014.0,,,,
GLOF-Iceland-539,Iceland,Iceland,Cauldrons 1 and 2 in M rdalsj kull,ice volc,subglacial,63.66222,-19.2476,2014-07-13,2014.0,,,,
GLOF-Iceland-540,Iceland,Iceland,K tlukatlar,ice volc,subglacial,63.63,-19.15,,,,,,
GLOF-Iceland-541,Iceland,Iceland,K tlukatlar,ice volc,subglacial,63.63,-19.15,,,,,,
GLOF-Iceland-542,Iceland,Iceland,K tlukatlar,ice volc,subglacial,63.63,-19.15,,,,,,
GLOF-Iceland-543,Iceland,Iceland,Eastern Skaft r cauldron,ice volc,subglacial,64.486,-17.51142,2015-09-30,2015.0,,3000.0,,
GLOF-Iceland-544,Iceland,Iceland,K tlukatlar,ice volc,subglacial,63.63,-19.15,,,,,,
GLOF-Iceland-545,Iceland,Iceland,K tlukatlar,ice volc,subglacial,63.63,-19.15,,,,,,
GLOF-Iceland-546,Iceland,Iceland,Gr msv tn,ice volc,subglacial,64.41522,-17.28979,2015-05-13,2015.0,,,,
GLOF-Iceland-547,Iceland,Iceland,Western Skaft r cauldron,ice volc,subglacial,64.49656,-17.61414,2015-06-15,2015.0,,210.0,,
GLOF-Iceland-548,Iceland,Iceland,Cauldrons 1 and 2 in M rdalsj kull,ice volc,subglacial,63.66222,-19.2476,2015-07-21,2015.0,,,,
GLOF-Iceland-549,Iceland,Iceland,Eastern Skaft r cauldron,ice volc,subglacial,64.486,-17.51142,2015-09-28,2015.0,,,,
GLOF-Iceland-550,Iceland,Iceland,K tlukatlar,ice volc,subglacial,63.63,-19.15,,,,,,
GLOF-Iceland-551,Iceland,Iceland,K tlukatlar,ice volc,subglacial,63.63,-19.15,,,,,,
GLOF-Iceland-552,Iceland,Iceland,K tlukatlar,ice volc,subglacial,63.63,-19.15,,,,,,
GLOF-Iceland-553,Iceland,Iceland,K tlukatlar,ice volc,subglacial,63.63,-19.15,,,,,,
GLOF-Iceland-554,Iceland,Iceland,K tlukatlar,ice volc,subglacial,63.63,-19.15,,,,,,
GLOF-Iceland-555,Iceland,Iceland,Cauldrons 1 and 2 in M rdalsj kull,ice volc,subglacial,63.66222,-19.2476,2016-07-09,2016.0,,,,
GLOF-Iceland-556,Iceland,Iceland,K tlukatlar,ice volc,subglacial,63.63,-19.15,,,,,,
GLOF-Iceland-557,Iceland,Iceland,Gr msv tn,ice volc,subglacial,64.41522,-17.28979,,,,,,
GLOF-Iceland-558,Iceland,Iceland,Western Skaft r cauldron,ice volc,subglacial,64.49656,-17.61414,2016-09-06,2016.0,,330.0,,
GLOF-Iceland-559,Iceland,Iceland,K tlukatlar,ice volc,subglacial,63.63,-19.15,,,,,,
GLOF-Iceland-560,Iceland,Iceland,K tlukatlar,ice volc,subglacial,63.63,-19.15,,,,,,
GLOF-Iceland-561,Iceland,Iceland,K tlukatlar,ice volc,subglacial,63.63,-19.15,,,,,,
GLOF-Iceland-562,Iceland,Iceland,Cauldrons 10 and 11 in M rdalsj kull,ice volc,subglacial,63.63525,-19.05598,2017-07-29,2017.0,,,,
GLOF-Iceland-563,Iceland,Iceland,Marginal lake by Hafrafell,ice,subglacial,64.695804,-20.476799,2017-07-31,2017.0,,,,
GLOF-Iceland-564,Iceland,Iceland,K tlukatlar,ice volc,subglacial,63.63,-19.15,,,,,,
GLOF-Iceland-565,Iceland,Iceland,Cauldrons 1 and 2 in M rdalsj kull,ice volc,subglacial,63.66222,-19.2476,2017-08-01,2017.0,,,,
GLOF-Iceland-566,Iceland,Iceland,K tlukatlar,ice volc,subglacial,63.63,-19.15,,,,,,
GLOF-Iceland-567,Iceland,Iceland,Cauldron close to the glacier edger,ice volc,subglacial,64.72396,-19.12248,,,,,,
GLOF-Iceland-568,Iceland,Iceland,K tlukatlar,ice volc,subglacial,63.63,-19.15,,,,,,
GLOF-Iceland-569,Iceland,Iceland,K tlukatlar,ice volc,subglacial,63.63,-19.15,2017-11-24,2017.0,,,,
GLOF-Iceland-570,Iceland,Iceland,K tlukatlar,ice volc,subglacial,63.63,-19.15,,,,,,
GLOF-Iceland-571,Iceland,Iceland,Gr msv tn,ice volc,subglacial,64.41522,-17.28979,2018-06-06,2018.0,,,,
GLOF-Iceland-572,Iceland,Iceland,K tlukatlar,ice volc,subglacial,63.63,-19.15,,,,,,
GLOF-Iceland-573,Iceland,Iceland,K tlukatlar,ice volc,subglacial,63.63,-19.15,,,,,,
GLOF-Iceland-574,Iceland,Iceland,Western Skaft r cauldron,ice volc,subglacial,64.49656,-17.61414,2018-08-04,2018.0,,,,
GLOF-Iceland-575,Iceland,Iceland,Eastern Skaft r cauldron,ice volc,subglacial,64.486,-17.51142,2018-08-03,2018.0,,,,
GLOF-Iceland-576,Iceland,Iceland,Cauldrons 1 and 2 in M rdalsj kull,ice volc,subglacial,63.66222,-19.2476,2018-08-07,2018.0,,,,
GLOF-Iceland-577,Iceland,Iceland,unknown,volc,unknown,64.709897,-16.630925,2018-08-30,2018.0,,,,
GLOF-Iceland-578,Iceland,Iceland,K tlukatlar,ice volc,subglacial,63.63,-19.15,,,,,,
GLOF-Iceland-579,Iceland,Iceland,K tlukatlar,ice volc,subglacial,63.63,-19.15,2018-11-22,2018.0,,,,
GLOF-Iceland-580,Iceland,Iceland,K tlukatlar,ice volc,subglacial,63.63,-19.15,,,,,,
GLOF-Iceland-581,Iceland,Iceland,Galtarl n,ice,subglacial,64.67116,-16.69906,,,,,,
GLOF-Iceland-582,Iceland,Iceland,K tlukatlar,ice volc,subglacial,63.63,-19.15,,,,,,
GLOF-Iceland-583,Iceland,Iceland,Cauldrons 1 and 2 in M rdalsj kull,ice volc,subglacial,63.66222,-19.2476,2019-07-14,2019.0,,,,
GLOF-Iceland-584,Iceland,Iceland,Proglacial lake by Innsta Jarlhettu,bedrock,overtopping,64.54826,-20.05904,2019-08-07,2019.0,,,,
GLOF-Iceland-585,Iceland,Iceland,Western Skaft r cauldron,ice volc,subglacial,64.49656,-17.61414,2019-09-15,2019.0,,,,
GLOF-Iceland-586,Iceland,Iceland,Marginal lake by Hafrafell,ice,subglacial,64.695804,-20.476799,2020-08-18,2020.0,,260.0,,
GLOF-Iceland-587,Iceland,Iceland,Western Skaft r cauldron,ice volc,subglacial,64.49656,-17.61414,2021-09-01,2021.0,,610.0,,
GLOF-Iceland-588,Iceland,Iceland,"Gj n psvatn, M lavatn, Efstafellsvatn and another lake",ice,subglacial,64.45494,-15.45695,,,,,,
GLOF-Iceland-589,Iceland,Iceland,L n Ve ur rfj llum dalverpi framan vi Fauska,ice,subglacial,64.145106,-16.250904,,,,,,
GLOF-Iceland-590,Iceland,Iceland,Lake in front part of Ve ur rdalur,ice,subglacial,64.138214,-16.212945,,,,,,
GLOF-Greenland-1,Greenland,Greenland,Iluliallup Tasersua,ice,,65.77412,-51.815633,,,,,,
GLOF-Greenland-2,Greenland,Greenland,Imaersartoq,ice,,61.954559,-48.454648,,,,,,
GLOF-Greenland-3,Greenland,Greenland,North Midtern s temporary lake,ice,tunnelling,61.676943,-47.965525,,,,,,
GLOF-Greenland-4,Greenland,Greenland,Imaersartoq,ice,,61.954559,-48.454648,,,,,,
GLOF-Greenland-5,Greenland,Greenland,North Midtern s temporary lake,ice,tunnelling,61.676943,-47.965525,,,,,,
GLOF-Greenland-6,Greenland,Greenland,Imaersartoq,ice,,61.954559,-48.454648,,,,,,
GLOF-Greenland-7,Greenland,Greenland,North Midtern s temporary lake,ice,tunnelling,61.676943,-47.965525,,,,,,
GLOF-Greenland-8,Greenland,Greenland,,ice,,67.136675,-50.074816,,,,,,
GLOF-Greenland-9,Greenland,Greenland,Imaersartoq,ice,,61.954559,-48.454648,,,,,,
GLOF-Greenland-10,Greenland,Greenland,North Midtern s temporary lake,ice,tunnelling,61.676943,-47.965525,,,,,,
GLOF-Greenland-11,Greenland,Greenland,Lake Tininnilik,ice,,68.774215,-50.422564,,,,,,
GLOF-Greenland-12,Greenland,Greenland,Lake Tininnilik,ice,,68.774215,-50.422564,,,,,,
GLOF-Greenland-13,Greenland,Greenland,Lake Tininnilik,ice,,68.774215,-50.422564,,,,,,
GLOF-Greenland-14,Greenland,Greenland,Lake Tininnilik,ice,,68.774215,-50.422564,,,,,,
GLOF-Greenland-15,Greenland,Greenland,Lake Tininnilik,ice,,68.774215,-50.422564,,,,,,
GLOF-Greenland-16,Greenland,Greenland,Imaersartoq,ice,,61.954559,-48.454648,,,,,,
GLOF-Greenland-17,Greenland,Greenland,North Midtern s temporary lake,ice,tunnelling,61.676943,-47.965525,,,,,,
GLOF-Greenland-18,Greenland,Greenland,Tordens,ice,,61.550696,-47.936479,,,,,,
GLOF-Greenland-19,Greenland,Greenland,Imaersartoq,ice,,61.954559,-48.454648,,,,,,
GLOF-Greenland-20,Greenland,Greenland,North Midtern s temporary lake,ice,tunnelling,61.676943,-47.965525,,,,,,
GLOF-Greenland-21,Greenland,Greenland,Imaersartoq,ice,,61.954559,-48.454648,,,,,,
GLOF-Greenland-22,Greenland,Greenland,North Midtern s temporary lake,ice,tunnelling,61.676943,-47.965525,,,,,,
GLOF-Greenland-23,Greenland,Greenland,Imaersartoq,ice,,61.954559,-48.454648,,,,,,
GLOF-Greenland-24,Greenland,Greenland,North Midtern s temporary lake,ice,tunnelling,61.676943,-47.965525,,,,,,
GLOF-Greenland-25,Greenland,Greenland,Imaersartoq,ice,,61.954559,-48.454648,,,,,,
GLOF-Greenland-26,Greenland,Greenland,North Midtern s temporary lake,ice,tunnelling,61.676943,-47.965525,,,,,,
GLOF-Greenland-27,Greenland,Greenland,Imaersartoq,ice,,61.954559,-48.454648,,,,,,
GLOF-Greenland-28,Greenland,Greenland,North Midtern s temporary lake,ice,tunnelling,61.676943,-47.965525,,,,,,
GLOF-Greenland-29,Greenland,Greenland,Imaersartoq,ice,,61.954559,-48.454648,,,,,,
GLOF-Greenland-30,Greenland,Greenland,North Midtern s temporary lake,ice,tunnelling,61.676943,-47.965525,,,,,,
GLOF-Greenland-31,Greenland,Greenland,,ice,,67.136675,-50.074816,,,,,,
GLOF-Greenland-32,Greenland,Greenland,Imaersartoq,ice,,61.954559,-48.454648,,,,,,
GLOF-Greenland-33,Greenland,Greenland,North Midtern s temporary lake,ice,tunnelling,61.676943,-47.965525,,,,,,
GLOF-Greenland-34,Greenland,Greenland,Base Camp Lake (inofficial name),ice,subglacial,61.443965,-45.366765,,,,,,
GLOF-Greenland-35,Greenland,Greenland,Imaersartoq,ice,,61.954559,-48.454648,,,,,,
GLOF-Greenland-36,Greenland,Greenland,North Midtern s temporary lake,ice,tunnelling,61.676943,-47.965525,,,,,,
GLOF-Greenland-37,Greenland,Greenland,Imaersartoq,ice,,61.954559,-48.454648,,,,,,
GLOF-Greenland-38,Greenland,Greenland,North Midtern s temporary lake,ice,tunnelling,61.676943,-47.965525,,,,,,
GLOF-Greenland-39,Greenland,Greenland,Imaersartoq,ice,,61.954559,-48.454648,,,,,,
GLOF-Greenland-40,Greenland,Greenland,North Midtern s temporary lake,ice,tunnelling,61.676943,-47.965525,,,,,,
GLOF-Greenland-41,Greenland,Greenland,Lake Hullet,ice,,61.389181,-45.16351,,,,,,
GLOF-Greenland-42,Greenland,Greenland,Imaersartoq,ice,,61.954559,-48.454648,,,,,,
GLOF-Greenland-43,Greenland,Greenland,North Midtern s temporary lake,ice,tunnelling,61.676943,-47.965525,,,,,,
GLOF-Greenland-44,Greenland,Greenland,Imaersartoq,ice,,61.954559,-48.454648,,,,,,
GLOF-Greenland-45,Greenland,Greenland,North Midtern s temporary lake,ice,tunnelling,61.676943,-47.965525,,,,,,
GLOF-Greenland-46,Greenland,Greenland,Imaersartoq,ice,,61.954559,-48.454648,,,,,,
GLOF-Greenland-47,Greenland,Greenland,North Midtern s temporary lake,ice,tunnelling,61.676943,-47.965525,,,,,,
GLOF-Greenland-48,Greenland,Greenland,Imaersartoq,ice,,61.954559,-48.454648,,,,,,
GLOF-Greenland-49,Greenland,Greenland,North Midtern s temporary lake,ice,tunnelling,61.676943,-47.965525,,,,,,
GLOF-Greenland-50,Greenland,Greenland,Lake Hullet,ice,,61.389181,-45.16351,,,,,,
GLOF-Greenland-51,Greenland,Greenland,Imaersartoq,ice,,61.954559,-48.454648,,,,,,
GLOF-Greenland-52,Greenland,Greenland,North Midtern s temporary lake,ice,tunnelling,61.676943,-47.965525,,,,,,
GLOF-Greenland-53,Greenland,Greenland,Imaersartoq,ice,,61.954559,-48.454648,,,,,,
GLOF-Greenland-54,Greenland,Greenland,North Midtern s temporary lake,ice,tunnelling,61.676943,-47.965525,,,,,,
GLOF-Greenland-55,Greenland,Greenland,Imaersartoq,ice,,61.954559,-48.454648,,,,,,
GLOF-Greenland-56,Greenland,Greenland,North Midtern s temporary lake,ice,tunnelling,61.676943,-47.965525,,,,,,
GLOF-Greenland-57,Greenland,Greenland,North Midtern s temporary lake,ice,tunnelling,61.676943,-47.965525,,,,,,
GLOF-Greenland-58,Greenland,Greenland,Imaersartoq,ice,,61.954559,-48.454648,,,,,,
GLOF-Greenland-59,Greenland,Greenland,Tordens,ice,,61.550696,-47.936479,,,,,,
GLOF-Greenland-60,Greenland,Greenland,Lake Hullet,ice,,61.389181,-45.16351,,,,,,
GLOF-Greenland-61,Greenland,Greenland,Imaersartoq,ice,,61.954559,-48.454648,,,,,,
GLOF-Greenland-62,Greenland,Greenland,North Midtern s temporary lake,ice,tunnelling,61.676943,-47.965525,,,,,,
GLOF-Greenland-63,Greenland,Greenland,Catalina Lake,ice,,71.08,-26.497191,,,,,,
GLOF-Greenland-64,Greenland,Greenland,North Midtern s temporary lake,ice,tunnelling,61.676943,-47.965525,1966-07-19,1966.0,,,,
GLOF-Greenland-65,Greenland,Greenland,Imaersartoq,ice,,61.954559,-48.454648,1966-08-05,1966.0,,,,
GLOF-Greenland-66,Greenland,Greenland,North Midtern s temporary lake,ice,tunnelling,61.676943,-47.965525,,,,,,
GLOF-Greenland-67,Greenland,Greenland,Tordens,ice,,61.550696,-47.936479,,,,,,
GLOF-Greenland-68,Greenland,Greenland,Imaersartoq,ice,,61.954559,-48.454648,1967-08-12,1967.0,,,,
GLOF-Greenland-69,Greenland,Greenland,,ice,,67.136675,-50.074816,,,,,,
GLOF-Greenland-70,Greenland,Greenland,Lake Hullet,ice,,61.389181,-45.16351,,,,,,
GLOF-Greenland-71,Greenland,Greenland,Imaersartoq,ice,,61.954559,-48.454648,,,,,,
GLOF-Greenland-72,Greenland,Greenland,Lake Hullet,ice,,61.389181,-45.16351,,,,,,
GLOF-Greenland-73,Greenland,Greenland,Lake Hullet,ice,,61.389181,-45.16351,,,,,,
GLOF-Greenland-74,Greenland,Greenland,,ice,overtopping or subglacial tunneling,67.136675,-50.074816,,,,,,
GLOF-Greenland-75,Greenland,Greenland,Base Camp Lake (inofficial name),ice,subglacial,61.443965,-45.366765,,,,,,
GLOF-Greenland-76,Greenland,Greenland,Lake Hullet,ice,,61.389181,-45.16351,,,,,,
GLOF-Greenland-77,Greenland,Greenland,Base Camp Lake (inofficial name),ice,subglacial,61.443965,-45.366765,,,,,,
GLOF-Greenland-78,Greenland,Greenland,Base Camp Lake (inofficial name),ice,subglacial,61.443965,-45.366765,,,,,,
GLOF-Greenland-79,Greenland,Greenland,Lake Hullet,ice,,61.389181,-45.16351,,,,,,
GLOF-Greenland-80,Greenland,Greenland,Lake Hullet,ice,,61.389181,-45.16351,,,,200.0,,
GLOF-Greenland-81,Greenland,Greenland,Base Camp Lake (inofficial name),ice,subglacial,61.443965,-45.366765,,,,,,
GLOF-Greenland-82,Greenland,Greenland,Lake Hullet,ice,,61.389181,-45.16351,,,,,,
GLOF-Greenland-83,Greenland,Greenland,,ice,,67.136675,-50.074816,,,,,,
GLOF-Greenland-84,Greenland,Greenland,Base Camp Lake (inofficial name),ice,subglacial,61.443965,-45.366765,,,,,,
GLOF-Greenland-85,Greenland,Greenland,,ice,,67.136675,-50.074816,,,,,,
GLOF-Greenland-86,Greenland,Greenland,Lake Tininnilik,ice,,68.774215,-50.422564,,,,,,
GLOF-Greenland-87,Greenland,Greenland,Lake Hullet,ice,,61.389181,-45.16351,,,,,,
GLOF-Greenland-88,Greenland,Greenland,,ice,tunnelling,67.136675,-50.074816,1984-08-19,1984.0,,1226.0,,
GLOF-Greenland-89,Greenland,Greenland,Lake 860 (inofficial name),ice,subglacial,66.006191,-50.198514,1985-08-17,1985.0,,,,
GLOF-Greenland-90,Greenland,Greenland,,ice,tunnelling,67.136675,-50.074816,1987-07-17,1987.0,,1080.0,,
GLOF-Greenland-91,Greenland,Greenland,Catalina Lake,ice,,71.08,-26.497191,,,,,,
GLOF-Greenland-92,Greenland,Greenland,,ice,,74.649167,-21.399192,1998-08-16,1998.0,,122.0,,
GLOF-Greenland-93,Greenland,Greenland,,ice,,74.649167,-21.399192,,,,142.0,,
GLOF-Greenland-94,Greenland,Greenland,Ujarattooq,ice,,64.618541,-49.869889,,,,,,
GLOF-Greenland-95,Greenland,Greenland,(Lake #3),ice,,64.748407,-49.637983,,,,,,
GLOF-Greenland-96,Greenland,Greenland,,ice,,74.649167,-21.399192,2002-06-10,2002.0,,160.0,,
GLOF-Greenland-97,Greenland,Greenland,Lake North,ice,,63.873846,-49.778361,,,,,,
GLOF-Greenland-98,Greenland,Greenland,Lake Tininnilik,ice,,68.774215,-50.422564,,,,,,
GLOF-Greenland-99,Greenland,Greenland,Catalina Lake,ice,,71.08,-26.497191,,,,600.0,,
GLOF-Greenland-100,Greenland,Greenland,Iluliartooq,ice,,64.633723,-49.64338,,,,,,
GLOF-Greenland-101,Greenland,Greenland,(Lake #3),ice,,64.748407,-49.637983,,,,,,
GLOF-Greenland-102,Greenland,Greenland,Qorlortorssup Tasia,ice,subglacial,60.939397,-44.839774,,,,675.0,,
GLOF-Greenland-103,Greenland,Greenland,Ujarattooq,ice,,64.618541,-49.869889,,,,,,
GLOF-Greenland-104,Greenland,Greenland,Isvand,ice,,64.216667,-49.633333,,,,,,
GLOF-Greenland-105,Greenland,Greenland,Lake South,ice,,63.782793,-49.807927,,,,,,
GLOF-Greenland-106,Greenland,Greenland,Ujarattooq,ice,,64.618541,-49.869889,,,,,,
GLOF-Greenland-107,Greenland,Greenland,,ice,,74.649167,-21.399192,2005-07-24,2005.0,,152.0,,
GLOF-Greenland-108,Greenland,Greenland,,ice,,69.699247,-53.293511,2006-08-11,2006.0,,,,
GLOF-Greenland-109,Greenland,Greenland,,ice,,74.649167,-21.399192,2006-08-29,2006.0,,230.0,,
GLOF-Greenland-110,Greenland,Greenland,Ujarattooq,ice,,64.618541,-49.869889,,,,,,
GLOF-Greenland-111,Greenland,Greenland,,ice,,74.649167,-21.399192,2007-07-28,2007.0,,296.0,,
GLOF-Greenland-112,Greenland,Greenland,,ice,tunnelling,67.136675,-50.074816,2007-08-31,2007.0,,540.0,,
GLOF-Greenland-113,Greenland,Greenland,Lake South,ice,,63.782793,-49.807927,,,,,,
GLOF-Greenland-114,Greenland,Greenland,Qivittup Tasia (inofficial name),ice,,66.148593,-50.905196,,,,,,
GLOF-Greenland-115,Greenland,Greenland,,ice,tunnelling,67.136675,-50.074816,2008-08-31,2008.0,,130.0,,
GLOF-Greenland-116,Greenland,Greenland,Ujarattooq,ice,,64.618541,-49.869889,,,,,,
GLOF-Greenland-117,Greenland,Greenland,(Lake #3),ice,,64.748407,-49.637983,,,,,,
GLOF-Greenland-118,Greenland,Greenland,Iluliartooq,ice,,64.633723,-49.64338,,,,,,
GLOF-Greenland-119,Greenland,Greenland,Isvand,ice,,64.216667,-49.633333,,,,,,
GLOF-Greenland-120,Greenland,Greenland,,ice,,74.649167,-21.399192,2009-08-11,2009.0,,382.0,,
GLOF-Greenland-121,Greenland,Greenland,Qivittup Tasia (inofficial name),ice,,66.148593,-50.905196,,,,,,
GLOF-Greenland-122,Greenland,Greenland,Lake Tininnilik,ice,,68.774215,-50.422564,,,,,,
GLOF-Greenland-123,Greenland,Greenland,Lake 1,ice,subglacial,67.177883,-50.189693,,,,,,
GLOF-Greenland-124,Greenland,Greenland,,ice,tunnelling,67.136675,-50.074816,2010-09-11,2010.0,,373.0,,
GLOF-Greenland-125,Greenland,Greenland,Catalina Lake,ice,,71.08,-26.497191,,,,,,
GLOF-Greenland-126,Greenland,Greenland,,ice,,74.649167,-21.399192,2011-08-06,2011.0,,130.0,,
GLOF-Greenland-127,Greenland,Greenland,,ice,tunnelling,67.136675,-50.074816,2011-08-14,2011.0,,,,
GLOF-Greenland-128,Greenland,Greenland,Annekso,ice,,61.368879,-45.04036,,,,,,
GLOF-Greenland-129,Greenland,Greenland,Lake Hullet,ice,,61.389181,-45.16351,,,,,,
GLOF-Greenland-130,Greenland,Greenland,,ice,,74.649167,-21.399192,2012-08-06,2012.0,,214.0,,
GLOF-Greenland-131,Greenland,Greenland,,ice,tunnelling,67.136675,-50.074816,2012-08-11,2012.0,,1050.0,,
GLOF-Greenland-132,Greenland,Greenland,,ice,,74.649167,-21.399192,2013-07-10,2013.0,,122.0,,
GLOF-Greenland-133,Greenland,Greenland,Lake Hullet,ice,,61.389181,-45.16351,,,,,,
GLOF-Greenland-134,Greenland,Greenland,,ice,tunnelling,67.136675,-50.074816,2013-09-15,2013.0,,,,
GLOF-Greenland-135,Greenland,Greenland,Lake 3,ice,subglacial,67.179887,-50.131521,,,,,,
GLOF-Greenland-136,Greenland,Greenland,,ice,tunnelling,67.136675,-50.074816,2014-08-03,2014.0,,,,
GLOF-Greenland-137,Greenland,Greenland,,ice,,74.649167,-21.399192,2014-08-15,2014.0,,170.0,,
GLOF-Greenland-138,Greenland,Greenland,Lake Tininnilik,ice,,68.774215,-50.422564,,,,,,
GLOF-Greenland-139,Greenland,Greenland,,ice,tunnelling,67.136675,-50.074816,2015-07-28,2015.0,,,,
GLOF-Greenland-140,Greenland,Greenland,Lake 2,ice,subglacial,67.179679,-50.149223,,,,,,
GLOF-Greenland-141,Greenland,Greenland,,ice,,74.649167,-21.399192,2015-08-01,2015.0,,142.0,,
GLOF-Greenland-142,Greenland,Greenland,Lake Hullet,ice,,61.389181,-45.16351,,,,,,
GLOF-Greenland-143,Greenland,Greenland,Iluliallup Tasersua,ice,,65.77412,-51.815633,,,,,,
GLOF-Greenland-144,Greenland,Greenland,,ice,subglacial,77.684225,-68.519434,2016-07-06,2016.0,190000.0,,166221.22476337594,
GLOF-Greenland-145,Greenland,Greenland,,ice,,74.649167,-21.399192,2016-08-07,2016.0,,184.0,,
GLOF-Greenland-146,Greenland,Greenland,,ice,tunnelling,67.136675,-50.074816,2016-09-08,2016.0,,,,
GLOF-Greenland-147,Greenland,Greenland,,ice,tunnelling,67.136675,-50.074816,2017-07-07,2017.0,,,,
GLOF-Greenland-148,Greenland,Greenland,,ice,subglacial,77.684225,-68.519434,2017-07-14,2017.0,380000.0,,284474.31725084514,
GLOF-Greenland-149,Greenland,Greenland,,ice,,74.649167,-21.399192,2017-08-06,2017.0,,120.0,,
GLOF-Greenland-150,Greenland,Greenland,,ice,tunnelling,67.136675,-50.074816,2018-09-12,2018.0,,,,
GLOF-Greenland-151,Greenland,Greenland,,ice,tunnelling,67.136675,-50.074816,2019-08-31,2019.0,,,,
GLOF-Greenland-152,Greenland,Greenland,,ice,tunnelling,67.136675,-50.074816,2020-05-31,2020.0,,,,
GLOF-Greenland-153,Greenland,Greenland,,ice,tunnelling,67.136675,-50.074816,2021-08-22,2021.0,,,,
